Client ID,Location ID,Joined Bank,Banking Employee ID,Estimated Income,Superannuation Savings,Amount of Credit Cards,Credit Card Balance,Bank Loans,Bank Deposits,Checking Accounts,Saving Accounts,Foreign Currency Account,Business Lending,Properties Owned,Risk Weighting,BRId,IAId
IND81288,34324,6/5/2019,BE01,75384.77,17677.95,1,484.54,776242.92,1485828.64,603617.88,607332.46,12249.96,1134475.3,1,2,1,1
IND65833,42205,10/12/2001,BE02,289834.31,17398.92,1,2256.88,1270615.43,641482.79,229521.37,344635.16,61162.31,2000526.1,1,3,2,2
IND47499,7314,25-01-2010,BE03,169935.23,42825.9,2,4568.74,1052715.84,1033401.59,652674.69,203054.35,79071.78,548137.58,1,3,3,3
IND72498,34594,28-03-2019,BE04,356808.11,5473.15,2,4205,121195.06,1048157.49,1048157.49,234685.02,57513.65,1148402.29,0,4,4,4
IND60181,41269,20-07-2012,BE05,130711.68,48077.6,1,3779.49,1048301.95,487782.53,446644.25,128351.45,30012.14,1674412.12,0,3,1,5
IND78532,13204,7/2/2019,BE06,118326.96,6028.2,2,5148.56,601902.5,1307269.41,745627.74,238310.37,15615.18,1556031.06,1,2,1,6
IND95683,42910,2/6/2002,BE06,57336.47,13929.16,1,959.9,208909.69,41200.18,60588.5,24639.33,3045.78,154111.62,1,1,1,7
IND40785,6127,3/11/2000,BE04,65125.8,31077.8,1,4576.58,1140704.8,156983.13,53889.73,46813.78,51979.19,1171456.68,0,2,2,8
IND13570,32656,7/4/2015,BE07,87849.47,9385.35,1,78.62,803444.46,1242347.22,328334.62,279528.12,27125.28,464560.28,0,1,2,9
IND53299,28340,20-11-1995,BE08,65369.36,27364.8,3,4836.86,60027.9,317246.67,111532.03,115869.39,48043.52,908583.94,2,1,3,10
IND76263,40459,18-10-2014,BE09,74966.51,16928.73,1,493.32,214327.82,37979.77,19335.16,52204.92,10539.79,353119.93,3,1,3,11
IND56452,25563,12/9/2005,BE10,111449.06,17480.19,2,392.59,580468.51,749007.94,204991.65,513425.24,22904.91,294397.85,0,2,3,12
IND28766,35687,17-03-2018,BE11,115637.19,10848.6,1,5055.31,815250.64,616330.93,208277.35,138738.22,6336.65,972455.46,3,1,3,13
IND17897,19554,2/1/1996,BE12,124434.78,26146,2,5211.37,984792.5,802862.97,263714.11,174051.32,68855.49,835554.83,0,2,3,14
IND86325,33368,5/6/2020,BE13,260795.34,11584.68,1,2866.34,310876.62,116399.86,69072.45,67077.02,48101.13,1136169.3,1,2,3,15
IND74197,27913,6/1/2021,BE14,78892.52,32369.71,1,4882.13,1510860.64,317542.21,134344.78,71284.16,20708.55,2283081.57,3,2,3,16
IND28503,9505,22-06-2014,BE15,257120.22,16263.99,1,8614.06,436988.44,2446251.57,1273391.23,253337.83,80698.26,1128082.14,1,3,4,17
IND56539,36232,19-01-2020,BE16,145704.55,3078.27,1,1895.06,384153.37,55118.87,25590.9,64095.37,10492.37,199617.82,3,1,4,18
IND53604,6299,31-03-2019,BE17,34404.16,19668.4,2,5384.7,1102836.16,204450.83,89694.56,35877.82,22452.06,1115542.44,3,1,3,19
IND32064,7694,9/3/2009,BE09,129060.88,17283.63,1,395.58,1000409.32,966281.34,472404.21,396819.54,37271.05,1631986.9,2,4,1,20
IND72934,38321,3/4/2020,BE02,129981.31,10242.84,2,2383.86,373846.69,38406.8,11024.17,25028.43,24422.1,441603.53,2,1,2,21
IND16101,12772,31-12-2015,BE09,123545.42,2984.52,1,2789.44,1400623.12,547459.74,324420.58,42985.73,31481.78,1255331.52,3,2,3,22
IND93121,28661,14-01-2013,BE15,308182.93,64332.66,1,4458.61,649331.84,103871.63,77431.58,133711.12,12045.07,176113.98,0,5,4,1
IND93310,8767,23-05-2021,BE18,122579.41,10312.54,1,4959.36,963017.56,1115098.09,368467.2,721419.98,11782.22,861771.26,1,2,1,2
IND71301,14954,19-09-2021,BE11,30942.07,4469.98,1,3338.64,276532.77,132960.52,108193.36,22381.69,23955.9,622223.7,0,1,1,3
IND21279,24058,20-03-2013,BE09,50651.56,8097.25,3,509.21,278071.37,302540.6,94771.75,153748.94,16732.39,430027.77,3,1,1,4
IND98618,8623,29-01-2014,BE19,502309.08,69381,2,10639.31,1469913.23,1724818.3,507299.5,1168238.27,75592.25,2143826.06,0,4,2,8
IND35589,38270,8/1/2018,BE20,87019.73,11316.5,2,1253.68,273944.56,192711.78,54150.42,73580.86,21530.91,772573.6,1,1,2,9
IND40198,29119,24-05-2005,BE21,246615.84,35332,3,5835.26,622181.88,765153.59,552072.84,308192.24,29778.58,1078308.29,0,3,3,10
IND49616,31338,22-08-2016,BE22,130023.36,15464.38,1,219.19,366887.14,447804.62,221138.08,271999.84,31010.83,787555.56,0,1,3,11
IND55475,21778,6/4/2013,BE23,82703.81,8635.67,2,8521.8,842201.38,2098819.5,990288.08,424345.83,32253.44,272858.21,3,4,3,12
IND61272,34773,10/12/2020,BE24,137256.09,18322.92,2,1050.56,1035297.66,976553.21,180073.64,471515.9,34284.83,469532.28,0,1,3,13
IND33884,29287,29-05-2021,BE25,224640.75,57090.72,3,3550.74,1091959.45,828226.52,532945.76,127330.83,61733.24,454281.87,1,3,3,14
IND53121,29278,15-02-2021,BE26,147292.91,24297.42,1,4097.62,105266.65,187826.4,35438.94,70287.24,7805.91,1112746.46,3,1,3,15
IND25680,99,25-09-2017,BE27,263248.97,47651.76,2,7069.16,693956.23,1420246.29,554930.67,235234.17,1624.19,2518271.85,3,3,3,1
IND55454,20746,28-11-2017,BE28,193690.93,11655.54,2,3610.42,50809.39,342138.31,255463.27,174627.4,4469.13,626121.9,2,2,4,2
IND96454,15809,5/3/2014,BE29,91243.05,37750.72,3,6660.85,122158.61,2137439.34,639548.78,1273038.67,12504.17,411062.27,2,3,4,3
IND14292,30376,13-12-2005,BE05,162807.39,70394.4,1,811.96,709300.71,1667444.17,517118.76,274495.08,2337.77,270162.94,2,4,3,4
IND67206,38915,13-01-2012,BE23,193729.94,44815.46,2,2062.15,66053.91,684295.05,337704.05,534461.09,47911.89,992911.86,2,3,1,5
IND90177,5659,8/11/2006,BE18,131497.09,15962.66,1,3127.86,57219.9,725666.6,233012.21,506302.25,21798.32,498564.84,0,1,2,6
IND60970,28045,23-12-2001,BE25,319205.91,49416,1,9.55,0,309361.94,360077.01,135307.81,17710.52,945483.98,3,4,3,7
IND24003,16845,28-02-2020,BE23,44088.51,32418.88,2,2795.52,1485747.33,396706.92,153723.93,55588.56,40504.26,717420.29,1,2,4,8
IND87800,20816,24-01-2008,BE22,420683.66,24472.55,1,1011.56,820479.9,1818216.16,683649.27,886562.2,14157.73,1549847.59,1,3,1,9
IND75987,30025,11/12/2006,BE10,32062.52,19653.48,1,1612.82,231528.63,140280.05,170536.53,109748.51,5492.47,352732.73,0,1,1,10
IND70083,12219,28-08-2016,BE28,92487.65,23690.51,1,2199.18,560657.25,208470.98,49811.65,134675.95,5026.45,407139.68,2,1,1,11
IND31444,33457,31-01-2020,BE18,130572.51,49441.92,1,3225.23,120782.42,370436.77,206472.95,264528.29,17000.19,854418.25,0,2,2,12
IND70450,31049,21-07-2021,BE16,54753.75,5311,1,1408.34,80386.11,11363.75,14158.11,4470.98,8745.72,390608.62,1,1,2,13
IND47520,3444,16-03-2020,BE20,180214.79,9226.35,2,587.71,791256.59,1988033,460993.16,783688.37,36763.45,1991318.1,2,2,3,14
IND69076,3711,12/11/1996,BE01,52826.78,26160.46,2,2617.61,385480.43,295345.61,277114.4,86634.71,20544.7,71268.33,2,1,3,15
IND53190,30998,2/1/2007,BE30,43622.88,19416.4,1,229.9,39047.14,192729.77,87604.44,223391.32,16286.6,237137.34,0,1,3,16
IND58356,3113,9/1/2018,BE31,142841.26,5405,1,3431.39,508939.36,527832.84,450589.01,171867.52,12316.33,542464.52,0,2,3,17
IND33691,30551,7/4/2009,BE06,90437.66,12737.4,3,2830.36,573366.17,202406.32,101203.16,80786.52,9723.87,704110,2,2,3,18
IND20398,16593,29-09-2008,BE32,32301.47,5597.4,1,1751.42,310657.96,74293.47,64447.35,14035.2,13795.28,579453.83,1,1,3,19
IND54314,24168,1/1/2007,BE33,293419.07,16443.25,1,4496.63,2183384.72,1490773.71,634781.07,281227.25,399.2,1633759.29,2,4,3,20
IND74305,25730,11/12/1999,BE34,55011.84,14206.2,1,3955.06,479936.38,1209655.58,474674.98,299657.72,43547.8,698612.48,3,1,4,21
IND37195,10528,16-04-2015,BE30,77971.46,7820.4,1,856.21,478157.92,61042.62,29222.53,25358.66,24984.35,487689.45,0,1,4,22
IND52609,30762,9/7/2005,BE29,84111.51,18940.38,1,156.67,304608.18,130415.95,61947.58,84900.78,3455.22,356683.94,3,1,1,1
IND26283,95,21-04-2006,BE21,98369.29,3050.25,1,1441.89,213195.07,376150.25,235795.68,198629.79,23821.78,312562.61,3,2,2,2
IND61913,10119,30-08-2012,BE35,243490.73,63872.76,1,5578.34,1045569.03,428657.45,214328.73,382765.89,32217.39,1105110.35,1,3,3,3
IND35876,28105,27-09-2006,BE17,72431.34,34975.16,1,5303.5,1210753.08,205810.18,127568.29,29765.93,25402.35,1532523.47,0,2,4,4
IND19011,33271,7/11/2003,BE12,456003.99,25171.2,2,7969.46,1248952.37,1050537.35,674555.56,237200.27,71113.77,1347657.84,2,4,1,8
IND86703,11172,16-02-2018,BE36,71422.04,32993.52,1,4253.34,315175.42,38234.02,33404.46,7799.74,38428.49,813247.12,2,2,1,9
IND23640,18659,2/4/2018,BE28,39077.38,14707.68,2,1305.38,1187138.91,717787.7,144670.39,242934.97,11997.93,1231614.29,0,2,1,10
IND93407,18123,16-04-2010,BE25,274099.12,26051.76,2,2461.94,563101.95,0,0,0,4870.24,520918.49,3,2,2,11
IND40136,27140,25-09-2019,BE18,260826.75,53468.1,3,270.6,804359.98,529324.3,295539.4,106261.85,46060.06,296849.18,0,3,2,12
IND76215,18521,7/1/1999,BE37,334331.81,18591.75,2,1029.3,164253.29,641260.15,500709.98,396615.01,46006.43,1094810.02,1,3,3,13
IND93216,40585,11/2/2012,BE38,61398.26,20668.94,1,550.75,360003.87,277273.4,305000.74,109324.94,2850.73,118884.97,2,1,3,14
IND54572,4749,11/4/2007,BE31,63246.3,18575.7,1,2914.18,448652.7,537205.52,362849.34,93209.87,17124.28,237993.7,0,1,3,15
IND18649,7639,24-03-2019,BE20,158091.86,33824.44,3,1080.03,207662.76,177146.44,177146.44,70553.15,17133.59,235133.69,0,2,3,1
IND51790,6517,10/9/2016,BE27,131729.85,6664.06,2,6215.34,863722.1,359436.79,161746.56,166059.8,41209.82,506592.1,2,2,3,2
IND17740,38743,18-06-2011,BE17,116926.94,18431.28,2,3828.2,1049088.92,463600.46,200893.53,58413.66,7382.34,1299697.25,1,2,3,3
IND49489,4567,9/8/1995,BE29,148224.72,27518,2,27.81,302048.92,73076.62,28675.63,52337.66,17272.56,456098.92,3,1,3,4
IND50658,36151,24-08-2021,BE39,348248.56,65026,1,3435.36,1369215.65,450525.37,124963.24,169226.54,6690.97,2698297.83,0,3,4,5
IND14798,21413,24-09-2014,BE14,19637.78,9527.23,2,78.14,24331.27,150917.77,83660.94,40993.86,17286.26,100054.72,0,1,4,6
IND60926,7197,13-12-1995,BE31,150304.49,7326.44,1,767.06,523866.09,363305.25,199374.83,224185.92,33854.22,607800.07,1,2,1,7
IND57710,27256,5/11/2003,BE15,52109.13,14277.05,1,209.68,205552.05,329191.59,116949.64,88665.16,6681.62,1148304.5,1,1,2,8
IND71795,21290,23-08-2007,BE40,156091.75,20609.04,3,382.87,707577.9,435466.02,112495.39,252896.89,35301.62,837133.63,2,1,3,9
IND98220,3957,24-01-2020,BE08,338383.13,57267.05,1,3505.86,1565513.72,730384.02,497152.15,144603.76,74778.17,884890.55,1,4,4,10
IND91662,39668,21-02-2019,BE33,198553.59,20851.74,1,5581.31,414518.57,1144704.01,696263.26,570935.88,40208.75,1522411.23,3,4,1,11
IND18901,374,5/11/2002,BE36,190119.93,47110.05,1,3525.21,527884.11,99616.37,122860.19,23741.9,6920.94,136723.47,1,2,1,12
IND49888,31302,26-01-2003,BE12,147956.79,52216.52,1,2977.86,701005.58,720211.85,302231.76,279467.92,23058.96,1504310.04,3,2,1,13
IND76081,23190,2/1/2010,BE29,91071.75,33111.54,1,8062.65,677123.94,558283.3,298923.34,147703.3,7880.76,1554534.94,0,2,2,14
IND93705,18488,28-10-2020,BE41,96545.37,23191.74,1,3386.45,1104753.03,1268890.97,630243.86,252097.54,39556.05,1941061.87,3,2,2,15
IND52847,8566,19-06-2015,BE35,63765,11354,1,2644.75,1012372.67,1568405.32,541210.29,478805.43,62053.29,1665045.85,3,2,3,16
IND24592,10123,18-09-2007,BE25,191715.4,31923.72,1,1296.45,402401.84,269460.7,316098.13,121257.32,19337.29,673780.44,0,2,3,17
IND31656,633,28-01-2012,BE38,218312.27,21480.88,2,5886.56,1757312.99,1099352.83,389770.55,402363.14,30773.91,735797.5,1,5,3,18
IND85060,8325,15-02-2006,BE39,157167.47,31498.25,1,1909.3,597244.53,262988.54,128881.8,51169.56,42714.8,836453.63,3,1,3,19
IND89139,23184,9/7/2014,BE11,101929.59,13019.3,1,1163.81,614181.3,445914.24,137911.62,373280.79,12590.02,516128.95,3,1,3,20
IND81423,24727,1/3/2009,BE28,40985.49,19729.5,3,646.13,358194.38,186144.38,114664.94,37333.12,13412.63,222160.88,1,1,3,21
IND85541,9136,12/9/2018,BE27,109218.7,6820.8,1,2767.3,587928.77,198995.43,128873.23,68530.24,13413.79,566786.3,2,1,3,22
IND59219,10186,30-10-2014,BE36,174258.52,34182.52,1,5185.78,648432.67,1125389.67,830895.18,198783.78,36318.33,452950.77,3,3,4,1
IND43444,33070,14-11-2018,BE21,74059.23,14702.6,2,1361.56,374815.99,384271.05,216865.84,124336.41,8446.4,962931.99,2,1,4,2
IND85299,2874,22-07-2019,BE21,158874.14,38794.28,1,2366.28,261364.76,127418.48,101648.45,46915.77,40839.46,334072.22,0,2,1,3
IND58136,18759,10/1/2020,BE42,71958.9,13998.9,1,2756.83,124510.61,199185.62,120782.77,81093.97,15957.53,639874.92,1,1,2,4
IND35725,29867,2/11/2012,BE33,189074.19,13258.42,1,4138.78,291504.55,247346.43,81405.16,162184.12,11482.62,358381.36,3,3,3,8
IND15648,12708,6/1/2005,BE10,74408.69,28689.62,2,494.76,24949.1,188138.63,218375.19,61145.05,12141.52,326434.35,2,1,4,9
IND48116,2134,6/6/2019,BE02,447928.06,42888.81,1,3074.93,841124.62,611852.17,222491.7,457697.21,33497.73,347546.25,3,5,1,10
IND28531,449,20-08-2001,BE26,309939.21,51303.6,2,10999.17,1198037.84,1457194.61,691706.3,145258.32,44952.26,3619311.37,3,4,1,11
IND45135,27123,22-02-2011,BE21,151227.36,25749.75,1,397.4,455965.07,212193.82,276609.8,79800.03,13699.11,796820.24,2,2,1,12
IND72586,31328,8/11/2016,BE24,401412.67,48428.15,2,3172.65,1511484.73,827446.85,498247.56,399309.83,51370.22,155806.11,3,5,2,13
IND80929,12694,20-10-2021,BE11,263452.26,17416.8,1,3107.16,0,687595.13,297957.89,507980,16429.39,980875.66,2,2,2,14
IND40714,40567,10/5/2004,BE43,404760.25,41342.34,2,4733.35,1022752.85,425498.09,212749.04,145323.96,64179.71,477400.93,0,3,3,15
IND48405,5800,19-12-2004,BE27,122608.89,31945.22,1,226.91,248995.76,167320.36,182304.28,54616.36,24666.31,166961.63,2,2,3,1
IND52634,25890,10/12/2008,BE06,72688.95,5604.02,1,2577.26,44247.13,47024.48,16596.87,24784.67,24564.97,362233.8,1,1,3,2
IND18163,31222,18-05-2020,BE17,96295.61,23986.83,1,1323.88,311472.63,193153.03,136197.65,60174.6,21291.85,396610.18,2,2,3,3
IND94008,32556,14-12-1996,BE39,127182.69,10617.09,3,3142.39,92065.37,781027.69,183771.22,567065.49,24086.65,613018.84,2,1,3,4
IND53034,28065,19-05-1996,BE44,86309.17,19088.42,1,954.95,184129.95,136811.36,39799.67,71888.15,11832.68,506381.3,2,1,3,5
IND91806,18610,4/4/2021,BE04,39039.16,35780.3,1,1286.88,429795.64,217684.78,110466.9,253034.18,13282.16,83301.84,2,2,3,6
IND25702,15463,6/12/2015,BE22,302021.94,5907.2,3,825.52,1259346.41,462110.27,75017.9,137282.76,23172.43,2366879.7,1,2,4,7
IND67912,29994,21-08-2003,BE01,274381.44,26955.98,1,4251.72,665570.32,1124343.31,488444.23,424485.68,47412.87,1827431.05,2,2,4,8
IND76171,22631,17-06-1996,BE09,122710.9,20009.16,1,4783.55,763332.61,129332.34,48804.66,76867.33,14130.27,334266.15,2,2,1,9
IND34798,41743,14-02-2020,BE18,120617.67,15025.68,1,1932.43,575222.32,588831.44,455869.5,122324.98,16839.35,970188.11,2,1,2,10
IND93920,23157,11/11/2016,BE34,108847.47,7393.47,1,2935.23,129402.67,257681.31,177419.92,294010.15,18533.78,640916.4,3,2,3,11
IND18628,3323,29-01-2021,BE26,93309.6,22124.7,2,937.31,695931.26,858197.4,319474.94,168820.58,30101.04,935708.81,3,1,4,12
IND42134,37517,27-11-2006,BE41,131076.39,13731.44,1,6092.06,256672.86,325915.34,109714.07,159730.79,53942.1,1750716.49,2,3,1,13
IND92265,29835,21-04-2001,BE28,83441.32,2173.28,1,862.35,322636.11,198962.55,37398.97,133514.34,1917.33,432785.25,1,1,1,14
IND77317,14844,4/8/2021,BE17,359386.37,4756.08,1,2420.87,1546378.41,1190649.75,872458.87,163201.13,75357.4,168061.17,2,3,1,15
IND60176,41105,31-07-2011,BE30,113118.57,12160.5,2,1536.54,641964.66,1029868.13,340871.85,349792.54,6328.91,433718.35,3,1,2,16
IND51597,26593,10/7/2008,BE45,110102.32,12255.54,1,1513.51,37756.8,136175.35,151887.89,91289.86,5837.49,469924.54,1,2,2,17
IND33238,26406,7/8/2004,BE01,343198.66,27522.88,1,4049.93,140800.99,758995.41,582243.06,306509.38,11408.94,637394.98,0,3,3,18
IND18364,14468,4/6/2021,BE36,139310.32,37632.9,3,2109.05,252780.62,94179.54,113664.97,26792.46,10164.28,303349.11,2,2,3,19
IND92467,41694,30-01-2017,BE02,89269.83,18376.2,3,329.22,32037.08,199933.91,199933.91,152113.65,1727.52,154043.36,3,1,3,20
IND60476,37286,8/3/2011,BE16,75161.91,13911.24,2,2286.76,557461.27,25563.15,16645.77,11901.73,18131.52,491968.85,3,1,3,21
IND61025,11151,10/8/2000,BE13,124589.37,23297.54,1,468.2,124046.99,346256.75,400359.37,129413.46,22425.85,717391.36,0,2,3,22
IND55955,20600,14-04-1999,BE16,435632.17,37078.86,1,3008.92,424214.25,71187.94,76882.97,56978.82,10069.15,961426.38,0,4,3,1
IND75964,22925,10/9/2018,BE31,88221.82,12126.95,1,5284.59,918742.14,542037,348097.16,156643.72,15380.77,1451850.52,3,2,3,2
IND17939,18807,17-04-2001,BE03,48788.15,30341.94,1,872.32,1099020.48,1385972,511219.18,337404.66,53970.25,536373.73,1,2,4,3
IND49363,41568,23-08-2021,BE31,324199.84,27648.39,1,365.06,557907.89,507996.38,369451.91,74814.01,12758.36,359677.7,3,3,4,4
IND93355,15256,7/8/2003,BE30,282658.49,30651.24,1,10127.28,436116.47,989380.39,512232.4,227346.98,57308.34,588222.31,1,2,1,8
IND65845,8942,1/1/1999,BE44,274736.56,45424.8,2,641.87,702014.71,147575.13,105053.48,139270.9,30227.92,865724.13,0,2,2,9
IND26284,31544,7/6/2005,BE15,147339.86,27029.67,1,3638.15,245108.44,149314.45,121975.18,53879.38,4424.42,959192.19,0,2,3,10
IND24774,15098,1/11/2021,BE24,81683.44,23580.9,2,2171.31,418824.88,959454.45,644753.39,73686.1,37787.75,742030.19,1,1,4,11
IND12731,26908,4/1/2002,BE17,76005.3,40640.6,2,5570.9,495739.92,606032.72,399981.6,103025.56,30266.72,172313.94,0,2,1,12
IND93115,14612,15-12-2003,BE12,206026.56,3094.2,2,2470.82,818737.34,630729.9,411037.46,357177.38,23541.92,256471.12,3,2,1,13
IND85411,33602,29-10-1996,BE37,288440.81,5937.12,1,1909.77,397326.42,265216,168773.82,263367.53,15874,654569.82,2,2,1,14
IND58620,5929,23-09-2006,BE46,57825.32,47025.14,2,3151.39,627597.93,972403.54,395038.94,328186.19,73866.7,1634407.3,2,2,2,15
IND86466,30879,10/12/2002,BE24,412837.04,62194.6,1,7104.71,927808.29,1251565.58,441729.03,428967.97,104897.64,958339.06,0,5,2,1
IND67594,40787,3/11/2016,BE47,130272.52,20605.37,3,1928.39,230291.87,124809.29,82050.55,32508.2,34351.1,985553.24,0,1,3,2
IND34060,25142,22-12-1999,BE32,360800.21,18238.48,1,526.42,338782.79,34504.45,45616.05,8748.93,27404.41,520344.88,2,3,3,3
IND93556,5443,14-05-2015,BE32,35234.55,15378.9,3,3792.07,144620.71,441638.95,115353.46,257073.42,23225.95,387030.32,0,1,3,4
IND98512,34042,17-08-2011,BE26,95828.94,9459.79,2,1871.16,312519.52,267545.78,93925.65,236464.93,2184.53,824674.14,0,1,3,5
IND52571,37025,25-02-2003,BE28,146788.5,39834.5,1,2397.24,122986.19,640602.91,367870.98,223767.04,27457.36,1002791.63,3,2,3,6
IND37643,30085,13-10-2010,BE37,70386.82,49752.78,1,4733.41,1229595.68,325521.19,190930.7,86670.02,39190.01,1637999.56,3,2,3,7
IND54218,20483,23-07-2020,BE48,54632.7,6161.4,1,833.75,60365.86,90680.46,34781.55,76916.9,6030.41,412083.07,3,1,3,8
IND61793,40266,7/9/2020,BE21,390608.46,51660,2,6590.61,1303392.78,81313.25,54839.17,36534.23,35486.35,1703047.68,2,4,4,9
IND36608,5278,28-11-2016,BE01,209330.69,12650.79,1,2424.38,469557.5,185097.77,157333.1,105814.22,62.59,187166.54,2,2,4,10
IND48488,1920,19-07-2005,BE48,112683.73,5161.2,2,5247.15,832861.83,1070053.58,716470.66,173348.68,26418.79,1165504.97,1,2,1,11
IND67225,8973,21-12-2020,BE05,231396.28,40382.64,2,757.41,113522.57,569570.56,577946.6,251867.45,6840.2,1228111.17,1,2,2,12
IND82919,26692,28-06-2015,BE33,49986.85,19271.46,1,3557.99,181563.18,94786.29,28061.73,38070.41,14690.77,191065.76,2,1,3,13
IND77016,27671,13-03-2013,BE34,179434.37,4757.76,3,3449.09,391545.22,224823.63,284776.6,95325.22,9890.3,730708.22,0,2,4,14
IND75034,569,30-05-2011,BE23,111485.6,15780.76,2,1768.32,109518.69,386551.75,206941.85,190855.05,42470.6,810263.16,1,2,1,15
IND90860,43235,20-01-2000,BE14,131121.99,33075.99,1,4267.35,738628.08,628660.2,487211.65,352364.04,10644.07,968501.52,1,2,1,16
IND73867,17602,25-09-2019,BE35,224722.41,19388.05,2,690.58,1398446.98,378083.17,191631.2,69349.78,75949.35,1531982.67,1,2,1,17
IND27930,1542,26-06-1995,BE15,82651.24,9350.64,1,1039.59,172491.89,780674.58,223049.88,229271.8,2813.19,285502.46,2,1,2,18
IND35620,33139,30-08-2019,BE15,21090.76,4114.32,2,1386.56,149157.79,60794.5,27357.52,34044.92,19680.19,427414.18,2,1,2,19
IND91353,7074,21-06-2007,BE18,337249.36,19296.7,1,2617.08,484229.73,678377.59,196948.33,413153.83,52707.38,1545597.19,1,4,3,20
IND97689,39015,21-06-2018,BE39,107655.52,38404.02,1,1045.18,624915.32,405753.4,171664.9,428694.08,1194.27,655845.68,0,2,3,21
IND77331,35870,23-10-2005,BE49,224839.07,4873.51,2,3693.38,816590.42,469279.74,373833.02,446849.76,25010.46,490030.51,0,3,3,22
IND71401,35626,20-03-2015,BE31,84089.47,8018.4,1,1815.03,237269.07,28379.41,33734.01,20010.16,602.74,243516.78,2,1,3,1
IND66104,41002,8/9/2002,BE10,246327.38,28068,1,2661.56,878592.94,74747.86,46607.49,39677.92,48436.61,462837.75,0,3,3,2
IND36471,40756,4/1/2012,BE43,157380.5,4309.76,1,691.74,1017636.33,1236148.34,658677.58,170534.33,46020.33,1144712.1,2,2,3,3
IND81572,34514,21-06-2012,BE09,94278.19,19980.75,2,628.53,135261.87,908877.7,376851.73,797373.92,24220.55,1013471.42,2,3,3,4
IND94055,38941,29-11-2012,BE41,439472.87,36385.95,2,917.32,858150.92,329460.18,173400.1,312120.17,16741.09,535785.29,0,4,4,8
IND88778,785,25-01-2018,BE43,309468.8,24993.15,1,1974.36,801630.51,822290.12,590771.54,240779.32,60404.97,1488976.7,1,2,4,9
IND68221,2845,15-12-2001,BE49,384142.67,34698.56,1,4193.47,572900.89,270551.98,145681.83,197156.08,47953.37,193773.28,1,3,1,10
IND58681,27591,6/11/1995,BE21,107365.62,14408.16,3,2695.4,172396.97,137641.66,74358.14,75465.6,9218.44,402594.38,2,1,2,11
IND54970,42186,22-08-2018,BE27,128148.71,12681.24,1,1332.05,121833.56,34050.76,46031.58,14641.83,12705.66,383125.01,3,1,3,12
IND26450,11094,24-06-2003,BE38,208965.85,53907.62,1,5767.77,511241.45,557088.29,432689.93,67066.94,39350.76,227001.45,1,3,4,13
IND28733,9369,9/6/2017,BE36,50054.16,4521.9,3,389.45,276227.71,91304.24,39311.55,55999.93,11444.98,43473.89,2,1,1,14
IND91334,36619,3/10/2013,BE38,29125.26,28117.39,2,4248.3,723573.68,285173.39,151436.9,53376.59,24406.01,406859.75,2,1,1,15
IND61397,26887,28-04-2021,BE42,60970.29,18932.48,2,707.11,196012.67,502813.34,306060.29,120675.2,23474.77,293613.77,1,1,1,1
IND65691,32480,11/5/2004,BE08,133180.88,27623.46,1,4027.35,510992.7,691698.96,145620.83,359475.43,15138.47,670259.88,2,1,2,2
IND19666,29591,2/7/2019,BE10,71186.04,13756.86,2,4363.01,1267067.32,453483.46,241658.95,31743.84,73828.5,752241.86,2,3,2,3
IND76794,37248,18-04-2000,BE11,111956.47,24675.67,1,1971.89,556782.54,258024.28,246023.15,56705.34,17993.57,567031.76,1,1,3,4
IND77195,25436,17-09-2011,BE30,175192.75,50740.24,1,2620.99,777960.39,1118146.53,396433.77,657266.86,11312,1117329.49,3,2,3,5
IND36167,3002,3/9/2018,BE10,148469.07,43771.52,1,513.37,96667.9,253711.48,284331.83,107171.23,26628.77,716626.1,3,2,3,6
IND76489,13507,19-04-2002,BE27,288372.7,7674.8,1,4381.44,1369221,297694.66,64500.51,192757.29,63160.44,1068170.04,3,2,3,7
IND23438,19568,8/11/2008,BE15,266530.81,21990.3,1,447.05,467686.8,834515.64,219609.38,388708.6,9180.93,985045.41,2,2,3,8
IND82705,26899,6/9/2012,BE23,78054.21,18705,1,2462.62,443193.19,698949.39,143374.23,335137.27,38769.59,768206.09,0,1,3,9
IND67912,34075,27-04-2021,BE48,189555.93,22685.02,2,1723.34,457331.9,64132.44,28963.04,72986.86,41997.15,1220064.99,3,5,3,10
IND33202,41599,5/3/2019,BE25,58989.7,11962.08,1,1451.77,238669.58,840089.65,154753.36,266617.93,34111.49,0,0,1,4,11
IND19321,15899,14-04-2021,BE10,192727.18,19953.7,1,4306.71,703469.39,1110950.29,498986.15,243373.43,35074.14,1713942.8,3,2,4,12
IND81583,23770,20-01-2019,BE42,258577.76,37668.72,1,1672.26,372833.03,502106.34,222524.4,379375.57,40969.1,479087.54,1,2,1,13
IND46105,9970,26-05-2015,BE45,456100.04,57323.63,1,2551.95,348975.03,461512.76,363616.12,265160.06,28117.69,1345870.73,3,4,2,14
IND21098,8380,12/11/1996,BE41,238781.13,38376.42,1,4957.84,916634.56,1211730.47,976443,113996.78,12450.75,285914.61,2,2,3,15
IND47710,9302,2/8/2002,BE28,339802.57,59287.13,1,5457.24,389702.54,254722.43,265049.01,63336.39,36141.73,1023580.23,0,3,4,16
IND42043,26207,15-07-2003,BE04,138500.69,31907.84,1,3299.68,777274.72,2426964.89,439887.39,807724.25,101659.01,1868307.68,0,3,1,17
IND49707,22194,22-12-2012,BE49,385028.64,30937.6,2,3364.86,926133.76,436763.03,252503.63,352549.66,3252.22,225850.88,1,3,1,18
IND27394,10683,21-11-2019,BE10,147230.17,19263.88,1,116.05,431461.64,86604.91,53923.81,67878.64,17677.45,504046.5,0,2,1,19
IND86832,26420,28-05-2020,BE25,131962.8,10259.67,1,4450.75,547003.72,561714.63,236175.47,458435.74,11136.97,973558.95,0,2,2,20
IND34869,362,20-03-2004,BE24,173052.06,35318.52,3,5.74,85486.26,289060.89,152413.93,76154.41,11728.35,980616.85,0,2,2,21
IND24876,34051,3/5/2007,BE03,144729.34,30974.79,1,9300.76,546156.31,399326.74,128730.33,80390.78,55348.32,1594072.17,1,2,3,22
IND87901,9512,6/2/2001,BE28,259866.83,29786.74,1,1128.64,442798.14,968239.86,746166.5,163445.99,41568.05,372524.68,2,2,3,1
IND56584,24308,23-09-2008,BE42,277568.27,5312.5,1,3295.41,1238071.92,389773.14,287201.26,108315.91,46840.65,906190.23,2,4,3,2
IND43476,34405,8/11/1996,BE27,105030.5,3942.88,2,3290.86,520453.41,887296.88,184853.52,327806.9,4826.85,718061.56,3,1,3,3
IND92423,33113,31-05-2011,BE09,46666.15,18698.85,1,4987.8,892919.79,1138431.29,468290.88,403537.56,15969.1,185979.56,1,2,3,4
IND64291,23179,27-01-1995,BE34,36972.06,9079.68,1,3727.74,117948.4,1192095.13,509524.53,424731.96,32780.04,986870.17,1,2,3,8
IND49463,4961,20-01-2015,BE18,26263.14,6226.56,1,3576.77,210488.51,272517.77,144644.05,53287.71,3155.36,141708.74,0,1,3,9
IND58198,38329,6/9/2021,BE23,150128.79,4140.92,2,623.39,700025.06,143853.26,75522.96,12802.94,30303.33,1708598.98,2,2,4,10
IND90041,21056,18-09-2013,BE22,287122.28,15789.44,1,397.56,250880.72,553397.32,394375.1,282805.11,13139.92,1021626.66,0,2,4,11
IND55402,27682,25-04-2020,BE27,63251.04,19842.94,3,2199.7,495320.34,433211.84,166619.94,217439.02,22191.46,309608,0,1,3,12
IND58643,10565,18-01-2009,BE17,341966.25,61537.71,1,3460.56,621046.15,149507.53,97573.33,53822.71,60734.53,2075443.99,2,4,1,13
IND17528,18394,17-05-2006,BE26,156213.39,20226.48,1,2675.34,1646375.26,1628718.42,1025964.36,138505.19,82576.78,1658464.35,0,2,2,14
IND98400,14336,5/6/2021,BE07,94158.33,48129.6,2,95.99,390594.19,370924.28,241907.14,366623.71,3489.44,962024.52,1,3,3,15
IND43327,41415,28-08-2009,BE38,38120.11,22574.57,1,1946.76,69403.24,435733.32,317722.21,103486.66,15585.68,738313.44,3,1,4,1
IND77723,42859,5/10/2002,BE49,91644.67,10116.64,1,1128.11,240786,310811.18,141277.81,149754.48,22730,1430955.43,2,2,1,2
IND33585,15462,9/7/2003,BE49,247618.12,32999.38,2,9685.54,1703777.63,2568583.27,1394373.78,299423.42,55777.32,1146609.81,3,2,1,3
IND27105,12342,27-04-2018,BE28,37071.94,28886.88,2,1109.81,356463.1,508775.28,300639.94,100367.49,38155.17,1166359.17,3,2,1,4
IND86081,3869,23-02-1996,BE22,502742.17,51208.12,2,3210.86,1099619.74,397889.37,258422.99,171502.63,38996.1,601702.48,3,5,2,5
IND47439,36707,8/4/2020,BE43,127957.23,5475.55,1,953.95,399714.66,615891.1,296324.97,227763.5,19165.86,615109.81,1,1,2,6
IND27269,10806,2/12/2018,BE17,137103.46,50526.44,1,396.71,952802.25,274935.74,102642.68,163641.75,48305.74,172356.94,2,2,3,7
IND97061,19756,15-03-2009,BE44,84376.77,20749.74,3,2511.63,619021.39,223021.79,111510.9,95313.47,15177.64,171393.63,2,1,3,8
IND94872,12131,31-01-2001,BE31,59749.61,7175.54,1,848.89,582923.56,410333.54,232785.37,195736.99,35640.32,894663.64,1,1,3,9
IND86593,17988,12/11/2020,BE06,93315.7,30058.95,1,4268.59,458715.34,0,0,0,37508.14,1534082.33,2,2,3,10
IND84908,16234,23-05-2008,BE40,143176.05,19395.6,1,2916.55,865089.01,636679.19,236603.75,216815.07,20589.88,1636903.21,3,2,3,11
IND32885,36391,29-06-2010,BE48,282572.6,14326.61,1,4963.57,126525.55,238663.83,70812.34,128275.25,646.28,549063.51,2,2,3,12
IND70495,4421,3/12/2012,BE40,85918.91,8139.74,1,4196.21,173599.5,448356.37,162056.52,378131.88,34870.87,383001.13,1,2,3,13
IND45220,12117,27-01-2005,BE45,61641.57,4504.64,2,2050.56,62056.98,211125.77,185378.73,56231.55,1865.27,452009.85,2,1,4,14
IND49684,1582,29-01-2008,BE38,69503.13,28797.84,3,444.55,246308.75,247751.56,161413.9,175453.15,8059.39,262550.14,3,1,4,15
IND26273,14496,25-12-2017,BE20,42693.61,8208.36,1,1582.8,551527.19,622135.23,276504.54,182723.42,33443.8,227747.76,2,1,3,16
IND99234,18276,23-12-2004,BE31,172604.84,57941.64,1,813.96,291661.48,550490.75,595125.13,185976.6,51923.88,940840.4,3,4,1,17
IND41611,6773,30-06-2019,BE20,216551.65,6291.81,1,5461.91,117004.83,1510274.84,357696.67,725329.36,9582.94,1064518.19,0,2,2,18
IND96915,6529,25-11-1999,BE03,140652.04,19839.64,1,2813.37,70599.97,346514.66,269511.4,142071.01,2319.73,149810.53,2,2,3,19
IND59595,386,12/10/2020,BE36,61720.63,6251.31,2,3899.15,218864.95,606812.23,280702.25,118885.66,17230.62,612629.04,1,1,4,20
IND20812,25885,25-04-2009,BE45,45492.89,25014.99,1,3284.7,938754.7,972009.25,368042.34,328123.9,24629.22,473930.91,3,2,1,21
IND59202,12207,18-02-2009,BE32,363577.73,51434.35,1,5129.75,731052.74,508649.83,322383.7,354622.06,35455.63,614125.22,1,4,1,22
IND19395,3028,14-07-2002,BE39,40912.44,26186.4,1,4062.15,90456.75,424422,122233.54,119517.24,31105.8,737636.85,2,1,1,1
IND38441,26699,19-01-2001,BE03,204136.69,38722.25,1,7.11,898207.28,609009.52,309118.47,109621.71,23720.1,1132529.34,2,2,2,2
IND80195,40474,19-02-2006,BE44,52754.1,21393.4,2,2723.07,561273.75,620849.97,336732.19,204564.8,5815.51,290928.85,0,1,2,3
IND90057,2290,4/8/2014,BE12,125007.58,29763.12,2,7798.24,1361520.44,1503846.78,541827.15,659812.78,49406,294040.11,0,2,3,4
IND21309,28807,22-03-2005,BE04,66270.49,3225.47,1,1723.47,227862,84598.86,68184.16,33107.2,2786.28,376337.63,0,1,3,8
IND33489,15485,17-04-2021,BE49,59368.37,30367.35,2,587.97,730796.04,578948.64,254070.99,110458.4,16932.91,766071.12,2,2,3,9
IND27091,16697,1/5/2011,BE44,155282.28,22415.11,1,2345.36,400838.5,223771.21,236202.95,46246.05,16386.55,157501.6,1,1,3,10
IND37844,39878,28-09-1996,BE40,273718.71,37893.28,1,4825.92,569916.36,1711330.15,460742.73,451747.28,16989.71,2918539.26,1,5,3,11
IND47299,28123,22-09-2017,BE32,30131.15,11408.21,1,10.12,205066.72,151071.08,148420.71,93293.02,7800.56,175087.49,0,1,3,12
IND19507,39107,2/10/2007,BE05,352767.12,18067.5,2,2354.69,321637.3,219305.24,227137.57,92108.2,14904.85,821211.75,0,2,3,13
IND73841,22077,13-11-2006,BE43,230627.76,33204.18,2,7191.01,1583634.29,1933423.95,378278.6,1053435.85,63161.33,1317554.38,2,2,4,14
IND79955,22689,25-03-2018,BE39,132987.89,15488.38,1,2065.57,632022.22,242511.71,189791.78,79712.55,32823.48,944514.24,3,2,4,15
IND95385,6938,22-10-2017,BE02,408054.76,66808.24,1,6233.94,1143817.65,395367.36,113521.32,336297.13,45525.06,2158734.19,2,4,3,1
IND73492,28172,9/1/2012,BE22,397666.92,41829.06,2,1042.75,483400.01,512980.16,227991.18,597988.3,26417.66,74992.06,3,3,1,2
IND38646,28972,30-08-2014,BE41,127187.15,30942.37,3,2059.75,277278.4,87108.72,59009.13,58671.94,9987.64,256403.88,0,2,2,3
IND89482,3836,2/7/2020,BE44,55548.39,7374.9,1,1919.54,244695.4,178785.1,220242.51,45084.94,4742.38,206909.32,3,1,3,4
IND27026,25472,9/11/2014,BE26,90398.53,8791.2,2,1192.51,721798.22,284911.58,398876.21,73869.8,35981.24,247714.85,1,3,4,5
IND69949,10742,23-02-2004,BE27,88518.57,7891.84,2,964.3,631312.79,490144.28,265969.76,112847.17,24846.02,110986.23,3,1,1,6
IND84825,20961,28-04-2013,BE42,235108.2,27598.14,1,6791.72,94868.88,629217.11,230905.36,387921.01,74617.93,723146.08,2,4,1,7
IND41067,2764,15-04-2020,BE21,242843.25,11390.62,1,1898.13,992141.23,1241580.58,432336.1,500401.32,16707.06,357398.23,1,2,1,8
IND98674,28106,12/1/2011,BE16,88405.39,15785.68,1,1863.76,399897.77,372862,403094.06,124959.16,1331.76,621081.35,3,1,2,9
IND97660,15429,8/11/1999,BE07,83318.53,12440.52,3,1644.11,83782.98,131201.58,64951.28,79890.07,21339.59,80882.27,3,1,2,10
IND82676,23342,6/5/2020,BE21,33648.25,7178.76,2,1240.75,703436.66,53513.77,12973.04,30324.47,38456.51,1036721.98,1,1,3,11
IND88784,501,21-12-1996,BE06,280981.59,47111.34,1,8968.02,1008926,1536138.39,485096.33,777078.13,59924.33,634311.81,2,2,3,12
IND28479,31096,22-07-1996,BE49,170220.87,29354.82,2,608.19,61733.82,773797.13,238724.65,368212.19,49762.37,1600184.18,2,3,3,13
IND23784,28705,4/1/1996,BE45,59538.68,13632.06,1,2064.66,137346.3,958605.57,262018.86,222460.4,21243.3,755052.87,2,1,3,14
IND42646,14360,3/7/2020,BE49,140111.66,21047.88,1,1892.17,353092.37,977415.21,555349.55,140688.55,37730.8,1308995.5,2,1,3,15
IND53717,32498,7/10/2006,BE45,100505.78,45279.99,3,1413.2,55287.77,61603.09,65779.57,32837.58,34740.2,279086.11,0,2,3,16
IND96295,17535,13-07-2006,BE49,407658.87,46110.6,1,288.36,413765.28,2064017.38,1358811.44,440667.71,28688.04,2065106.88,2,4,3,17
IND41811,6417,14-11-2018,BE04,218227.83,6990.74,1,1760.51,901417.14,950183.96,375654.12,270691.94,38060.19,1132352.82,1,2,4,18
IND45638,20753,30-01-2019,BE47,131425.91,19634.79,1,2478.51,191480.31,96516.79,104086.73,66426.26,709.31,723429.92,1,2,4,19
IND70297,32094,14-09-2007,BE19,177985.98,14040.98,1,1237.24,931663.01,873130.82,324048.55,576086.32,40430.27,105245.09,1,2,1,20
IND79201,16640,20-03-2019,BE09,81564.54,30304.4,2,3697.43,916379.23,369789.85,271441.49,130488.61,16668.98,344986.77,2,2,2,21
IND17019,26267,5/3/2015,BE42,241251.12,61785.9,1,6139.25,328691.19,717212.31,654456.23,128291.35,50692.09,619029.46,0,3,3,22
IND20282,7295,31-03-2005,BE45,86087.84,1974.32,2,3563.33,776495.99,1721388.65,389748.37,388016.16,52492.83,340324.49,0,1,4,1
IND30151,31777,25-02-2002,BE20,280477.31,53280,2,3296.39,425874.8,1141059.62,279108.11,352168.76,70151.91,234240.37,2,3,1,2
IND45419,20397,10/11/2005,BE16,95144.48,13554.6,1,1957.51,168791.52,311802.7,206231.71,30640.14,14935.3,646481.41,2,1,1,3
IND78162,17420,25-01-1996,BE15,236297.5,5771.52,1,1731.99,360708.1,104336.33,84773.27,25584.14,36848.64,1427206.35,3,2,1,4
IND66784,37403,6/12/2012,BE05,90635.48,18348.33,1,2289.89,780486.52,505712.98,277949.12,104848.58,25680.78,114050.25,2,1,2,8
IND97262,28330,10/3/2020,BE43,43925.33,16519.06,1,835.73,262499.18,449640.36,207958.67,435532.89,26525.81,514167.39,0,2,2,9
IND33193,41166,26-08-2020,BE47,80157.37,21503.24,1,1.17,0,502316.84,383792.64,121007.56,7429.04,467912.66,0,2,3,10
IND94106,21408,11/7/1996,BE24,70540.2,11519.95,2,1889.51,63478.93,515950.02,200062.25,391700.83,27234.16,72544.66,2,1,3,11
IND15556,10882,26-07-2008,BE16,252385.91,55804.21,1,1479.88,186590.37,2709947.02,633494.11,585630.11,108607.42,1300585.44,0,3,3,12
IND20631,32303,24-09-1999,BE15,156566.48,21752.8,1,1898.32,331846.7,281503.39,330654.77,66220.32,12985.56,0,0,1,3,13
IND13898,6641,7/3/2004,BE30,75764.58,15575.04,1,4635.32,158797.5,934525.89,455677.92,161495.34,41753.08,923993.41,3,2,3,14
IND46880,30163,20-04-2014,BE06,204271.89,44020.04,2,3318.5,172853.89,89494.09,79324.31,17675.08,50720.08,416387.71,2,2,3,15
IND57163,19694,16-04-2014,BE39,201648.22,14404.56,2,951.84,107662.16,621905.52,795223.45,197378.54,27281.8,446940.07,3,5,3,1
IND42982,41580,29-07-2003,BE36,315314.03,44429.6,1,5872.62,296790.17,213338.18,252958.13,39376.13,46508.77,1292032.49,3,5,4,2
IND51913,12618,8/6/2018,BE12,377580.78,7498.34,3,4179.45,588087.2,161814.09,184133.28,79679.49,45271.09,460631.82,3,4,4,3
IND76764,8388,1/5/2010,BE20,298532.44,58122.08,3,857.64,658958.31,934240.45,324124.24,660641.46,83982.12,2181217.36,2,5,1,4
IND82314,20653,31-08-2020,BE05,89771.99,22998.46,1,3782.39,785239.04,855645.41,312639.67,259436.08,35581.49,104237.13,1,1,2,5
IND82248,25797,29-03-2003,BE35,390543.25,24477.67,1,9028.34,154049.57,1333928.03,1006509.33,226767.77,38351.35,696843.39,0,4,3,6
IND49091,22793,28-11-2003,BE15,131274.45,19188.4,1,4158.72,332987.38,635381.9,201611.56,331559.38,71732.15,1813895.54,2,4,4,7
IND24529,13495,31-12-2021,BE05,164793.56,21262.85,1,4001.21,1925660.01,382095.46,148457.47,56949.26,113315.05,2442602.17,1,3,1,8
IND93171,39395,24-11-2018,BE38,127005.21,11175.75,2,85.58,338482.85,229651.61,254478.81,67033.44,4522.81,193570.57,2,2,1,9
IND71818,8335,21-08-1999,BE35,90051.85,30906.2,2,4230.97,187672.49,447985.61,316511.57,172133.6,30877.37,1049172.34,0,2,1,10
IND35821,13099,31-03-2014,BE47,125353.08,15580.8,1,2478.36,731631.33,207011.52,122426.17,70116.81,668.76,500477.87,3,2,2,11
IND44974,22806,30-07-2002,BE34,46485.8,28551.64,1,232.08,512394.01,225281.67,130718.99,114977.09,24084.22,667723.73,3,2,2,12
IND24341,38239,28-07-2014,BE10,54599.92,27873.12,1,2993.76,551546.35,275577.72,112855.64,89759.6,35534.52,600977.16,3,2,3,13
IND60293,29051,30-07-2018,BE44,185334.79,54576.28,2,608.72,147615.39,97134.3,107594.92,38076.65,25101.45,877758.23,0,2,3,14
IND46675,40157,18-01-2001,BE18,68488.91,13326.12,1,1398.85,345182.34,802404.79,479943.05,213274.69,28291.98,862147.51,0,2,3,15
IND17984,31814,18-02-2000,BE29,158424.74,28804.72,1,1556.18,966712.93,600275.72,240874.97,76391.78,68672.55,835554.75,1,2,3,16
IND23002,11734,5/3/2018,BE08,67064.29,13002.15,1,1024.47,540459.44,713832.78,418010.19,132798.62,6756.79,930370.48,1,1,3,17
IND70737,31110,15-06-2020,BE12,253484.85,18608.2,2,2720.34,758463.84,2677607.1,1088893.55,696177.85,18832.26,993212.76,1,2,3,18
IND17926,16964,5/3/2014,BE35,178028.67,56679.84,1,5767.57,213942.23,979092.98,617952.12,99674.88,5526.01,2005100.84,2,2,3,19
IND30891,33173,21-12-1999,BE01,276465.9,27357,2,4708.7,1051216.87,842029.37,412422.55,290414.21,10505.97,246249.05,3,2,4,20
IND51261,6314,5/3/2017,BE38,130585.85,32567.53,1,2471.93,522784.22,744629.03,342765.74,206014.03,18798.04,654281.13,3,1,4,21
IND69251,18877,3/10/2012,BE27,254376.82,30033.42,1,1431.27,390415.47,285189.07,360238.83,138691.95,5310.54,1100827.92,1,5,1,22
IND56740,19875,16-11-2020,BE31,326097.43,57977.13,2,11795.08,230977.47,2570376.88,599110.4,1173483.34,5866.62,1123859.71,0,5,2,1
IND95612,6534,22-03-2021,BE01,94054.88,33644.92,1,1816.33,229582.62,349048.33,148414.25,154240.89,33071.82,843246.12,0,4,3,2
IND35099,20679,21-03-2014,BE48,42249.87,10373.1,2,1339.38,292045.32,0,0,0,26726.49,617304.56,1,1,4,3
IND42857,9805,29-05-2007,BE16,176579.02,28374.87,1,4132.5,222865.58,323812.22,294814.11,143250.66,42386.44,401802.04,0,2,1,4
IND32603,42615,2/10/2009,BE20,284451.44,39205.8,1,4797.09,331162.91,661146.9,589671.56,203526.03,26742.68,739135.37,2,2,1,8
IND62569,5964,8/4/2014,BE45,84128.44,4384.06,1,2893.81,525364.66,225096.12,206774.34,51117.76,25570.79,531393.14,3,1,1,9
IND35181,3763,13-03-2012,BE20,251879.41,26983.64,1,4136.58,417909.05,2066780.57,935331.35,395554.65,48521.98,1168214.65,3,2,2,10
IND99256,40530,9/8/2009,BE09,149878.4,15027.66,2,845.71,185144.59,206964.23,154282.43,277520.22,11239.64,637463.74,3,2,2,11
IND65151,21348,1/4/2020,BE22,209683.64,33801.56,2,1043.25,80952.86,157298.68,124956.9,20948.66,36332.92,1027468.83,1,2,3,12
IND81182,41356,5/5/2012,BE47,80357.94,3330.9,3,3933.57,733994.51,632728.68,165264.95,334543.48,5619.96,770146.78,1,1,3,13
IND89708,37025,16-02-2006,BE38,93484.8,39737.4,1,7837.02,1333813.61,475667.32,155108.91,221805.74,53936.75,551738.63,3,2,3,14
IND63717,10341,6/7/2015,BE23,357044.23,50071.08,1,6260.83,835844.6,113708.65,81976,47228.75,15764.18,677672.74,0,3,3,15
IND71868,708,5/12/2021,BE02,409671.26,29437.18,2,4704.16,606101.48,502389.9,204795.88,116349.66,22681.41,1089105.64,0,3,3,1
IND32785,14050,13-04-2001,BE01,86761.12,20849.4,2,2760.37,1152800.59,2434167.78,753015.93,668783.22,94733.06,608463.88,0,3,3,2
IND79142,7141,17-03-2009,BE11,343318.23,26468.52,1,10939.16,771443.04,1702162.84,1002079.74,396576.49,90515.83,1587032,3,5,3,3
IND59824,12543,30-01-2020,BE13,26102.92,6053.94,1,3118.91,534231.86,1099013.67,600794.14,120012.29,29252.34,513468.32,0,1,4,4
IND37278,7071,17-08-2018,BE14,231731.4,45854.76,1,9450.66,1628140.28,663468.69,338504.43,80112.72,23323.55,2837008.29,0,3,4,5
IND34859,10258,17-06-2019,BE29,171944.38,36222.7,1,2227.87,144972.42,144974.24,96649.49,37512.09,19145.57,806753.3,0,2,1,6
IND50054,26827,10/9/2003,BE19,44716.11,22993.8,2,1565.44,327695.03,273886.12,226064.73,171113.61,13964.68,521488.61,3,1,2,7
IND62645,26133,1/2/2007,BE02,82751.25,13481.5,1,1854.19,193510.14,235512.87,53180.33,91850.02,14762.59,496955.58,2,1,3,8
IND41646,19424,29-01-2021,BE42,208878.84,23771.1,1,2633.62,754448.26,1336149.11,687439.04,210588.72,29931.91,505515.61,1,2,4,9
IND92575,41526,17-03-2011,BE44,151936.07,14982.66,2,91.72,563576.57,584228.51,179408.75,333930.3,28985.08,1044870.91,0,2,1,10
IND36120,42476,15-12-2007,BE03,39515.03,2577.4,2,2085.33,437736.34,426926.01,322465.39,92197.85,8560.84,501499.7,0,1,1,11
IND85936,8631,11/12/2007,BE09,99114.16,17043.68,3,560.63,258295.96,127718.62,100171.47,169790.64,12330.98,330177.83,3,1,1,12
IND49172,37801,22-01-2015,BE28,492748.51,45816.45,1,2956.47,592003.55,398694.71,381105.24,166220.51,25316.24,152034.65,0,5,2,13
IND34576,12878,1/10/2011,BE04,133624.84,18375.55,1,1359.27,573098.95,292189.21,180469.81,171961.94,13279.72,264524,1,2,2,14
IND75884,16449,13-09-2013,BE22,229363.28,10728.7,2,2386.75,1459530.8,156752.09,93163.98,57451.12,74635.24,2055429.68,2,4,3,15
IND41393,43140,30-09-2002,BE13,82926.45,51430.5,2,6875.06,1387659.87,0,0,0,26394.71,1720882.44,0,4,3,16
IND67868,32461,7/5/2001,BE11,142846.08,27466.8,2,1542.69,261710.5,177967.69,201307.72,88633.74,2871.27,395005.87,0,2,3,17
IND82789,5401,16-12-2010,BE41,436829.84,38715.6,2,2030.11,1200919.78,163502.98,173721.91,34029.06,57285.31,436274.5,3,3,3,18
IND77478,33467,11/1/2012,BE40,157640.31,21154.76,2,790.08,937720.91,875102.82,216967.64,536633.3,44400.56,348364.76,2,2,3,19
IND57043,19161,5/6/1999,BE45,243163.98,18336,1,758.48,425661.24,1860597.15,361782.78,818662.75,52488.81,2249791.49,3,2,3,20
IND68936,34019,12/11/2015,BE42,75434.29,20579.97,1,161.12,452704.1,92375.97,49267.19,38322.83,19550.18,799505.79,3,1,3,21
IND44846,5865,12/4/2015,BE41,317895.34,37634.02,1,1540.11,378614.22,677452.1,512928.02,354791.34,19883.67,994680.55,0,3,4,22
IND55021,27514,18-12-2020,BE38,77686.01,13902.21,1,8330.96,1316597.15,952781.82,274963.88,313458.83,26215.07,584240.31,2,2,4,1
IND30407,18184,3/6/2018,BE36,141027.44,30446.57,1,775.67,866004.94,309035.87,244511.9,61807.17,1484.08,1012817.01,2,3,1,2
IND15466,17561,20-12-2020,BE02,121206.49,24852.28,2,3497.84,542515.31,1065754.43,714682.38,280356.11,41697.7,546214.17,2,4,2,3
IND15083,37501,2/3/2007,BE30,140152.04,33774.78,1,7373.11,1208729.22,572741.07,123033.27,156634.08,1415.23,2288946.11,2,3,3,4
IND37063,40024,12/3/2015,BE14,197043.62,25437.06,3,4814.98,162005.83,834989.69,767287.82,256364.4,985.66,1541737.47,0,4,4,8
IND78066,16198,19-11-2000,BE45,96486.38,15747,3,1159.31,522574.25,390366.08,327276.61,71054.51,5956.46,166342.01,1,1,1,9
IND87900,14466,10/8/2019,BE22,17987.51,12029.58,2,464.78,197326.48,201141.12,224960.46,45653.74,3402.01,367428.04,1,1,1,10
IND47950,41420,2/5/2019,BE06,302672.57,57277.4,1,11512.75,1580709.52,205369.67,115957.02,19000.19,7278.56,3063954.52,1,5,1,11
IND84355,11844,14-04-2001,BE42,155402.53,12356.99,2,2494.44,456252.74,334449.4,162936.89,137667.38,38971.31,643943.04,0,1,2,12
IND45102,30740,31-12-1996,BE41,43815.12,18123.56,1,2300.84,292482.63,375603.21,165100.31,193167.36,1639.38,254205.81,0,1,2,13
IND56828,18201,7/12/2010,BE27,52253.84,25702.44,2,1879.73,377449.58,443691.73,395982.94,71372.35,26090.46,419656.85,1,1,3,14
IND28199,29082,9/3/2005,BE01,150041.26,41586,1,6302.45,1533133.75,1399795.68,675763.43,182456.13,3604.53,1156148.77,3,2,3,15
IND67109,19730,23-01-2015,BE06,86558.08,29076.8,1,2170.28,817889.66,175002.72,80653.43,69377.17,32342.6,166400.4,3,1,3,1
IND85846,18570,30-10-2005,BE05,57359.09,9176.4,1,645.54,788268.61,172941.29,93817.82,21713.74,5011.18,359030.72,2,1,3,2
IND76900,31088,15-10-2004,BE32,384040.15,12587.12,2,9060.28,276335.09,549058.65,328408.91,193966.51,82736.26,2431103.98,0,4,3,3
IND87656,28760,30-09-1996,BE42,159512.38,6399.12,1,2280.38,358797.5,385891.92,264739.81,211567.49,10801.22,683194.37,1,1,3,4
IND76306,3257,30-06-2018,BE22,61901.37,3418.72,1,3705.89,496453.44,616815,253485.61,177439.93,10925.59,1287514.29,0,2,3,5
IND42135,1037,4/5/2013,BE49,84406.75,15039,2,1801.68,82289.14,357419.79,137469.15,240571.01,3804.49,257335.65,0,2,4,6
IND15894,35162,30-08-2017,BE44,343263.8,34554.55,1,479.43,400443.08,380432.81,121933.59,190216.41,8338.29,519790.46,2,3,4,7
IND81866,42849,3/6/1995,BE37,281200.91,50842.89,1,2473.13,824738.55,48331.62,33621.99,40066.21,45966.17,787864.56,1,3,1,8
IND69783,23006,4/6/1999,BE26,39080.45,20456.92,2,3261.39,236826.23,118416.32,82084.04,51955.16,33963.64,167237.88,2,2,2,9
IND67788,26807,22-11-2009,BE16,35113.5,37779.5,2,391.75,404231,207152.25,314871.42,97444.42,2637.25,602095.75,2,2,3,10
IND29999,17244,3/3/2020,BE47,141689.81,47517.47,3,8732.91,775554.87,1838008.12,835458.24,362031.9,63127.59,2498273.59,0,3,4,11
IND50590,16018,29-07-2013,BE20,124471.99,23768.64,1,1295.75,689147.83,532977.58,197537.15,145394.79,7110.93,329405.08,1,1,1,12
IND64905,9146,4/2/2018,BE32,467025.8,61694.34,1,1953,1176441.07,1076630.5,578688.89,728744.27,70580.3,1186496.23,3,5,1,13
IND50588,15326,8/8/2014,BE16,59563.84,8380.4,1,3084.29,238085.63,925053.09,260171.18,383897.03,19083.78,1244783.62,3,1,1,14
IND24058,4853,3/1/2000,BE04,304960.67,53267.68,2,4115.74,1029192.08,437621.19,256054.95,125699.7,32226.87,1302186.45,1,2,2,15
IND87992,31048,29-04-2020,BE01,276516.44,12269.25,1,6397.15,427468.36,346860.26,81759.92,190897.02,46466.41,1569491.66,1,2,2,16
IND90735,41318,29-07-2014,BE49,109051.93,20070.28,1,2548.47,314437.29,250159.57,73910.78,135256.73,38508.39,408638.42,0,1,3,17
IND18126,1454,5/3/2021,BE39,76166.25,4898.79,1,267.87,1364588.66,61344.46,44443.44,9802.6,71470.27,1595668.78,0,3,3,18
IND95672,26233,8/6/2006,BE49,62219.79,47300.66,3,3792.74,471715.32,386699.09,526710.83,170814.32,30641.89,527962.84,3,2,3,19
IND59778,38454,3/2/2010,BE24,155343.56,60272.1,2,1152.71,565486.31,114149.55,90118.07,27335.81,61536.92,1850387.41,0,3,3,20
IND74622,32157,7/8/2005,BE18,347462.05,42715.2,1,2469.83,160930.65,495285.81,381427,193503.04,53395.24,464353.24,1,4,3,21
IND40781,611,2/12/2021,BE33,94766.64,7822.8,1,4469.98,1202896.82,1009283.79,205010.77,431784.22,13635.16,1336414.08,3,2,3,22
IND39173,37837,28-07-2007,BE09,354296.33,10313.28,1,1654.13,403093.76,866009.64,546410.84,353723.7,28919.12,1267574.31,1,2,3,1
IND41835,30634,29-05-2003,BE13,373681.17,48392.1,1,12379.01,742802.94,469244.54,153014.52,140263.31,105409.78,2991211.69,2,4,4,2
IND13004,28861,28-12-2014,BE21,358008,16942.5,1,4027.82,568206.05,424237.27,507799.15,67492.29,28909.49,695986.83,1,3,4,3
IND69109,14875,3/8/2008,BE49,317479.68,49484.82,1,2589.71,119431.69,859290.28,478213.72,266305.26,51445.78,676196.14,0,2,1,4
IND95810,36140,13-07-2002,BE41,220526.63,31535.25,1,88.03,294138.47,1100759.21,275189.8,525118.59,68948.57,869131.65,3,2,2,8
IND81099,10026,16-02-1999,BE13,312028.6,28002.51,1,4229.79,343720.88,612080.1,338254.79,509154,43799.94,991953.22,1,3,3,9
IND76632,5139,10/11/2010,BE09,253368.19,8391.75,3,3024.21,1765195.19,2087859.95,677876.61,711770.44,89738.74,884619.92,1,2,4,10
IND55460,6553,22-09-1996,BE18,256652.08,21247.05,1,2448.02,857452.21,342515.25,187830.94,317213.32,21356.26,670331.46,1,3,1,11
IND64186,6819,23-05-2008,BE31,155456.35,56270.88,2,11374.73,850612.73,2918088.55,1266340.31,534799.37,96425.36,426597.13,3,2,1,12
IND65738,11470,25-07-1995,BE20,110274.57,17670.6,1,2629.15,488286.58,660940.82,468166.41,79312.9,35583.41,734974.13,1,1,1,13
IND38016,10983,29-08-2013,BE15,75703.68,30983.2,1,1499.65,462891.04,1781157.8,1274449.12,187942.86,72572.38,2054733.06,2,3,2,14
IND97456,12707,3/11/2018,BE37,184290.87,36991.36,1,2351.04,386783.04,489242.88,241359.82,104306.58,18244.8,287864.64,0,2,2,15
IND94167,14880,1/1/2020,BE25,302653.21,32413.44,1,6911.62,1027643.33,605550.52,208995.31,392268.12,35796.95,224344.6,2,2,3,1
IND54473,5299,20-01-1999,BE49,211242.43,28260.6,1,2778.24,616290.21,696707.01,443359,396851.55,44530.06,1336291.03,0,5,3,2
IND32547,29676,30-05-2021,BE09,123939.66,43769.35,1,1731.52,1876810.69,3498983.55,941105.92,986230.74,94340.84,2627767.21,1,5,3,3
IND78611,10300,2/6/2012,BE39,52433.52,15258.24,1,1205.98,184632.03,46784.32,55657.21,26755.79,1485.82,279016.73,1,1,3,4
IND15955,2035,8/12/2011,BE32,175521.36,9585.66,2,3226.24,214473.24,1065362.14,532681.07,288300.04,23692.05,1671865.9,2,4,3,5
IND15581,28131,26-09-2010,BE06,352957.97,64102.72,1,4321.77,882153.62,469038.88,161013.35,98288.15,18318.87,2186957.29,2,4,3,6
IND29679,19132,29-09-2013,BE16,274096.63,11739.91,2,4556.65,290026.74,484808.7,239256.24,249833.89,59326.17,480522.54,3,4,3,7
IND30445,9034,9/10/2004,BE43,271874.74,22229.62,1,5568.79,999814.28,941401.35,460468.05,365816.29,33233.14,433363.69,3,2,4,8
IND90272,28631,24-04-2009,BE38,175522.51,63412.96,1,4634.56,938338.98,1065811.13,317475.66,955148.19,66724.53,250774.57,3,4,4,9
IND25035,20905,20-10-2021,BE49,268391.4,42700.95,3,4490.67,1176709.84,1827640.07,609213.36,649827.58,23319.15,1900317.77,1,5,1,10
IND25593,7445,17-02-2015,BE31,147925.26,70885.8,2,4771.44,1070645.76,699992.06,533743.95,208160.14,32094,1732155.84,1,4,2,11
IND79190,24920,14-09-2000,BE43,60986.65,24094.8,1,2322.57,668879.54,1073972.86,772506.79,181444.89,33764.54,310784.09,2,2,3,12
IND31341,5971,2/10/2000,BE17,204585.56,53799.56,3,43.68,350035.96,359180.23,216492.19,181853.44,27853,226370.31,0,2,4,13
IND49233,24729,4/8/2005,BE24,294392.38,29599.72,1,125.19,533201.82,243942.32,197677.39,180559.37,28223.1,1004235.85,3,3,1,14
IND82834,25799,2/12/2020,BE46,165050.63,13828.65,1,6542.43,243394.58,2069961.1,680725.46,786446.29,79502.08,1209823.83,1,4,1,15
IND64549,21326,12/9/2013,BE30,295482.46,53716.96,1,2226.59,274761.43,116494.45,124010.22,60689.85,175.14,564437.39,3,4,1,16
IND63160,3296,11/3/2002,BE14,93650.66,8067.48,1,7483.6,1489763.76,385805.43,246662.49,64701.47,23952.58,1116161.14,1,2,2,17
IND99412,40601,9/3/1996,BE48,77959.98,5382.4,2,2690.25,671360.68,2253058.98,952635.68,699355.56,60745.48,2207401.86,0,2,2,18
IND41977,8858,26-11-2017,BE10,116049.97,43763.58,2,646.38,278395.58,170837.1,66057.01,121294.34,5379.89,974568.11,1,2,3,19
IND54849,34339,3/8/2020,BE41,116714.92,13955.7,1,2723.74,516023.37,880569.59,352227.83,185658.16,65938.32,2117997.04,1,2,3,20
IND73662,1792,31-10-2020,BE41,357836.92,44869.68,1,10100.38,1483140.86,203097.34,88056.19,55589.02,40711.41,857606.35,0,2,3,21
IND58104,30088,5/11/2003,BE38,355665.19,33963.75,1,5924.1,985822.43,1218185.05,435066.09,719102.09,69306.83,1015033.53,1,3,3,22
IND42259,9576,12/1/2009,BE35,311721.03,14891.4,1,5528.02,1453594.9,859353.81,479255.01,260285.05,71447.69,1468403.35,0,4,3,1
IND96983,5388,25-01-2013,BE14,57955.11,14284.58,1,2026.86,569742.42,1100932.88,260961.87,682089.08,33544.56,230177.46,3,1,3,2
IND15092,6407,16-12-2001,BE38,210595.73,28588.56,1,8276.84,784128.83,2080505.71,703269.54,396175.17,30445.03,299258.01,1,4,3,3
IND52181,13585,29-11-2016,BE20,439388.92,46346.7,1,855.65,1428253.22,1051950.53,400198.57,624309.77,21641.11,1061775.4,1,5,4,4
IND14614,34530,18-08-2018,BE21,130987.36,41223.7,1,4484.26,529607.93,589706.09,631234.69,101662.01,49008.52,544902.07,2,5,4,8
IND75661,15030,16-09-2008,BE18,169936.36,7795.8,1,3232.52,994804.79,638808.87,453108.61,301280.09,41118.41,434504.79,2,2,1,9
IND63878,38395,31-03-2003,BE13,440439.33,36666.96,1,3399.18,1250526.42,1169638.99,406295.65,775409.09,53226.45,211540.6,2,4,2,10
IND60682,5940,7/8/2000,BE34,407606.87,31157.8,1,4901.79,994316.57,302004.93,274549.94,166560.29,49432.85,914353.65,1,4,3,11
IND71119,20204,12/6/2002,BE42,116733.05,45004.7,2,7012.68,1369673.32,418166.68,226802.27,127576.28,34458.24,401783.75,1,2,4,12
IND31796,7151,18-06-2013,BE30,67276.78,38611.96,1,1563.05,529250.59,135237.78,88680.51,87793.71,29212,614445.39,2,2,1,13
IND15290,8593,13-11-2017,BE34,227427.3,24462.81,2,264.77,915680.57,96740.84,55088.54,41222.35,41414.78,418918.39,0,3,1,14
IND69222,6287,25-07-2013,BE17,51486.64,3271.8,1,649.25,772340.31,412699.06,114638.63,210771.31,17877.91,232139.96,1,1,1,15
IND41761,36961,18-07-2018,BE43,145733.44,42675,2,6157.46,1213139.81,801883.53,328390.4,326481.15,12662.21,1490464.24,1,3,2,1
IND65488,1066,7/5/2020,BE02,91981.56,8266.7,2,54.42,0,202898,130434.43,153043.07,11058.87,302676.56,1,1,2,2
IND99221,35244,31-10-2021,BE15,221101.24,42077.04,2,9935.62,1179223.36,137423.97,25767,75153.74,1963.84,1599843.07,3,2,3,3
IND71359,42096,6/5/2003,BE02,56751.75,44945.22,1,5764.83,916908.53,118377.03,76596.9,39853.6,63313.14,1774345.25,0,2,3,4
IND82515,26789,11/9/2019,BE22,217040.02,46771.27,1,558.29,232807.12,281401.58,151956.85,451930.93,28197.72,996154.25,0,4,3,5
IND85958,10882,9/4/2000,BE40,346305.7,22081.79,1,732.08,1568709.34,1118447.01,634170.99,586319.9,492.08,1784867.57,3,4,3,6
IND68750,35370,3/2/2020,BE26,81243.91,13675.96,1,3895.87,766963.09,444257.95,390080.15,148663.88,34909.79,656503.02,0,2,3,7
IND91822,7210,11/8/2018,BE15,184460.64,5971.84,2,3397.78,1177332.92,77019.89,31271.23,31433.38,47875.74,1890384.33,2,2,3,8
IND80931,28963,28-11-2015,BE12,91923.17,1662.84,1,3999.36,328211.76,563246.33,190285.92,207411.66,8284.09,208974.22,2,1,3,9
IND20616,19066,28-09-2009,BE36,342649.03,54620.02,1,1371.63,2012623.19,2603230.63,886206.17,547232.31,56366.58,1928415.9,0,4,4,10
IND59654,20907,12/3/2020,BE33,153118.31,7345.65,1,386.7,476536.81,31217.84,20811.89,21988.22,10093.4,375326.96,2,1,4,11
IND56699,31169,12/4/2018,BE48,124830.45,17836.56,1,843.7,66111.39,357447.81,213315.63,319627.53,25951.12,853225.95,0,2,3,12
IND45574,26217,2/3/2005,BE15,80104.87,31921.26,1,7.5,215709.9,38471.76,64119.59,8825.87,14874.69,465264.25,0,1,1,13
IND46000,4234,5/1/2002,BE39,95522.36,25063.35,1,1245.56,270996.64,171005.23,158050.29,79828.35,11632.42,660230.49,3,1,2,14
IND72516,15353,27-05-2007,BE14,35717.95,25180.61,1,4212.42,0,561513.29,197455.22,427984.19,29525.71,914946.67,2,2,3,15
IND35302,35348,31-05-2015,BE19,209541,20205.12,1,988.85,69727.06,349744.28,394711.4,72397.07,3322.37,503201.66,0,2,4,16
IND80068,18605,23-08-2019,BE48,229059.97,35876.79,1,10358.07,664298.72,2093007.37,582862.81,801171.43,47743.3,1631733.39,3,4,1,17
IND53480,23141,12/6/2002,BE45,116813.48,35734.4,1,8294.26,1512494.37,455464.41,233971.44,66291.91,10038.52,1088475.48,1,2,1,18
IND88872,24630,6/1/2018,BE37,255097.36,45422.37,2,1845.77,841410.8,98999.73,27789.4,68500.87,33799.21,1198593.93,2,2,1,19
IND66621,37219,2/5/2009,BE03,130296.27,7269.84,3,746.46,805317.55,581539.75,143148.25,292022.42,37479.78,856988.5,0,1,2,20
IND29174,21473,2/10/2020,BE36,65006.54,43491.8,1,3575.55,346892.24,262181.5,127118.3,172880.89,34090.78,96305.35,2,2,2,21
IND98830,43305,5/9/2020,BE02,152311.98,14530.06,1,2509.62,342021,244910.01,109895.52,253073.68,26021.55,753600.85,1,1,3,22
IND34318,18785,30-10-2020,BE07,185421.5,32352,1,1106.13,259398.71,92897.5,50830.7,84624.36,4548.42,586872.31,1,2,3,1
IND95108,31766,18-07-2006,BE18,54339.87,23045.2,3,2819.83,870569.31,982426.14,438956.36,311937.72,28292.75,282071.77,2,1,3,2
IND21281,30896,11/5/2008,BE13,229493.03,64475.19,2,689.6,1959490.83,892214.75,465788.58,108443.45,34932.84,1313564.36,2,3,3,3
IND86574,3316,22-08-1999,BE36,181040.17,44591.61,1,6249.78,1164820.92,1128622.56,626097.18,225394.99,7572.96,580150.86,2,2,3,4
IND25843,11279,3/6/2013,BE08,182458.47,4511.56,2,2241.62,548946.16,351614.29,188072.76,134676.45,14156.86,1340059.22,2,2,3,8
IND15764,13846,27-10-2019,BE30,291240.72,23770.26,2,3655.52,1016372.58,426063.72,119297.84,159518.26,46176.4,1468523.42,1,2,3,9
IND70765,43328,8/3/2006,BE27,49043.13,4382.85,1,4305.68,617980.37,949361.04,718435.38,136844.84,6145.36,139564.53,2,2,4,10
IND88371,14100,23-05-2021,BE13,75068.87,29197.56,1,5644.76,498253.45,75457.28,16285.74,43700.08,46587.82,1406014,2,1,4,11
IND28842,19003,29-08-2020,BE46,161766.54,31767.39,2,3231.45,1212157.09,1863378.06,815227.9,543041.61,19827.76,1344797.9,2,3,3,12
IND90911,11394,19-02-2000,BE27,92005.32,32561.76,1,1654.39,637776.81,321318.75,357020.84,105321.15,20584.97,578961.56,0,2,1,13
IND52021,42732,2/9/2020,BE46,115626.26,58417.06,2,5614.88,187115.25,807585.35,741208.47,306661.18,24320.83,1336128.26,0,3,2,14
IND71090,7217,22-06-2021,BE33,71411.33,4823.01,3,180.55,325297.05,245247.34,103548.88,168948.17,335.83,395131.85,1,1,3,15
IND60722,33141,17-04-2019,BE19,198017.13,15203.16,1,2452.5,1069184.1,407035.7,140481.35,199951.79,33131.11,867514.93,3,2,4,1
IND77027,42731,6/6/2001,BE28,70495.44,11339.19,1,1975.41,216251.88,342290.02,307283.09,86583.82,16865.32,176758.72,2,1,1,2
IND45186,41911,16-09-2018,BE18,96190.36,29582.24,1,661.74,684939.18,605732.45,291648.96,209987.25,23267.91,195103.9,3,1,1,3
IND84015,1178,30-01-2004,BE01,234323.74,51258.31,1,5762.91,1467976.67,650421.08,207866.53,518191.15,3080.31,908973.2,3,3,1,4
IND66550,868,12/2/1996,BE30,91924.73,59506.26,1,5841.58,1344156.26,0,0,0,81434.11,1195526.28,0,4,2,5
IND35051,41342,12/3/1996,BE33,31557.79,24787.62,1,1470.69,316354.32,162241.38,141592.48,105840.38,8162.06,70239.77,0,1,2,6
IND91538,4581,14-03-2004,BE49,473184.82,23686.46,2,2894.9,1595011.28,165852.29,98003.63,62270,6270.5,412057.18,2,4,3,7
IND30644,31647,27-05-2008,BE10,202980.69,24450.97,1,2407.49,734192.11,811487.49,811487.49,205126,1680.18,1592898.72,0,4,3,8
IND78937,34753,6/4/2020,BE34,84601.66,6177.33,1,3009.05,429537.23,895244.83,407451.17,178073.38,4299.61,258774.75,1,1,3,9
IND25670,8353,28-11-2005,BE27,59708.25,56647.5,2,4592.3,404115.08,2345848.66,567296.74,589221.99,46247.69,2494142.89,2,3,3,10
IND58212,38504,3/6/2015,BE30,162559.04,31014,1,5916.8,739928.32,106405.89,32586.8,30186.02,29937.28,364451.84,1,1,3,11
IND74531,5746,21-02-2021,BE21,216722.12,35115.8,1,7380.73,0,1626699.65,489147.45,667856.9,21932.98,1678425.39,0,5,3,12
IND49953,25812,3/1/1999,BE23,428363.55,46266.3,2,2560.73,825031.4,254964.46,112721.13,127643.26,55129.55,1196463.06,3,4,3,13
IND88814,2363,17-04-2000,BE15,195942.17,55171.6,2,7708.61,1747294.72,921893.17,417836.47,284659.39,112205.36,195747.47,0,4,4,14
IND49516,35647,4/8/2020,BE08,100945.48,33938.46,2,4280.74,1488351,958002.59,271132.81,271735.33,27191.1,716923.99,2,2,4,15
IND17543,899,8/7/2015,BE23,266108.68,8389.02,1,557.04,602721.03,39035.57,41037.39,4864.43,19652.37,424460.04,3,2,1,16
IND54739,4701,25-01-2001,BE44,136517.33,16272.62,1,4758.85,833335.07,65946.87,34407.06,52604.57,53509.64,345459.28,2,4,2,17
IND70122,10011,25-05-2019,BE37,138181.23,25128,2,505.78,171992.93,946880.85,514447.07,231128.4,52983.77,1465894.64,1,2,3,18
IND53005,17118,2/12/1996,BE10,82561.55,18069.64,2,1565.98,90144.59,76544.84,126073.86,20411.96,9492.09,330864.37,0,1,4,19
IND99246,10714,10/10/2015,BE29,235695.74,19555.95,1,7227.13,77362.79,981482.26,654321.51,592273.78,14202.1,871087.37,2,4,1,20
IND79699,36679,27-09-2012,BE31,59762.85,4970.89,2,1420.68,256985.09,126048.49,84032.32,17286.65,8019.07,465859.42,0,1,1,21
IND81435,870,16-11-2009,BE07,329678.7,43425.69,1,3289.29,757623.3,316130.58,351822.74,172291.16,39091.9,176177.31,3,3,1,22
IND44710,11856,28-06-2018,BE18,73487.4,42877.11,1,3080.59,369800.94,322387.4,150794.11,284272.89,16929.27,93946.8,1,2,2,1
IND69069,5292,15-03-2018,BE16,102452.22,15198.68,1,28.01,214464.31,307762.4,138868.4,234087.09,19838.82,285724.57,2,1,2,2
IND94927,40673,15-03-2002,BE36,26171.5,9578.4,1,2609.83,676530.61,368643.58,215695.71,213538.75,30805.4,521730.82,1,1,3,3
IND21170,36544,30-05-2003,BE29,202295.22,26062.22,2,4071.5,214711.06,404575.54,296207.09,37062.01,46494.91,1263947.73,2,2,3,4
IND28755,32919,24-12-2020,BE10,98325.12,42326.4,1,1172.81,821532.6,360444.89,188804.47,153789.82,4659.48,1272622.18,3,2,3,8
IND29416,2381,23-08-2005,BE17,66889.57,5156.8,2,324.06,422696.49,173410.99,63443.05,94741.62,23387.19,84366.59,1,1,3,9
IND61034,9519,25-04-1995,BE37,258230.37,10956.92,1,466.93,1294321.35,1120446.35,330491.37,437538.33,62722.69,2502530.26,0,3,3,10
IND78545,291,14-08-2000,BE28,160452.71,20490.24,2,7265.87,1207473.72,243863.04,188703.54,108722.27,27445.99,1886543.9,1,5,3,11
IND98856,21238,20-07-2020,BE39,88492.45,32749.86,3,6858.09,649790.67,593455.89,293467.2,448352.67,26095.09,1582188.92,2,3,3,12
IND76287,19265,27-02-2016,BE27,201968.19,61581.24,1,5404.02,1368188.09,1234416.49,840453.78,496393.01,37952.12,1668971.99,2,3,4,13
IND45303,24187,1/4/2016,BE17,186416.57,10340.47,1,2210.54,50845.04,661637.72,393281.16,54134,54999.96,1705043.1,1,2,4,14
IND35316,31390,6/11/2005,BE27,90677.95,2017.4,2,1445.71,66006.57,369235.45,221541.27,115318.06,3017.44,442531.9,2,1,1,15
IND84401,17062,23-03-2004,BE02,82847.03,10579.84,3,5702.53,878032.06,1193658.09,716194.85,226244.12,14165.63,1420808.9,1,2,2,1
IND49213,35489,21-07-1996,BE26,201867.47,11760,2,1309.11,1286811.44,465096.93,313845.89,52068.17,37946.98,1169189.59,0,2,3,2
IND97338,18640,26-08-2007,BE31,27107.94,20852.16,1,567.38,132835.35,173962.47,100715.11,101356.03,24574.68,196701.15,0,1,4,3
IND76090,16232,27-09-2020,BE26,117682.74,34088.67,1,395.48,594429.73,2311699.75,1208049.55,297538.13,61770.46,1528636.54,2,2,1,4
IND92942,38658,11/6/2018,BE33,145534.93,18154.2,2,3260.57,1153058.2,2031820.31,654884.23,1218924.27,683.47,570962.89,2,3,1,5
IND90141,9804,15-01-2018,BE13,17723.13,3331.5,1,81.32,375034.47,144824.7,67675.09,79179.86,16634.22,302632.65,0,1,1,6
IND59125,32599,26-07-2003,BE40,327602.7,51064.26,1,2176.04,501402.1,644225.2,583284.98,258560.66,48517.12,460534.03,1,3,2,7
IND46331,1007,2/9/1996,BE33,194912.82,14289.28,2,3876.36,322239.51,397157.76,268255.68,63301.37,8151.82,1705763.21,2,2,2,8
IND25095,15224,15-10-1995,BE16,59131.74,9959.66,1,1710.54,820453.73,1166648.17,228066.56,389467.51,31424.52,1377643.79,3,3,3,9
IND87283,38059,9/10/2006,BE43,69983.46,45892.74,1,5292.97,318410.85,891613.21,517135.66,426904.4,50264.61,751781.69,3,2,3,10
IND96588,41448,10/8/2008,BE06,210247.91,13843.76,1,970.85,1466637.93,2350808.69,407473.51,1426470.71,75744.5,1547360.55,2,2,3,11
IND44048,8057,5/9/2021,BE02,242469.24,26585.24,1,5095.5,783262.95,41509.99,40997.52,7892.02,20251.93,533964.7,0,3,3,12
IND73301,34234,8/7/2008,BE25,153473.23,14605.89,1,5800.37,123383.77,459218.95,103694.6,271976.13,772.16,368074.51,0,2,3,13
IND15363,1496,26-06-2000,BE29,146380.61,15563.67,1,5958.39,338237.2,665273.41,175308.53,142584.27,65572.5,1196080.23,2,2,3,14
IND28655,13837,3/4/2019,BE41,189942.07,14572.9,3,690.75,363101.74,97468.62,98671.94,13862.2,36494.23,1207066.04,3,2,3,15
IND71338,36561,21-07-2011,BE38,50793.9,26256.45,2,1853.87,247586.63,257863.78,157583.42,130221.21,26028.49,126120.75,0,1,4,16
IND18100,35813,21-12-2012,BE41,388875.54,6121.57,1,1164.89,504681.83,152384.27,173299.76,67766.18,42886.55,175106.32,1,4,4,17
IND35375,6553,16-01-2002,BE02,231903.49,7407.72,1,317.83,670385.28,537536.44,190104.35,321145.24,13484.96,125841.84,1,2,1,18
IND77446,23496,20-04-2005,BE41,70262.85,18440.98,2,4643.48,172240.45,474980.57,209110.94,94996.11,3304.48,166402.69,2,1,2,19
IND57619,30677,4/2/2014,BE05,173669.62,26695.2,1,6116.89,936230.84,524300.8,207372.7,163667.93,874.59,230184.26,1,2,3,20
IND32973,38399,16-06-2005,BE04,150110.25,30599,3,2879.07,948876.15,365701.59,208514.07,75225.46,10319.28,385864.35,0,2,4,21
IND91469,11471,3/10/2003,BE36,49991.15,1875.06,1,107.72,243590.88,829387.33,581280.01,150565.7,15509.64,504766.68,2,1,1,22
IND66158,24930,6/11/2014,BE26,305897.02,45816.36,1,4924.51,715867.89,97927.53,88010.82,34510.16,32039.68,1358921.53,3,2,1,1
IND79633,32020,20-11-2002,BE45,154578.81,36643.6,1,1538.87,420382.39,634688.83,425121.76,187532.59,34511.84,741431.88,3,2,1,2
IND24344,28281,10/8/2019,BE21,207038.15,15002.9,3,4638.25,626080.13,1095366.7,238123.2,333372.47,63777.25,1391370.72,1,2,2,3
IND54434,27563,28-07-2018,BE37,184429.71,38928.3,1,1373.99,1098051.01,0,0,0,65346.66,613427.08,0,2,2,4
IND38076,30285,6/2/2012,BE29,257268.63,32310.64,1,1211.14,617259.38,128258.48,123983.2,64642.27,25494.5,714631.8,0,3,3,8
IND78584,39386,16-03-2002,BE44,125954.56,40762.26,1,371.71,270980.23,921518.12,444004.18,421301.33,45859.24,1382971.92,0,2,3,9
IND42885,33468,18-12-2001,BE15,295097.53,68695.54,1,2619.59,698016.6,1133099.27,365896.64,618955.47,78642.39,305529.17,2,4,3,10
IND61947,27724,1/10/2008,BE15,136269.28,12691.6,1,1487.82,393333.96,106097.87,144512.61,35341.57,8706.96,48762.69,1,1,3,11
IND22902,36843,25-08-2002,BE08,99093.14,19900.34,3,3501.42,825497.62,73608.21,41220.6,19108.69,18445.77,167447.74,0,2,3,12
IND36415,9429,14-06-2017,BE03,484083.74,31756.02,2,7886.24,1153726.52,1312296.5,320324.34,499085.99,59339.02,754215.38,2,5,3,13
IND17053,34916,7/5/2002,BE32,84045.31,19776.5,3,1544.03,120289.31,34566.96,22057.01,5757.87,18889.76,204607.2,1,1,3,14
IND93602,39275,15-09-2012,BE24,105267.75,32879.5,2,3408.6,96089.65,473972.24,374188.61,149675.45,8513.43,1153379.33,3,2,4,15
IND87324,8724,21-08-2009,BE45,102526.04,21319.59,1,4925.55,219431.07,1531869.09,746040.14,283495.25,40830.11,216820.87,1,1,4,1
IND86489,41661,7/6/2001,BE18,124351.92,24996.8,2,4314.62,473165.56,1159087.33,240565.3,556799.31,17240.69,289790.86,1,1,1,2
IND33219,18702,29-01-2015,BE43,109519.65,7229.99,2,1381.02,229627.09,44965.24,11339.06,18599.97,29041.18,89790.87,0,1,2,3
IND92525,30792,6/5/2005,BE08,62681.88,19043.75,1,2323.06,453629.39,235700.92,129743.63,102929.94,16167.7,354073.42,2,1,3,4
IND57611,42908,16-09-2000,BE16,51317.5,11454.25,1,2324.6,419785.89,178265.14,66471.75,75294.36,24748.44,441110.85,1,1,4,5
IND33962,10486,30-09-2018,BE04,23368.69,6392.88,2,1024.1,244356.23,58857.68,67835.97,21707.51,5802.2,168890.03,0,1,1,6
IND25477,39052,14-05-2020,BE11,137063.36,17385.55,1,2992.54,406311.36,147842.92,90817.8,73435.69,28887.95,477317.3,3,2,1,7
IND21399,26631,4/4/2011,BE32,42638.7,15049.8,1,1793.83,161088.83,80407.61,32758.66,37910.7,8061.53,195265.57,2,1,1,8
IND51180,25668,22-02-2013,BE05,144947.04,21712.4,2,1105.52,361603.01,129506.13,62262.56,155033.78,391.87,441428.21,3,1,2,9
IND34917,32102,4/2/2007,BE09,89651.54,34484.4,1,1441.04,75730.25,227310.08,237642.36,73669.13,8620.43,663583.24,0,2,2,10
IND99500,31985,9/11/2017,BE03,125518.16,14427,2,1341.36,309039.84,246783.28,120820.98,170306.17,9985.25,842949.5,3,2,3,11
IND27808,15445,16-01-2006,BE46,212433.24,12492.15,1,5253.34,1302281.95,1339990.63,304543.32,575586.88,68816.64,1344634.39,1,2,3,12
IND68013,37130,6/7/2012,BE28,432392.22,57262.6,2,583.85,1484948.05,1553625.54,797807.71,589817.84,27489.31,2376662.16,2,4,3,13
IND73002,31483,27-12-2009,BE14,309505.88,14034,1,8138.58,138266.1,1685740.7,309878.81,948229.14,20744.76,1508293.38,1,3,3,14
IND91167,30124,7/1/2013,BE13,245839.9,5995.99,2,3888.98,45681.04,133610.01,96496.12,178097.2,23080.23,453420.75,3,3,3,15
IND19266,43019,2/11/2015,BE28,123010.61,13183.65,1,1710.86,406604.23,451472.92,256626.71,120234.37,404.84,641971.19,0,2,3,16
IND41224,29383,11/2/2004,BE39,332853.44,11742.18,2,2923.25,195457.28,128811.01,62105.31,124256.62,15412.03,406706.78,3,5,3,17
IND70122,14117,23-05-2006,BE16,225155.26,15855.07,2,4199.22,257892.89,556022.7,529545.43,132386.36,5119.55,1010955.11,0,2,4,18
IND21599,41404,13-09-2007,BE15,191832.93,61192.8,1,3854.45,1131108.23,991058.22,444267.48,233753.04,29654.82,209853.4,0,4,4,19
IND47190,12368,25-12-2004,BE47,114845.02,37392.43,1,3797.9,328327.14,215160.77,92499.02,86868.65,55163.63,1542433.19,0,2,1,20
IND84384,35879,21-08-2014,BE08,204170.6,18233.8,1,4209.73,902243.04,244609.52,86456.81,139343.08,38402.73,773583.49,1,2,2,21
IND18979,1628,10/2/2019,BE16,149316.84,26054.4,1,1924.06,232953.77,184556.23,57942.07,86162.01,720.34,973020.79,3,2,3,22
IND49334,25347,2/7/1999,BE37,114353.96,8347.6,2,4164.17,47289.2,974941.36,441973.42,168469.87,50440.46,735249.72,3,1,4,1
IND13115,15103,14-07-2016,BE24,127319.91,21277.3,1,2700.11,498813.28,1415618.53,713052.3,167777.01,35231.19,716817.82,3,2,1,2
IND61086,1339,15-08-2020,BE32,268515.98,56615.26,1,1876.91,1115686.02,117731.25,81265.82,21087.44,78395.67,1528818.09,1,5,1,3
IND50034,21612,31-05-2019,BE15,117611.36,59393.1,1,2597.41,672728.62,897649.48,407181.21,424949.11,38196.19,1310004.48,2,3,1,4
IND94544,10301,4/9/2021,BE33,338354.24,41769.3,1,3435.55,702584.28,1354185.49,837320.8,237654.39,6855.6,2041772.58,3,3,2,8
IND96395,23106,10/12/2018,BE40,433576.04,24844.02,1,4593.75,1058012.16,0,0,0,57862.07,1484760.1,0,5,2,9
IND50912,12833,3/10/2021,BE12,21648.31,5792.85,2,879.53,271617.04,130679.29,196018.94,30989.66,13377.72,372718.74,2,1,3,10
IND83055,21573,7/10/2009,BE30,201624.36,35242.02,1,2743.77,215325.36,114548.56,50579.89,108984.78,27108.91,1162702.65,0,2,3,11
IND97304,4666,5/7/2010,BE45,191665.95,18891.32,1,5542.4,703944.56,963737.05,323643.04,486543.37,50868.08,1134052.33,0,2,3,12
IND66871,24732,25-07-2005,BE08,68974.16,46500.62,1,6257.07,488280.26,492769.95,174853.85,138770.38,78995.16,1671574.93,2,2,3,13
IND50172,21266,7/5/2006,BE01,158182.07,8128,1,2537.22,385054.21,670840.54,647970.98,93765.21,34929.1,901834.14,2,2,3,14
IND25256,10559,17-06-2003,BE09,363674.06,48830.25,1,2388.75,547854.38,1958573.44,423051.86,697722.2,32338.13,1639786.88,1,3,3,15
IND35349,5702,16-03-2005,BE01,116995.3,25803.76,3,5173.26,835236.67,467665.09,92167.57,171943.73,37405.29,184692.58,0,1,3,1
IND18663,41752,1/1/2019,BE01,312678.89,36217.49,2,2410,232904.13,318996.72,343071.94,142344.76,8041.33,324524.37,2,2,4,2
IND44333,7401,18-08-2007,BE21,179214.85,7625.84,1,4830.41,133589.16,1098831.53,573303.4,171672.52,19661.03,688949.1,0,2,4,3
IND78750,38144,1/5/2018,BE25,92257.22,3185.82,1,2855.84,188851.16,551246.28,235483.85,320686.19,25738.59,458120.62,0,1,1,4
IND51161,19182,8/4/2019,BE37,371154.58,27938.35,2,1606.86,643011.9,101813.11,89086.47,43426.12,48379.28,878224.36,3,3,2,5
IND76383,27031,13-04-2018,BE47,90996.1,53228.44,1,4652.99,202183.17,508705.43,337675.15,105907.21,40222.77,2156323.49,2,5,3,6
IND14845,28620,21-11-2016,BE20,88363.59,2396.82,1,4651.1,289513.41,313284.24,162907.8,23433.66,42386.18,463309.95,1,2,4,7
IND20426,10796,23-05-2003,BE15,49932.69,27622.72,1,380.63,639697.94,656176.23,136348.31,162254.49,45820.47,1040900.38,1,1,1,8
IND76186,3148,21-05-2006,BE36,217568.28,20333.25,1,877.74,754059.63,346491.26,99403.23,193836.3,69407.65,1110975.18,2,2,1,9
IND35748,33258,15-11-2020,BE42,64664.68,10189.44,1,968.6,63620.52,88598.22,99021.55,52290.32,12236.36,174457.22,2,1,1,10
IND55295,16301,13-10-2020,BE26,273943.45,31529.82,1,1735.8,709346.36,1901203.15,494621.96,914432.35,57452.88,2461660.77,3,3,2,11
IND77847,39503,22-11-2016,BE32,31135.26,7688.4,1,3017.7,259726.36,613385.93,273484.17,124239.95,17087.41,704282.06,0,1,2,12
IND89099,39353,30-06-2020,BE04,254494.36,28591.68,1,2549.5,392579.25,151853.66,154831.19,165788.47,22964.73,198653.66,1,2,3,13
IND75515,2201,7/3/2010,BE42,301258.44,12422.76,1,2728.29,431187.11,1924837.54,757516.71,503686.52,10385.91,1011038.99,0,2,3,14
IND72150,17746,14-06-2013,BE09,116857.26,3676.32,1,288.77,289385.84,119417.93,115300.07,91498.84,19688.07,242944.54,2,2,3,15
IND77948,17602,13-04-2001,BE08,168841.7,9931.54,1,5870.18,581815.01,827479.83,282554.09,770161.72,10222.15,630789.23,0,3,3,16
IND46116,38489,26-12-2008,BE17,174354.27,32175.99,1,6250.49,1083317.8,701987.99,277100.52,267555.95,50204.33,1048697.69,3,2,3,17
IND92008,41863,27-11-2015,BE04,439025.4,54862.2,1,6432.64,1677910.01,2905686.93,1400582.91,820908.82,81009.76,3062598.12,1,4,3,18
IND32087,15243,4/7/2019,BE35,99734.47,20219.16,1,1499.05,99562.41,63984.19,43841.02,49267.83,3357.81,302583.13,3,1,3,19
IND16848,33464,8/4/2002,BE23,198219.34,31234.98,1,585.38,76295.12,52060.33,41834.2,27099.26,5796.5,848195.36,2,2,4,20
IND95525,20052,5/2/2010,BE48,284185.89,34633.17,1,3059.08,1385576.54,1508181.39,807954.32,657136.18,37926.4,930352.65,1,3,4,21
IND17508,20570,20-03-2007,BE10,41393.51,8353.92,1,484.86,449273.68,303063.2,288631.62,38965.27,21848.92,385764.69,1,1,1,22
IND56276,16197,26-10-2013,BE20,110634.59,53911.08,1,6032.99,863656.13,491522.76,419087.83,86508.01,51942.28,1249293.59,1,2,2,1
IND39354,13377,4/2/2012,BE25,246173.17,28755.55,1,3498.32,111984.44,549814.17,212663.97,223400.91,440.06,696573.12,2,5,3,2
IND27001,12726,15-02-2009,BE32,174156.78,6242.74,2,4121.76,1064873.47,1500152.07,767253.35,234298.56,46303.85,1242500.61,3,2,4,3
IND73045,39295,2/6/2013,BE08,113018.14,35999.6,1,6200.6,823329.6,1043861.98,260965.5,798554.41,40144.8,417688.24,0,4,1,4
IND99269,23986,4/7/2019,BE22,72256.1,21380.34,1,635.38,509627.05,532457.6,344531.39,352361.65,35000.37,353693.91,2,2,1,8
IND90516,25808,23-12-2010,BE38,374660.44,62933.94,3,567.01,592185.88,315905.16,201525.71,401471.88,38412.61,625771.84,2,5,1,9
IND54595,8988,27-10-2020,BE25,262363.69,21253.22,2,1165.08,129564.52,1133682.34,441539.44,646556.94,37874.81,1164877.5,3,2,2,10
IND81069,4058,23-02-2010,BE29,34741.08,32926.04,1,1372.07,446377.44,992941.98,623883.9,277760.14,16752.75,601552.97,0,2,2,11
IND87002,19672,17-01-2002,BE48,149332.86,16450.96,1,1940.05,201418.13,1035073.84,509812.49,299398.97,26369.94,275078.5,1,1,3,12
IND26303,32705,5/5/2015,BE18,159587.32,16346.17,1,2095.24,257156.83,390039.92,225812.58,70959.89,61461.54,1604851.07,2,2,3,13
IND47408,17279,7/12/1999,BE33,222608.88,12398.02,3,2320.55,527901.26,980906.31,233166.25,456684.25,21955.57,1248832.59,2,2,3,14
IND24335,33198,13-05-2020,BE25,217266.49,55805.05,1,1420.2,1286734.3,1637696.36,706919.29,282767.72,78752.72,723093.01,1,3,3,15
IND76682,41279,5/12/2014,BE47,357820.76,13509.99,1,3730.92,1385344.94,63685.81,25208.97,43186.94,12373.17,890352,2,3,3,1
IND95974,41969,10/4/1996,BE09,185224.44,48836.08,1,986.24,2266543.62,2937041.97,766184.86,1661769.83,98676.04,1273737.97,2,4,3,2
IND93947,38288,4/4/2005,BE04,89464.3,11944.34,1,4591.15,414692.23,837966.41,309402.98,402223.87,19344.38,291862.14,0,1,3,3
IND14471,8086,16-03-2008,BE08,181394.41,23975.46,1,1649.97,755733.21,597364.28,251272.28,113641.44,51140.22,1550187.98,2,2,4,4
IND88703,13708,11/10/1996,BE17,241627.68,31251.2,2,8747.66,1763699.11,2134158.43,684234,1096077.71,57034.26,1030468.01,1,3,4,5
IND47036,10551,3/2/1996,BE44,343910.39,62158.49,1,798.09,817278.61,523535.7,243333.49,390292.17,583.24,1448323.01,3,4,1,6
IND38886,8712,15-07-2012,BE12,109843.19,37048.72,3,6149.44,1210157.2,1938117.36,689108.39,537504.55,3250.07,758862.7,3,2,2,7
IND20053,2080,1/5/2000,BE09,90493.26,41330.25,1,1471.26,120713.72,228001.87,120000.99,156801.29,30259.85,717355.8,3,2,3,8
IND47894,23182,31-08-2012,BE05,215401.05,59875.7,2,882.92,363645.44,463032.46,469045.87,105835.99,53088.46,402108.44,0,4,4,9
IND88607,18607,15-10-2005,BE29,95682.13,11891.65,2,1225.69,77092.06,718547.05,185431.5,322650.81,60605.51,638532.99,2,1,1,10
IND91152,16066,2/7/2009,BE02,79374.2,12797.46,3,3435.78,308861.23,679198.46,284203.61,233046.96,2706.61,570277.46,0,1,1,11
IND53812,26406,4/10/2021,BE36,401144.86,58665.36,1,5276.19,384347.67,398228.09,193732.59,292751.46,19834.32,1387979.56,2,3,1,12
IND96437,38732,1/4/2010,BE13,390058.27,30999.6,1,2550.99,121180,590538.47,624283.52,267598.29,39935.45,834960.88,0,3,2,13
IND40105,20800,15-04-2013,BE28,282275.52,32380.2,2,3753.34,521029.7,349786.13,377400.82,60476.18,10875.14,0,1,2,2,14
IND54599,3906,3/2/2019,BE17,261816.27,28229.28,1,4348.32,1836558.92,519403.27,133267.94,179262.47,40575.97,813538.43,3,2,3,15
IND31887,3730,19-03-2003,BE28,118810.16,22807.6,2,1707.58,283417.37,428988.19,225493.79,214164.11,29332.68,622683.05,2,1,3,16
IND54112,34854,20-09-2021,BE32,268884.36,12529.68,2,3547.47,231498.18,446067.71,388879.54,157381.84,15193.64,754235.32,2,3,3,17
IND75973,42143,16-11-2003,BE15,335526.8,62567,1,5215.82,1099840.76,2704170.35,712727.07,1452705.47,81626.47,1591725.84,3,4,3,18
IND67265,8329,4/7/1995,BE18,71153.12,3357.99,2,1652.2,262372.62,411362.4,103676.7,223841.34,660.55,698882.86,1,1,3,19
IND92210,12790,21-04-2020,BE42,153042.86,11321.52,1,3839.02,1043974.9,768909.47,273390.03,352445.32,4800.95,287682.6,2,2,3,20
IND37311,38265,19-04-2007,BE22,117573.89,29474.28,1,7522.91,1475007.59,1053001.48,369336.34,295704.82,46731.9,2048937.8,0,3,3,21
IND93006,37723,11/10/2020,BE04,219948.15,32740.68,1,4198.32,217839.18,223869.04,125260.06,168088.34,7758.07,644919.11,0,4,4,22
IND50691,14993,3/10/2007,BE01,389746.08,35218.4,1,2219.9,386539.66,1252407.57,399704.54,405478.05,51611.64,1909063.3,3,3,4,1
IND60221,23432,13-07-2013,BE18,222185.79,44354.07,1,3824.24,865214.18,1023932.01,404810.33,353931.23,23356.99,1331501.65,2,2,1,2
IND50457,12025,4/11/2003,BE42,46631.31,21327.57,3,3706.79,151883.94,204987.25,56405.89,66558.95,18299.42,715134.11,2,1,2,3
IND61531,23489,8/8/2020,BE38,45899.16,29179.06,1,1080.37,240303.96,93779.23,93779.23,30313.5,15891.17,47541.64,2,1,3,4
IND55634,445,21-05-2019,BE24,213562.55,39890.12,1,4447.33,356462.12,0,0,0,40259.33,521049.18,1,3,4,8
IND73340,32821,23-10-2006,BE04,62265.14,20300.16,1,2802.88,141136.94,565013.46,239239.93,275176.83,11120.96,583342.47,1,1,1,9
IND36571,10719,4/1/2001,BE36,77385.85,2471.85,3,2914.84,428019.96,414347,260712.72,143391.99,526.26,745917.63,2,2,1,10
IND48638,1031,8/12/1996,BE03,136921.89,23715.42,1,954.86,345598.39,111513.23,46463.85,87816.67,476.61,415285.4,0,1,1,11
IND17470,27679,11/5/2010,BE25,121124.02,53804.4,1,7657.79,370608.78,1292973.24,317572.37,440971.92,43959.38,507670.96,2,3,2,12
IND90409,39013,15-06-2019,BE44,46065.04,15053.6,1,639.27,286540.1,826638.75,173663.6,609559.24,18316.96,1111305.78,1,1,2,13
IND37142,42895,18-03-2013,BE27,260944.03,21134.01,1,327.85,500216.98,298094.81,343955.55,81402.81,32642.73,904332.08,2,2,3,14
IND88367,23314,4/2/2008,BE03,226151.9,6668.46,1,1245.08,446679.55,86326.27,117157.09,42546.52,2120.34,756362.75,3,2,3,15
IND58182,5564,9/6/2004,BE12,126577.5,7851,1,5217.3,1203236.1,181465.92,37805.4,100940.42,56313.9,1055124,1,3,3,1
IND35165,25364,18-01-2016,BE15,249185.87,24091.08,3,4896.61,1252227.23,2569398.61,1275715.39,359536.13,33250.07,481759.11,3,3,3,2
IND24057,31081,29-09-2011,BE37,205494.12,14821.2,1,311.45,1886976.73,2365411.67,1544359.69,246315.6,33050.06,1779026.34,3,4,3,3
IND73753,11036,18-09-1999,BE34,27514.69,6758,1,472.39,72751.46,379435.57,289466.31,104755.51,19041.59,367893.84,1,1,3,4
IND23130,22928,1/10/2021,BE17,292770.14,50378.4,2,2913.12,207917.14,359098.54,410398.33,60533.75,20133.29,437118.7,0,2,3,5
IND49045,42531,10/6/2004,BE09,198096.2,11072.16,2,6595.85,114777.98,917484.85,732223.49,121478.52,20052.03,1698348.54,0,4,4,6
IND15747,42864,8/2/2002,BE23,362306.18,44052.2,2,7059.63,964779.41,2774465.91,1439912.69,164360.77,23523.13,1068649.97,0,3,4,7
IND20560,13518,9/11/2004,BE36,139988.22,11940.28,1,2725.87,935799.48,124273.65,26695.82,36600.89,26586.85,269082,1,2,3,8
IND89128,42936,24-10-2000,BE39,33068.7,33989.4,1,278.62,55472.27,96495.57,28319.35,88817.88,30365.66,256321.89,3,2,1,9
IND66207,41092,5/8/2020,BE11,174802.46,65530.92,1,6168.37,955717.01,1776637.42,448471.58,1225362.35,50727.61,499975.5,2,4,2,10
IND40294,12377,12/10/2020,BE02,61636.21,16324.7,3,3175.48,287448.7,103147.24,58137.53,26368.18,9625.77,99371.97,1,1,3,11
IND90506,3383,8/4/2002,BE48,95092.11,21094.15,1,6448.99,101219.03,677319.49,338659.74,242851.81,23398.06,203476.06,3,2,4,12
IND82575,42011,14-06-2020,BE33,137228.52,44184.4,1,1433.48,508536.52,115188.95,57594.48,171290.24,7320.46,900304.47,1,2,1,13
IND22602,18592,4/8/2015,BE28,86940.95,12303.9,2,2040.85,216689.7,566112.05,210537.54,149247.72,5029.06,372413.2,0,1,1,14
IND32945,36433,22-11-2006,BE39,248004.44,33819.76,1,577.38,189579.46,1052953.51,579477.77,85225.63,13528.13,2192573.71,2,2,1,15
IND24180,29021,15-10-2020,BE44,220337.08,25245.46,1,1881.86,744311,353911.49,109834.6,178176.13,13489.86,512965.6,1,2,2,16
IND43809,29484,29-10-2007,BE33,338674.04,61516.2,1,344.33,67113.14,295854.26,309942.56,122943.88,621.72,952042.96,1,4,2,17
IND86910,3962,26-06-2021,BE21,359289.6,68461.12,1,1015.11,993970.51,964151.4,815055.82,203962.75,38662.26,1492177.87,0,4,3,18
IND17854,30951,28-08-2010,BE33,172210.31,13336.37,1,6019.43,1691022.41,1119262.6,613521.72,116403.31,23747.59,848784.54,3,3,3,19
IND82540,30950,22-04-2009,BE03,373315.24,55703.79,1,4560,1006783.09,688411.85,479567.81,323321.52,62882.58,510841.34,2,3,3,20
IND26234,34719,30-08-1999,BE11,238756.39,33685.52,1,6721.44,75127.98,254032.81,184508.04,50565.9,47314.26,703736.44,0,4,3,21
IND38793,9401,22-04-2013,BE27,136993.01,26132.34,2,2899.87,328610.74,550592.01,308665.22,78083.96,27069.73,708248.46,3,1,3,22
IND49322,5411,12/1/1996,BE01,104969.77,16207.79,1,4486.6,204480.31,1087915.49,566160.1,440605.77,57773.66,191774.98,2,4,3,1
IND86286,15970,1/3/2016,BE20,55803.05,4509.56,2,2337.38,796661.79,1011369.95,423364.17,411133.65,35180.98,716234.57,3,2,3,2
IND92223,18341,20-12-2014,BE20,59987.49,13287.68,1,920.08,897469.78,354030.9,130256.65,242444.37,17771.2,1437562.08,2,2,4,3
IND68280,36480,28-03-2003,BE14,70501.02,2847.8,1,1113.16,137866.3,190187.84,90959.4,180981.64,12921.86,371348.18,0,1,4,4
IND87450,1184,5/7/2007,BE41,59768.75,15256.25,1,1294,116161,106658.24,46662.98,99658.79,13589.2,137838,3,1,3,8
IND51266,25316,5/6/2017,BE14,126495.38,26566.69,1,2357.38,298416.4,264490.46,188281.34,215806.28,15867.16,520962.55,3,1,1,9
IND68515,11154,4/12/2021,BE17,446770.81,20431.73,2,1504.63,866230.45,3890598.08,1969923.08,482631.15,49155.13,1156672.62,2,4,2,10
IND22846,6338,17-04-2020,BE15,303829.69,13388.07,1,2446.86,314467.32,59044.12,20410.31,30440.52,29712.24,899282.95,2,2,3,11
IND70559,40710,31-01-2019,BE43,56861.37,20159.04,3,324.05,657736,1206135,705282.33,316865.98,16297.03,1656805,3,2,4,12
IND58661,26906,25-12-1999,BE21,266959.84,24591.7,2,5225.56,628014.58,646178.74,576945.31,173083.59,941.98,509266.8,1,2,1,13
IND23121,3684,3/8/2015,BE16,162388.33,17051.4,1,418.61,230956.27,762328.25,418221.75,65591.99,459.43,1244204.71,2,2,1,14
IND75610,4322,30-10-2020,BE47,152605.64,16132.62,2,1094.21,283293.42,370664.48,248563.24,195013.12,25294.88,265156.75,2,1,1,15
IND96933,774,26-05-2011,BE25,455859.89,20830.1,1,5386.42,807653.9,506526.41,168842.14,243793.36,65502.67,524468.24,0,4,2,1
IND59583,35292,13-06-2001,BE21,244722.66,58019.35,1,5268.25,805464.63,335673,160539.26,293349.01,20436.52,1591663.47,0,5,2,2
IND64445,20043,17-10-2012,BE16,145929,9192,2,209.58,642987.72,528116.25,413585.02,211564.64,39254.44,207783.03,3,2,3,3
IND16141,15016,21-03-2005,BE22,340620.92,13051.75,2,1957.85,361330.66,408152.38,344818.39,190213.08,12113.47,1014594.79,2,3,3,4
IND16245,17069,13-05-2008,BE36,87756.88,13734,1,611,378562.6,127377.06,66138.09,29860.12,20495.02,86328.58,2,1,3,5
IND51347,25594,17-12-2014,BE12,143783.2,9774.29,1,1838.16,222209.05,540814.57,373162.05,139151.59,15997.32,784376.32,0,1,3,6
IND74826,29157,14-03-2019,BE21,94100.43,17554.86,1,699.99,90544.73,650368.82,218658.48,355684.47,12835.21,273553.43,1,1,3,7
IND49841,15087,14-01-2008,BE41,247280.35,17404.41,2,2403.72,143660.95,192955.96,291254.28,59707.13,15073.39,400699.72,0,2,3,8
IND92294,32199,24-08-2010,BE38,331759.84,31363.64,1,2218.1,1000954.99,475504.33,324461.78,279596.55,51420.14,835541.25,3,3,3,9
IND13248,31760,26-01-2010,BE43,67646.56,1606.25,1,1407.58,270694.94,27280.61,13010.75,14479.71,8318.7,238537,3,1,4,10
IND78119,40315,31-10-2008,BE05,345696.55,10441.06,3,1818.71,717055.82,147698.37,113349.91,61895.92,5289,471020,3,3,4,11
IND45023,33592,24-05-2021,BE44,112870.08,32374.2,1,799.18,900385.93,1435680.24,396419.17,526487.51,28185.83,1417066.08,1,2,1,12
IND25976,5071,13-12-2021,BE48,163505.32,32595.12,2,4321.13,768675.87,1230159.33,299786.73,447715.97,55078,1126976.28,1,2,2,13
IND39108,38823,14-03-2015,BE31,221165.78,21311.16,1,7306.48,782563.02,2140190.29,781992.61,430644.7,20385.46,1253848.32,2,2,3,14
IND16958,36080,28-02-2017,BE48,91667.36,22934.1,2,4658.15,257599.6,945239.66,462564.09,110143.88,38451.05,1143777.05,2,1,4,15
IND26204,6283,13-06-2012,BE46,64318.5,22468.5,1,5126.54,535407.39,131688.7,55760.08,38355.82,33785.07,386056.89,3,2,1,16
IND99025,1031,1/11/2000,BE12,47528.21,20520.08,1,5525.3,159111.39,936383.12,664271.79,170069.58,56265.96,705328.04,2,2,1,17
IND54417,16098,18-07-2015,BE05,69757.28,46121.02,2,3893.16,438835.91,287835.91,113512.75,251025.34,14741.62,354068.52,2,2,1,18
IND76613,2785,15-12-1995,BE49,89384.26,9857.4,1,4683.42,283922.73,99189.09,48933.28,18052.41,51384.06,608804.28,1,1,2,19
IND77083,31085,5/10/2006,BE05,137924.08,17677.2,1,3310.24,613845.52,269797.11,158704.18,168226.43,20991.26,868018.98,3,1,2,20
IND65802,32606,5/1/2014,BE10,54579.53,41182.7,2,4508.17,825130.85,1168651.99,332461.34,647997.38,53996.2,1012159.8,0,2,3,21
IND80061,4609,9/7/2020,BE22,124234.27,8070.03,1,1035.86,153164.13,336228.37,205794.95,90781.66,20133.1,674567.26,2,1,3,22
IND68708,15241,7/5/2010,BE26,223989.18,8430.24,3,5969.46,637300.87,532843.85,146038.69,243687.25,4696.38,930966.78,1,3,3,1
IND90486,27231,13-02-2007,BE12,236722.44,47236.57,2,6535.2,535361.91,681186.57,396038.7,154455.09,11236.15,283675.88,3,2,3,2
IND78396,41213,24-06-2020,BE26,280142.4,42962.4,1,2230.2,1094204.92,0,0,0,21942.14,301544.21,2,2,3,3
IND80646,41861,4/5/2009,BE14,77026.85,27200.88,2,3224.84,350098.74,1032296.83,338963.14,470234.32,47135.63,543992.91,0,1,3,4
IND61166,28691,26-05-2013,BE24,73475.15,38312.32,1,2055.21,203929.69,410919.01,305555.16,203562.95,33945.6,302462.78,0,2,3,8
IND64879,12428,25-11-2020,BE43,193779.18,60467.3,1,7686.69,795551.65,627661.99,158329.15,386775.5,41536.64,331996.89,3,4,4,9
IND59415,19815,26-10-1999,BE18,119101.35,35146.2,1,216.91,740668.24,222029.98,64933.3,130076.05,37738.33,326036.59,0,2,4,10
IND97044,10729,16-02-2000,BE48,243077.73,34902.7,3,4071.31,222845.73,1042355.6,614245.26,389208.13,15041.04,1738690.13,3,2,1,11
IND68021,28581,21-10-2008,BE31,161778.27,26341.2,1,2069.34,856379.12,693314.74,445090.94,402636.12,54605.23,777518.52,1,3,2,12
IND72946,529,25-11-2006,BE08,135668.24,4835.53,1,448.97,572186.71,446124.61,264886.49,203823.18,29308.26,243587.28,0,1,3,13
IND58634,16304,3/1/2000,BE25,283534.13,56172.75,1,1864.5,307744.8,556885.56,284771.03,313248.13,2139.06,731803.38,1,3,4,14
IND50985,19619,26-10-2015,BE45,187068.34,33993.85,1,4178.48,937917.29,1303676.98,298932.3,441091.22,44780.25,1328572.47,0,2,1,15
IND23452,17677,10/10/2001,BE26,26691.56,2617.5,1,1493.72,234570.75,455937.82,242882.76,108104.14,17093.79,127376.01,0,1,1,1
IND77117,40157,8/9/1996,BE39,40920.84,18679.98,1,889.71,516676.84,275056.64,168894.43,76726.32,8709.41,860302.06,3,1,1,2
IND19327,17629,20-09-2020,BE28,42085.37,16982.9,3,3804.62,339248.29,332126.05,210456.11,65109.86,45594.88,624929.72,0,2,2,3
IND96247,12818,12/8/2009,BE40,182270.3,25891.2,2,1620.66,122514.24,156565.34,209738.48,104514.75,20617.51,1109415.87,0,5,2,4
IND40048,14033,6/6/2011,BE16,125120.17,20429.5,2,749.11,498763.36,776817.51,512187.37,249264.52,5281.37,1029228.29,3,2,3,5
IND29312,3959,12/6/2001,BE15,121752.06,31512.96,1,2465.89,704962.44,391066.14,367000.53,150169.4,42508.91,600400.48,2,2,3,6
IND91194,18232,15-06-1995,BE21,190491.93,23924.88,1,1403.68,1366594.52,681478.11,234607.22,382298.05,8998.33,916987.23,1,2,3,7
IND29701,42233,21-07-1996,BE08,347932.8,58421.6,2,622.3,257923.74,326853.43,248798.88,152986.92,41523.38,736855.82,0,3,3,8
IND76758,16436,6/1/2008,BE03,183442.48,42297.04,1,1993.28,471206.78,126741.67,46412.44,138701.8,45712.21,311211.06,3,3,3,9
IND80021,39243,23-08-2009,BE02,74614.58,6165.88,3,461.44,90295.51,374513.19,135812.48,297799.72,70.83,131724.47,1,1,3,10
IND90597,12601,5/3/2011,BE30,423137.74,16354,1,1116.9,584990.91,530781.48,336161.6,641714.81,40540.92,0,2,4,3,11
IND36038,29534,16-04-1999,BE40,126994.67,45002.16,3,918.84,816538.67,1418385.14,396667.03,563747.99,19105.38,1653331.26,3,2,4,12
IND65968,24050,14-08-2019,BE19,185416.36,50291.64,3,452.32,793668.26,1211394.09,600927.78,338808.8,86244.38,2623646.31,3,3,4,13
IND22142,31952,20-03-1996,BE33,296441.07,25646.92,1,2740.79,1423871.83,954905.24,477452.62,288225.48,32169.68,1595502.15,1,4,1,14
IND32126,42021,10/6/2009,BE17,66888.63,11009.31,1,2046.47,213976.71,420132.51,227571.78,140744.39,2146.06,561056,2,1,2,15
IND55096,16207,2/9/2000,BE25,178742.31,18878.86,1,443.02,419469.23,147522.02,115304.57,46664.44,22403.6,706528.29,2,2,3,16
IND62447,23549,25-09-2007,BE19,88000.07,13229.92,1,2354.22,653528.89,1131215.03,463174.66,397617.63,9357.11,138982.5,2,2,4,17
IND68508,35626,2/4/2015,BE01,97918.08,30549,1,1832.15,782160.25,367026.67,286582.47,211869.92,34597.18,377680.39,1,2,1,18
IND69834,35330,22-09-2019,BE01,328810.06,27827.28,1,3220.04,94231.12,284288.86,305347.3,218902.43,29725.7,140591.25,2,2,1,19
IND45589,34128,7/7/2012,BE33,99113.71,10702.23,3,4072.28,247887.42,697496.02,164948.38,238939.51,23459.81,587505.15,2,1,1,20
IND64345,30447,16-12-2002,BE43,172352.72,4285.44,1,2762.38,172387.01,41045.71,19762.75,53435.43,7493.64,677016.23,2,2,2,21
IND77099,17273,23-10-2020,BE38,170998.97,48033.37,2,6876.87,1354308.34,812601.79,300662.66,542655.48,38218.95,1687910.84,3,3,2,22
IND23075,7473,10/7/2005,BE36,357944.04,44053.2,2,9837.83,1687860.5,272673.23,123942.38,48750.67,49768.88,1512885.92,3,4,3,1
IND95786,30336,10/7/2014,BE43,207395.96,26423.08,1,7882.74,593839.33,1353471.66,376529.71,782164.15,66350.34,1942767.02,2,3,3,2
IND30950,11171,22-11-2000,BE38,41423.42,18651.46,1,793.34,503119.15,59947.95,32737.54,6356.18,19520.45,887127.67,1,1,3,3
IND22467,4425,18-12-1999,BE10,143170.19,19029.6,2,243.35,900692.86,0,0,0,19859.8,992065.8,3,2,3,4
IND61104,8672,5/9/1996,BE44,199127.91,21470.62,3,5785.64,347902.54,506306.83,148913.77,319668.23,20108.74,1500775.1,2,3,3,8
IND31340,19509,18-05-2009,BE48,197866.91,33104.96,1,2800.28,642385.05,334596.57,185632.34,28738.64,12558.34,1158750.14,3,2,3,9
IND97227,32821,11/11/2008,BE22,71724.65,21190.16,1,1142.41,557275.17,108466.28,22308.67,67179.86,30545.45,887492.13,1,1,3,10
IND51772,26182,14-04-2005,BE22,433015.61,42292.65,2,1419.3,1396318.38,0,0,0,34695.58,1980823.97,3,3,4,11
IND97733,41078,5/3/2009,BE24,236954.14,21430.61,1,4829.32,742124.15,189929.59,101546.52,107263.21,22040.11,1824725.34,2,2,4,12
IND94420,30428,3/9/2002,BE08,347506.83,56643.14,1,5535.39,1077668.47,228420,218037.27,50252.4,35022.86,1801444.09,1,3,1,13
IND23132,33448,17-02-2020,BE45,81404.69,19174,1,977.71,171160.8,176184.24,116693.46,66149.17,6541.15,255239.99,3,1,2,14
IND37935,21727,15-03-2000,BE02,184463.57,28482.35,1,8958.2,1013173.15,1997339,546035.12,641447.57,38482.78,1447952.71,0,2,3,15
IND82385,29634,9/6/2006,BE15,286833.79,24870.32,2,4559.81,689264.8,155881.11,86443.16,60793.63,33450.56,473631.36,0,2,4,1
IND70540,19917,1/1/2017,BE17,234921.33,24974.26,1,7956.3,1236125.79,1166846.93,706531.17,363970.6,73406.25,534266.84,0,3,1,2
IND64051,36869,11/4/2020,BE15,54580.1,10827.68,1,6272.78,985812.95,1484654.39,673708.72,539466.02,36491.59,1004302.95,2,2,1,3
IND29216,19905,2/11/2013,BE23,243019.98,47511.36,1,985.29,130808.17,302827.01,400347.58,72267.87,30474.44,654628.52,0,3,1,4
IND50658,20625,20-02-2012,BE44,66144.86,11830.83,3,1875.46,247173.7,517617.75,222413.88,151039.24,30576.69,738236.51,2,1,2,5
IND98869,14471,27-07-2003,BE42,44231.62,23320.44,2,778.03,448474.88,210065.07,169667.94,124557.81,7243.92,198561.45,2,2,2,6
IND26568,31363,3/2/2007,BE23,262208.39,58676.56,1,634.14,53339.6,413171.42,191829.59,338505.45,22809.18,662886.04,2,3,3,7
IND21009,26056,10/9/2006,BE10,162116.96,47411.65,2,2642.12,317002.4,524488.64,334361.51,183112.1,15214.68,1065429.56,1,2,3,8
IND21838,743,29-10-2009,BE42,98690.55,31774.63,1,2657.13,1579301.37,592875.77,228029.14,88171.27,100465.97,1242582.1,3,2,3,9
IND17701,2509,1/8/2006,BE17,82414.38,15019.75,1,117.82,244323.64,170188.99,96968.14,54500.05,16683.57,487931.11,3,1,3,10
IND95185,32700,20-08-2016,BE03,333873.97,40151.25,1,2673.45,976021.92,272917.58,169163.79,68229.4,48750.73,587022.39,0,3,3,11
IND99321,6427,21-02-2011,BE11,101280.4,38744.8,2,4111.52,0,135513.26,117444.82,41406.83,34137.76,442229.94,2,3,3,12
IND93185,30588,29-05-2013,BE01,62546.72,27911.1,1,2793.88,329800.06,244297.86,217451.94,61208.7,11470.46,295167.65,0,1,3,13
IND43584,10948,20-07-2006,BE31,323196.7,57873.27,1,4821.4,235971.06,449101.83,328993.2,146845.85,40135.69,1743999.58,1,4,4,14
IND19265,27891,9/10/2018,BE24,163975.08,6904.38,1,908.41,514321.28,144554.63,118812.02,43564.41,16099,675986.97,3,2,4,15
IND81391,13537,18-06-2005,BE43,402718.11,58736.61,1,4112.85,363138.89,476277.95,339266.48,341354.28,21843.91,693155.05,1,3,1,16
IND31357,42047,8/10/2007,BE10,192479.87,58742.3,1,7111.72,181420.65,1034707.97,808365.6,177840.43,499.49,292596.77,3,4,2,17
IND73056,19145,7/5/2016,BE31,227250.89,46770.04,1,3155.84,251052.6,2109610.09,697244.01,1112372.37,37511.82,695101,0,5,3,18
IND70935,16525,26-07-2017,BE40,76171.91,62695.19,2,4554.03,629673.7,333106.94,135872.57,302426.04,15128.28,921513.13,1,3,4,19
IND52716,18803,30-04-2013,BE42,50643.44,15186.75,1,79.07,488341.35,136187.5,32425.6,63554.17,17281.85,59911.11,1,1,1,20
IND22605,36850,31-07-2005,BE09,198506.33,43878.45,1,2544.55,292235.24,0,0,0,46739.22,654069.52,3,2,1,21
IND55690,13782,1/11/2021,BE35,85031.17,5254.59,1,677.17,346606.26,352507.06,252224.88,44944.65,7376.94,0,2,1,1,22
IND13395,19581,2/11/2019,BE14,364513.86,48900.6,1,4294.49,63118.15,321916.53,394070.24,80479.13,26637.14,1005176.25,3,4,2,1
IND51390,16211,2/11/2018,BE33,287767.5,16043.75,1,4195.26,417783.64,419185.54,644303.7,109531.63,28074.74,893733.13,1,4,2,2
IND45563,35742,11/8/2001,BE23,132163.92,19996.4,2,1988.56,340874.83,311874.17,358422.56,83507.8,4649,154235.34,1,1,3,3
IND39191,11231,5/4/2001,BE21,19831.49,20224.4,1,929.98,397362.7,63120.44,25412.12,41290.6,9690.27,270674.58,3,1,3,4
IND15088,12337,14-03-2013,BE45,67454.44,18561.11,1,2850.42,202973.22,515252.11,197330.6,182421.17,29202.53,460614.28,1,1,3,8
IND36682,6739,2/9/2021,BE44,117770.23,13432.22,1,4949.74,1170149.44,370857.62,162656.85,113859.8,19534.49,1166836.17,2,2,3,9
IND52986,38502,4/11/2015,BE21,403281.51,43655.92,2,5223.4,553744.38,478960.24,313393.74,236227.92,5801.48,1732498.89,0,4,3,10
IND61440,4019,13-11-2003,BE01,71031.74,35318.72,2,1934.52,543903.54,2181586.39,891070.5,593637.31,25402.04,604293.01,3,3,3,11
IND99015,41607,18-12-2012,BE38,102785.76,18023.2,1,3640.37,1291456.9,540168.09,148636.86,267365.08,108374.26,1918724.26,0,3,3,12
IND54373,36978,13-10-2009,BE04,284195.29,33799.58,1,4595.81,829864.07,762603.38,240078.84,400790.44,15438.15,1967482.98,2,5,4,13
IND87901,38178,17-10-2006,BE21,28916.56,18960.04,1,2537.17,411663.3,556226.56,322970.26,316391.24,29204.91,312349.9,2,1,4,14
IND64411,4876,28-08-2010,BE28,230426.15,24638.11,1,1326.59,381936.29,141945.93,76650.8,196879,13577.81,660537.15,2,2,1,15
IND51179,6858,4/11/2005,BE02,358617.17,62413.95,1,1597.4,735813.67,540484.34,315867.47,320430,740.91,882359.83,2,3,2,1
IND74150,31754,29-03-2020,BE48,21970.97,7296.21,2,204.71,258938.79,127319.24,108595.82,80997.51,8921.12,116205.76,0,1,3,2
IND71806,2783,21-04-2010,BE40,157903.39,24730.79,1,1723.95,222678.45,89287.6,54605.64,19377.62,21003.39,995856.75,0,1,4,3
IND92305,14885,21-04-2018,BE01,27469.92,15909.92,1,2995.14,472794.65,535094.2,233680.38,124934.34,30842.04,123411.3,3,1,1,4
IND50530,15976,5/3/2017,BE14,150224.49,13471.78,1,10.68,48561.78,175088.88,120894.7,72661.89,78.87,405905.02,1,1,1,5
IND23766,27916,23-11-2004,BE30,222977.36,34262.65,1,5567.23,278909.21,821381.48,497151.95,344331.76,34701.18,1256329.17,3,4,1,6
IND51999,41329,7/11/2011,BE30,53692.16,21817.95,1,3485.44,492002.97,1748950.02,511597.63,569658.01,35765.61,1918772.63,0,2,2,7
IND74286,2474,7/8/2010,BE07,315625.9,7689.95,1,3854.92,173071.87,290695.76,349743.33,107602.85,21933.25,413073.87,0,3,2,8
IND96410,14593,25-08-2001,BE22,68785.31,6001.5,1,1473.24,452592.97,67101.73,40379.8,23182.76,5537.85,716674.82,0,1,3,9
IND19975,28644,31-03-2010,BE30,44664.01,22347.05,1,155.9,861778.17,856487.3,417263.04,176275.34,36125.73,1149200.02,1,1,3,10
IND33502,16878,3/1/2017,BE41,102662.31,29101.05,2,6378.37,890491.39,147432.65,36543.14,60838.02,31572.04,432845.77,0,2,3,11
IND66341,23361,10/1/2019,BE41,336627.38,34353,1,740.09,257342.64,1769697.67,1059031.68,321053.81,30243.78,1803174.89,2,3,3,12
IND70050,33429,3/11/2012,BE46,388550.52,72210.32,1,8095.65,2381138.32,1246002.33,276889.41,582506.09,74882.81,2238560.25,3,4,3,13
IND96601,42072,1/10/2020,BE36,335346.96,11722.05,1,3055.77,543866.64,311496.34,269963.49,306512.39,31149.36,701015.64,1,5,3,14
IND95215,37847,2/6/2019,BE34,424394.33,42781.52,1,2730.98,1200805.46,805006.72,276991.56,712214.55,37754.4,1717982.32,2,3,3,15
IND77741,4384,13-11-2006,BE12,256234.92,61022.76,1,6906.18,1677991.21,1635153.76,649422.77,540876.39,58327.15,1427372.62,0,3,4,16
IND80280,12779,13-12-1996,BE16,36030.3,31578.36,1,1219.38,530279.44,166642.06,160313.88,54675.47,18631.01,599993.75,1,2,4,17
IND41934,649,12/9/2003,BE48,199546.53,12853.32,1,4383.23,975487.5,781992.09,243981.53,286209.11,7917.75,2038248.79,2,2,1,18
IND90650,6011,4/12/2002,BE11,79425.62,9808.56,1,614.92,487050.58,580085.14,199599.19,496253.48,32646.39,510896.6,2,1,2,19
IND94273,15239,17-06-2013,BE48,37600.42,12698.52,3,821.54,250595.95,519934.04,234336.47,159495.26,14215.34,389519.56,0,1,3,20
IND44029,28171,3/5/2003,BE47,222815.17,40789.28,1,4068.8,961006.42,88271.98,29724.24,46468.89,42918.9,912686.23,0,2,4,21
IND45063,38300,16-11-2020,BE16,141963.47,12185.08,1,1073.26,599113.56,1209702.56,425951.61,332242.25,24756.85,413357.88,1,1,1,22
IND70183,42747,18-03-2005,BE36,75807.36,17002.7,2,3280.38,647520.73,26021.94,20395.58,14769.21,23382.82,414144.95,0,2,1,1
IND35875,30620,16-12-2003,BE35,196216.48,46580.16,1,5982.17,1520782.98,570748.36,300623.18,94543.81,43542.99,1208409.05,0,2,1,2
IND75766,6433,1/4/2019,BE32,397676.18,46862.55,2,10269.45,772691.72,1282034.49,309753.3,572699.43,89158.1,1114325.48,1,5,2,3
IND52274,41138,29-01-2019,BE08,95884.87,13662.34,1,443.58,49153.64,529249.04,543553.07,144184.6,7199.22,998314.12,0,2,2,4
IND25512,15353,10/12/1996,BE17,170389.44,44144.48,2,6518.7,566788.22,2195313.28,1118367.14,160023.15,316.19,1866373.72,0,2,3,8
IND85958,6801,4/8/2006,BE05,77420.05,25194.68,1,2804.37,1802064.59,3047678.11,1552957,438710.35,80730.17,1959127.99,3,2,3,9
IND24266,16402,17-09-2002,BE19,163043.73,21898.8,1,4012.27,1072353.02,0,0,0,40255.35,1302218.19,1,3,3,10
IND19846,33054,13-06-2019,BE03,97502.58,5150.34,2,1344.22,157753.41,150704.23,101864.9,21098.59,20996.65,385928.65,2,1,3,11
IND93267,28350,20-09-2013,BE05,191630.74,31036.46,2,5646.48,1397029.05,1049952.8,464733.21,475060.61,2821.02,703070.79,0,4,3,12
IND80594,12419,3/10/2018,BE44,66802.23,21204,2,2798.68,386423.99,531230.57,249678.37,306891.9,21076.9,649812.08,3,1,3,13
IND80690,6674,26-03-2004,BE10,110364.71,24412.82,1,752.52,94224.55,350433.96,303360.74,239445.77,26551.58,479127.01,2,2,3,14
IND13801,8332,31-12-2016,BE45,125706.35,30939.57,1,4904.42,1617744.24,243600.03,94621.5,54417.43,16818.52,526397.01,2,3,4,15
IND80847,14854,23-03-2020,BE30,30509.3,16039.13,2,116.14,447251.73,127045.88,86132.8,23471.19,33808.99,708654.19,1,1,4,1
IND56469,23145,13-08-2000,BE43,174820.33,39963.52,1,1423.87,376822.89,933331.01,460184.04,165407,48243,1101798.6,1,2,1,2
IND96719,31263,14-09-2020,BE32,214432.05,19656,1,2129.4,601115.76,506969.44,321080.65,297929.04,6751.08,1457392.86,3,2,2,3
IND69161,35334,11/4/2020,BE21,158390.39,42135.6,1,92.75,424424.85,348631.44,228195.13,401623.42,2156.06,787650.25,0,3,3,4
IND63563,32711,7/11/2007,BE32,191377.91,43629.74,1,3899.23,1444418.31,1425990.31,753353.37,556405.28,43399.16,1256997.06,2,3,4,5
IND33616,30784,11/3/2012,BE35,70008.45,18547.88,3,243.3,139171.91,45857.72,21291.09,41206.44,9063.16,34164.75,3,1,1,6
IND61446,9033,6/10/2000,BE01,65431.3,25178.1,1,2991.32,352619.01,509618.04,364012.89,180326.38,13655.57,680989.78,0,2,1,7
IND71063,24062,19-03-2001,BE21,315981.67,43658.61,1,6394.97,758590.98,1045776.75,366021.86,679754.89,66448.19,1445831.22,1,2,1,8
IND41653,7669,7/3/2021,BE30,66391.14,13088.72,1,141.3,536031.45,107038.73,72218.9,42557.57,3854.82,755302.89,3,1,2,9
IND82371,33117,16-12-2001,BE40,51443.62,8991.84,1,7099.67,261255.79,530295.83,158750.98,196918.77,66527.81,1738470.8,0,2,2,10
IND75420,14413,17-01-2001,BE01,209712.86,16818.27,1,2467.83,226487.54,39921.32,64187.22,14653.47,12887.17,96489.56,1,2,3,11
IND95008,25002,19-06-2016,BE31,417117.08,7290.91,1,7436.68,981015.4,2057795.31,1248170.92,530641.31,64086.92,1188000.12,1,3,3,12
IND56438,7822,10/4/2019,BE40,82231.69,14281.92,1,4312.71,36652.66,743620.88,378112.31,221825.89,20722.36,479827.46,1,1,3,13
IND62378,34571,5/4/2012,BE17,158077.07,26127.99,1,6228,262656.05,1211126.42,622230.09,454672.42,41574.52,1004496.25,2,2,3,14
IND84180,15142,17-03-2019,BE48,277452.63,49296.45,1,2428.38,205873.6,141935.64,171393.98,107978.21,25416.68,601229.85,2,5,3,15
IND69349,18379,8/12/2004,BE13,350625.04,27300.3,1,6833.39,867561.77,796059.43,314721.17,299355.37,89702.47,963282.93,0,4,3,16
IND65968,8473,27-10-2001,BE34,185599.45,23896.32,2,1233.15,457126.66,303143.84,249011.02,107399.53,26623.11,407741.25,1,2,3,17
IND83086,14376,2/12/2008,BE34,95819.67,2697.8,1,1816.94,780831.58,253946.59,67504.79,103475.2,9755.8,351955.74,0,1,4,18
IND70927,11190,28-02-2013,BE21,30898.92,21343.5,3,845.99,162813.13,150843.39,149003.84,34951.52,5480.14,395819.66,1,1,4,19
IND71808,17834,7/2/2004,BE45,66283.45,28269.72,2,3500.2,508481.5,363561.05,331244.51,73439.33,9567.96,319287.61,0,2,1,20
IND17448,14779,3/2/2020,BE34,46525.22,5173.56,1,1349.77,381700.42,116082.89,61455.65,40560.73,17195.67,597224.79,1,1,2,21
IND24125,35662,30-04-2018,BE01,231731.08,73595.55,1,2370.78,1198853.05,99957.67,50540.4,37062.96,106.53,652778.42,2,5,3,22
IND96154,11043,13-02-2021,BE39,122947.04,31710.43,1,364.7,34744.49,214791.36,149788.71,162054.43,22845.44,177518.04,2,2,4,1
IND35689,11467,13-03-1995,BE31,123401.7,70315.52,1,5618.62,1033489.82,1572645.27,875211.28,344614.44,85673.9,1678416.17,2,4,1,2
IND28975,21777,2/6/2011,BE27,342354.81,25422.7,2,5913.22,1475135.45,1251739.72,561804.44,271243.13,64653.54,616714.62,1,3,1,3
IND39526,18447,11/1/2020,BE45,59012.4,22778.92,2,1249.74,65119.84,66531.74,25265.22,43035.09,4403.3,371481.53,0,1,1,4
IND96775,18822,24-10-2005,BE05,162714.82,21954.24,1,342.57,342340.6,81825.8,35481.98,45424.18,24733.71,873421.3,3,2,2,8
IND90131,467,22-11-1995,BE21,157581.38,33288,1,5292.45,785409.84,1042672.65,466458.82,524354.59,18663.8,1436150.34,1,3,2,9
IND68422,28613,28-10-2017,BE23,75751.94,25677.08,1,6576.37,467736.47,434860.5,185978.08,85768.71,22662.59,1703957.08,1,2,3,10
IND34367,533,28-10-2014,BE04,121290.33,21999.78,1,2810.3,1354505.05,2640689.23,604079.24,762865.78,2175.48,1101119.76,3,3,3,11
IND56930,32252,21-03-2018,BE26,100123.92,16866.9,1,5213.44,1263579.47,300310.91,226208.21,144149.23,52584.84,588852.5,1,4,3,12
IND47675,5209,22-10-1995,BE19,41697.2,19048.16,3,4324.19,135573.47,1188019.35,282047.76,458113.94,30149.8,751123.18,1,2,3,13
IND91448,20243,2/7/1995,BE20,20674.14,22214.91,3,2668.36,770743.92,665784.05,246586.69,290972.29,20937.56,316932.98,0,1,3,14
IND37820,18920,9/9/2019,BE15,158667.27,11230.96,2,169.94,595889.48,108528.91,81111.08,23522.21,25136.7,760343.56,1,2,3,15
IND25754,8104,9/6/2005,BE06,42783.86,8986.11,1,3264.19,703366.71,0,0,0,44402.48,1159400.47,1,2,3,1
IND50610,38825,8/3/2008,BE28,73154.79,28365.12,1,6759.92,860465.42,1636294.1,597876.69,809650.91,5187.44,730930.64,1,3,4,2
IND26467,3351,5/10/2015,BE45,179278.41,35155.74,1,5878.44,271176.21,153422.33,71597.09,46202.04,17116.17,1525523.09,0,2,4,3
IND73333,2054,21-03-2012,BE47,337287.43,16309.53,2,1813.65,112600.93,211212.83,171610.42,161577.81,413.34,1031824.45,0,2,3,4
IND69547,11955,1/6/2011,BE05,91325.45,40384.32,2,8142.08,1722890.07,247701.74,52064.7,104650.04,33788.13,1256481.75,1,2,1,5
IND14819,4878,25-01-2019,BE48,123570.37,7933.2,1,1478.23,464089.94,19275.25,16761.09,5698.77,25492.38,534089.17,1,2,2,6
IND43846,9736,9/11/2012,BE10,208133.32,23802.24,3,1476.26,707351.57,1525936.45,1074790.02,194125.65,62873.28,721018.12,1,2,3,7
IND50683,19885,14-03-2019,BE37,171731.73,10815.36,1,4130.69,378784.85,901622.66,281306.27,365193.24,19452.66,1341318.89,1,2,4,8
IND70906,31831,28-06-2020,BE12,89041.08,17562.24,1,1276.31,207413.11,65425.86,87586.24,17939.35,2289.93,460558.02,3,1,1,9
IND57481,39581,21-12-2021,BE05,90878.3,40976.39,2,1848.48,1479472.5,1142056.35,692722.7,216616.26,3673.65,945657.26,3,4,1,10
IND59872,23804,11/12/2021,BE37,194269.93,52194.36,1,3085.91,1036239.1,1621386.24,594095.72,585679.37,6651.8,848117.62,0,2,1,11
IND29699,24321,18-01-2006,BE10,244407.55,7794.62,1,160.92,148105.88,1349926.19,714666.81,177872.63,2931.97,1464641.47,2,2,2,12
IND74437,19548,13-10-2003,BE37,89835.34,10536.85,3,478.23,1170365.01,1045397.52,872960.82,210911.64,43825.62,1325281.55,0,3,2,13
IND72103,40821,27-05-2021,BE26,251512.74,44473.28,1,3613.77,337250.6,136148.51,122302.9,109541.86,34364.68,251233.8,2,5,3,14
IND49677,7641,18-07-2006,BE24,29990.47,3006.14,3,2847.68,416331.58,154325.5,44093,84364.61,16184.48,493787.55,1,1,3,15
IND68590,34236,27-09-2019,BE49,89882.99,19533.21,3,2666.57,857309,222362.18,157424.55,38569.01,62249.69,1491923.98,2,2,3,16
IND42163,29628,1/2/2007,BE29,166062.12,32686.84,1,83.8,94568.8,136205.19,63238.12,134989.07,14772.92,336401.2,0,1,3,17
IND25041,32066,14-03-2013,BE13,245836.28,30283,1,759.19,757839.23,97270.64,74744.81,16587.2,3237.41,437606.29,3,2,3,18
IND32204,23669,8/3/2020,BE02,340982.2,51114.38,1,2538.76,923578.54,222884.56,166278.96,125629.06,22111.56,1006246.11,1,5,3,19
IND94129,27712,21-11-2017,BE36,99927.63,6232.67,1,579.14,115782.46,17503.97,13791.01,15276.19,10968.36,459031.79,1,2,3,20
IND68054,22102,29-11-2020,BE31,98458.06,5650.56,3,2086.16,470697.02,417648.82,263516.52,229010.77,5986.98,376548.75,1,1,4,21
IND98980,16663,16-09-2015,BE39,38002.72,22652.8,1,2262.89,282746.52,827644.32,317523.92,253758.87,11236.21,254947.6,0,1,4,22
IND77041,21182,13-11-2008,BE33,68540.57,15155.84,3,6049.74,208728.05,1548129.75,1071782.13,266490.03,68334.88,1016647.91,2,2,3,1
IND56058,18625,14-09-2021,BE24,232630.34,41074.04,1,3004.51,256989.41,47812.38,20320.26,34317.33,24242.82,606146.02,2,2,1,2
IND89708,23116,15-01-2006,BE02,123854.66,34316.46,1,6590.94,721781.54,193381.28,108776.97,108414.38,22412.76,734227.03,1,3,2,3
IND71190,16470,16-02-2015,BE20,281097.73,19224.09,1,6240.59,612848.63,893388.79,402900.82,472970.53,10046.04,925647.61,0,2,3,4
IND70757,24059,16-09-2009,BE40,98764.34,27175.62,3,425.1,117867.76,29873.72,24108.61,28301.42,16602.52,45228.19,2,1,4,8
IND15919,13943,18-09-1999,BE46,327053.35,49660.4,1,3322.53,198880.12,1120917.37,280229.34,437157.77,62268.46,1385622.98,3,2,1,9
IND59154,36156,27-11-2017,BE45,145351.01,23670,3,4530.66,1266636.67,268319.47,183442.9,81317.23,60661.14,1603253.74,0,2,1,10
IND25459,34581,6/1/2021,BE30,94711.61,47943.96,1,11756.75,426759.8,358461.91,146643.51,52535.62,26495.88,1540519.46,0,4,1,11
IND29817,25728,27-05-2018,BE03,129558.06,2370.82,3,916.1,259774.42,162718.23,52883.43,97834.34,6109.39,104134.93,1,1,2,12
IND82819,25253,18-01-2008,BE35,26994.24,16050.3,1,1862.79,299906.15,160834.72,165496.6,75032.89,15247.41,167690.91,0,1,2,13
IND48072,7488,29-10-2005,BE15,355157.28,27284.8,1,634.3,590881.31,590910.23,284305.86,218525.29,78541.76,915318.48,1,3,3,14
IND36436,28899,24-04-2001,BE02,41767.79,8383.95,2,2441.01,485044.13,110338.46,85261.53,28086.15,22408.06,541229.47,2,1,3,15
IND85558,25079,8/11/2020,BE04,67275.34,10237.13,1,1931.84,36150.6,65074.83,19645.23,47173.12,28646.69,146020.64,1,1,3,1
IND21262,4381,14-07-2011,BE03,242779.9,13511.57,1,3344.54,610132.67,972181.04,672252.85,206329.91,1940.57,361619.85,0,2,3,2
IND25060,19292,16-09-2003,BE12,222899.46,24385.3,1,3614.94,1056210.15,533504.83,376189.3,184674.75,36158.13,692560.08,2,4,3,3
IND50748,26661,29-10-2016,BE13,159565.95,10513.36,1,214.3,30799.52,153777.15,153777.15,96286.08,7605.92,150074.14,1,2,3,4
IND53747,29856,25-08-2013,BE03,146013.3,56286.9,3,5845.32,501918.03,540423.01,375169.7,60741.76,37488.83,1325879.28,3,3,3,5
IND17734,6705,9/8/2008,BE23,97226.35,8672.45,1,230.46,204220.49,167557.22,100534.33,46245.79,17867.54,385574.52,1,1,4,6
IND92033,16563,9/4/2004,BE49,141166.41,15831.7,2,733.15,463993.93,641428.5,174935.05,485736.31,19931.45,579505.63,2,2,4,7
IND52344,32951,12/4/2019,BE10,93955.28,12466.08,1,3247.58,210735.85,1055041.27,495223.45,186893.03,52917.3,886219.49,0,2,1,8
IND75455,27514,12/9/2000,BE02,320879.52,51955.2,1,1144.32,970674.43,818115.38,553932.29,310202.08,32401.15,146340.1,3,3,2,9
IND69891,18359,2/6/2016,BE11,54290.17,42073.56,1,956.96,643495.1,784410.93,511572.35,168818.87,23723.44,177830.8,1,2,3,10
IND42851,21932,10/10/2020,BE05,330308.97,16170.23,1,6638.09,402515.4,761183.7,239938.34,446450.79,6083.35,1653819.7,1,3,4,11
IND74794,36803,10/2/2016,BE15,154172.7,4635.45,1,2203.99,59079.38,96969.34,53679.45,124259.28,6013.98,157943.52,0,2,1,12
IND55441,10294,11/1/2020,BE13,157969.47,42671.16,1,866.95,93297.66,340347.54,417200.21,114620.27,9192.55,582802.8,2,2,1,13
IND97245,11117,7/10/2009,BE45,109137.69,29740.38,1,1592.08,170751.62,163700.58,143858.09,128132.91,6328.24,667411.47,2,2,1,14
IND80718,14362,19-03-1996,BE01,150527.18,24319.8,1,669.74,364947.36,240865.26,164226.31,218785.94,1631.12,115375.29,2,2,2,15
IND60540,28139,10/3/2016,BE45,183239.56,28524.5,1,4405.46,1563406.77,0,0,0,42021.26,1148859.01,0,4,2,16
IND84388,11139,4/2/1996,BE11,279987.37,30587.76,1,1908.18,872874.22,229477.33,212048.67,87840.43,6347.17,967363.07,2,2,3,17
IND73711,8126,2/7/2003,BE45,274732.47,20300.33,2,1924.04,254175.22,417528.27,404681.24,244800.03,7197.51,754618.29,1,2,3,18
IND70721,35543,25-09-2020,BE14,65580.31,18432.38,1,1516.96,361994.69,196577.79,211139.11,152893.84,16609.5,300334.45,1,2,3,19
IND91832,25555,22-04-2006,BE40,212637,37999.42,1,7325.29,972318.74,1748132.83,749199.78,753084.52,75058.44,1887293.47,0,2,3,20
IND95921,20342,26-07-2019,BE28,76947.92,25379.58,1,1681.78,642373.3,572485.42,288244.41,136755.96,14367.51,866120.54,2,2,3,21
IND94561,30376,19-02-2005,BE26,129121.92,18411.2,3,7002.94,921744.22,1347837.65,390495.02,1051691.26,51998.58,1441628.12,2,3,3,22
IND38595,3533,29-06-2014,BE26,268015.13,27240,1,1025.69,169872.48,1151114.1,275266.42,402389.45,61204.73,1128644.73,3,3,3,1
IND31346,28206,6/7/2016,BE20,54145.81,17178.13,1,10499.6,402192.3,2258828.4,1065485.1,234406.72,71126.89,2114414.9,0,2,4,2
IND70209,43148,26-04-2007,BE18,109428.74,19480.56,1,1157.23,469326.05,384533.63,210069.3,145980.36,18989.35,502983.4,0,1,4,3
IND27981,10634,12/8/2001,BE35,50756.65,36316.7,1,2477.19,585444.33,86611.9,74455.84,48821.76,3990.34,404897.06,2,2,1,4
IND79163,14319,23-09-2000,BE19,63531.71,8743.95,2,5078.54,890250.08,696871.5,304515.28,300767.4,40070.57,727017.04,2,2,2,8
IND59205,21907,25-12-2000,BE47,207771.28,21864.18,3,2872.37,342874.72,899355.7,648372.71,357650.76,8222.67,197690.13,2,3,3,9
IND84529,38084,15-07-2012,BE42,46553.21,6493.54,3,1323.02,818243.62,292712.12,171968.37,217192.39,26938.93,531592.36,1,2,4,10
IND63017,21813,18-07-2007,BE45,70523.24,16318.3,2,1198.93,159503.35,368369.81,212181.01,76738.8,12171.58,209649.95,0,1,1,11
IND24293,3663,20-12-2006,BE43,68103.92,14806.56,1,1305.32,238333.77,139422.33,53395.78,56955.5,23111.82,624102.1,3,2,1,12
IND94962,39442,4/1/1999,BE07,137176.77,8670.27,1,630.68,403504.8,531819.14,485574,111913.24,26666.15,769435.57,2,1,1,13
IND35866,39618,26-05-2002,BE37,140915.21,10232.55,1,71.93,476721.61,309304.55,317896.35,78185.32,17307.76,133351.92,0,2,2,14
IND55044,39118,26-12-2010,BE23,97850.68,22736.22,1,2457.74,337786.64,1065152.15,253607.65,405047.65,13410.06,219390.44,2,1,2,15
IND94695,26978,1/6/2002,BE08,439605.09,28966.5,1,5837.24,993887.33,694245.6,368160.55,827309.34,26346.28,989192.36,3,4,3,1
IND28537,14869,8/3/2002,BE49,62182.99,6083.64,2,3792.61,522778.94,666451.21,517563.17,120599.31,35526.35,1037062.41,3,2,3,2
IND85021,31436,28-10-2003,BE09,255296.03,65724.8,2,4377.72,1415820.14,1404992.14,504356.15,780070.85,38540.5,1358271.49,3,5,3,3
IND29986,16620,11/1/2008,BE16,85014.81,29862.76,3,1951.93,154547.33,443776.83,137167.38,173072.96,41964.65,745880.04,1,1,3,4
IND86878,29598,3/3/2014,BE16,55938.65,13609.62,1,2625.13,214211.09,513784.67,158087.59,270329.78,32885.19,426012.91,3,1,3,5
IND60465,38996,31-05-2021,BE30,298461.74,11525.8,1,2291.56,604016.19,390050.1,470536.63,135217.37,17905.39,218743.43,0,2,3,6
IND73125,4043,20-02-2018,BE29,170196.21,26256.48,3,168.84,75106.9,341386.34,242146.13,157911.03,29122.63,774340.56,3,2,3,7
IND98233,18041,23-11-2016,BE15,270186.79,5663.7,1,827.08,317350.19,226137.94,162819.32,358926.14,6046.21,526534.44,2,2,4,8
IND68679,18228,14-12-2002,BE02,214018.81,42472.24,2,1383.56,488480.96,878001.61,361530.07,278378.16,37817.44,1731871.14,3,2,4,9
IND14562,18523,1/2/2014,BE39,31668.58,4810.96,3,2440.39,387639.88,1032771.07,224220.04,232169.65,17761.56,1014635.93,1,1,1,10
IND96926,23206,19-11-1995,BE25,83445.12,17088,1,2399.03,699847.37,618018.8,491436.64,311392.12,28526.77,1575375.19,1,3,2,11
IND40602,11430,9/11/2016,BE25,186157.65,5956.3,1,2568.83,699769.88,105428.93,53417.32,64494.39,19971,544291.13,0,2,3,12
IND47214,26383,23-12-2018,BE16,329750.77,17939.02,1,3587.99,400978.71,399400.32,180374.34,61842.63,30350.22,2706295.68,2,2,4,13
IND71720,39936,5/2/2007,BE26,286163.28,28196.64,1,684.43,585370.3,483785.82,435407.24,258272.52,18892.44,1005872.62,0,2,1,14
IND56484,5650,4/10/2009,BE39,267268.83,28590.68,1,5722.25,706552.99,764881.33,573661,196319.54,54926.84,1121639.52,0,2,1,15
IND53058,21628,6/5/2003,BE07,301973.79,48653.88,1,602.91,486457.54,1251600.76,667520.4,614675.04,69766.87,1538615.36,0,4,1,16
IND95957,3931,8/5/2009,BE07,361194.75,45795,1,4129.29,752660.82,146937.26,58091.47,137574.28,38908.98,1300895.34,2,3,2,17
IND38845,6970,3/1/2002,BE17,201718.07,7726.95,3,1573.73,847474.6,1838374.3,337423.13,594795.53,65380.86,1535701.13,0,2,2,18
IND99278,26036,11/2/2021,BE25,89395.04,19146.8,1,775.2,76618.94,685716.27,415038.79,233083.38,11554.13,1042244.54,2,1,3,19
IND26586,33371,8/3/1995,BE17,83916.94,1991.68,2,3020.89,556722.2,312542.57,245982.58,26913.39,24446.02,110532.56,1,1,3,20
IND66416,21062,11/12/2014,BE35,185453.7,34224.3,1,808.9,81096.58,57983.69,37145.8,51315.57,12944.45,426419.84,1,2,3,21
IND38924,26188,25-01-2020,BE04,197406.04,11507.94,2,5608.06,973262.67,1643958.52,375131.47,524301.4,12894.52,402418.28,3,2,3,22
IND36717,27603,30-03-2001,BE03,328178.82,58406.76,1,3543.83,219621.06,70177.95,72826.18,42305.39,33823.92,488293.09,0,3,3,1
IND73287,35330,16-01-2020,BE42,114861.31,39705.63,1,122.6,390831.86,831108.32,473185.76,136131.9,73873.14,581358.97,1,2,3,2
IND21305,6046,16-10-2018,BE29,323979.45,36752.67,1,2910.47,2080975.63,1199695.67,334798.79,339262.78,65549.21,1225924.24,2,5,3,3
IND86054,22754,23-05-2015,BE37,89581.22,22710.72,3,1879.36,205523.86,348716.03,357773.59,107467.94,889.01,155807.74,2,1,4,4
IND94339,20719,5/7/2009,BE16,86007.4,9009.88,1,4231.61,975004.06,1551056,312225.56,840893.93,17761.25,1366749.01,0,2,4,8
IND24875,31639,12/5/2005,BE37,38135.12,14376,1,2302.8,90593.93,470476.32,363338.15,61487.99,4458.22,733259.03,3,1,1,9
IND77399,14249,20-08-2021,BE08,168548.81,20687.49,3,4200.14,479366.24,720023.67,138466.09,440322.17,26218.52,1180921.89,3,2,2,10
IND32150,17594,19-04-1995,BE06,52311.35,20907.04,1,980.95,253965.36,101161.42,44123.6,42541.61,24562.09,594204,1,1,3,11
IND22235,32059,31-12-2016,BE17,348995.08,60023.81,2,5243.7,75319.86,97133.48,81592.12,27793.13,20904.35,1145747.87,3,3,4,12
IND89957,20881,7/6/2011,BE03,151372.02,28841.45,1,1263.67,468449.35,917482.59,458741.29,388664.61,8605.03,1132663.75,3,1,1,13
IND95344,30948,21-12-2004,BE41,211439.78,47870.12,1,8344.89,530674.17,737355.67,391927.79,329551.48,34703.17,492411.01,3,3,1,14
IND60238,25068,26-02-2010,BE42,111739.68,7947.32,1,1404.71,31372.2,432454.77,149860.56,253264.35,22981.18,498825.24,2,1,1,15
IND63877,21252,25-12-2014,BE39,63751.52,21452.8,2,3814.7,229166.26,105668.66,50235.92,34195.07,20909.34,476986.33,3,1,2,1
IND46444,29297,28-12-2005,BE33,52279.76,21017.76,2,2159.14,976660.42,1047262.45,310299.98,367705.48,11617.34,338329.22,1,2,2,2
IND90967,1814,15-12-2007,BE45,48676.4,2889.27,2,1604.4,74495.92,75741.15,58466.85,87806.59,996.26,312041.11,1,1,3,3
IND62715,4858,25-05-2019,BE32,157185.1,48841,1,548.09,313641.87,520918.03,404294.59,347071.36,4902.71,1113509.64,2,2,3,4
IND22819,25223,15-07-2013,BE32,220180.16,17029.26,1,3655.35,622004.87,295731.27,213314.36,157464.78,6666.81,458090.88,1,4,3,5
IND30005,24722,30-04-2008,BE16,263984.77,26163.36,3,1761.41,307888.81,284337.9,258489,168017.85,842.69,88652.12,2,2,3,6
IND56267,4370,4/10/2013,BE08,85194.7,2845.12,2,1853.98,42562.43,289365.4,168358.05,82390.22,6928.42,489719.65,3,1,3,7
IND90914,41547,7/1/1999,BE17,283653.73,9129.9,1,296.09,0,2542970.73,749850.34,1038705.74,96113,1260093.74,0,2,3,8
IND12887,9785,16-05-2016,BE43,121607.69,6142.4,1,1114.56,333286.56,82101.24,42692.64,33387.84,17758.08,200671.2,3,1,3,9
IND32576,14845,15-03-2002,BE21,87332.6,16905.82,1,2297.86,79256.58,108744.41,103801.48,13247.05,11787.28,414001.54,1,1,4,10
IND64632,39940,27-06-2004,BE35,337285.1,17643.42,1,8601.39,1379713.31,1468580.21,367145.05,593881.93,29281.89,1798583.62,3,3,4,11
IND39451,14599,11/4/2007,BE14,91733.47,34793.04,2,1347.73,267703.9,686462.45,239928.62,311374.04,23695.87,821628.71,0,2,1,12
IND93338,35664,14-06-2002,BE25,91056.08,14258.94,1,4114.97,872782.2,499696.3,359781.34,367776.48,2899.43,1192080.75,3,2,2,13
IND34903,26204,10/4/2018,BE31,112872.94,6467.23,1,658.54,778983.44,206388.48,55896.88,60325.63,9882.37,1044664.16,3,1,3,14
IND48107,9938,14-11-2012,BE09,157179.58,31953.39,1,1795.62,396817.71,147773.07,171105.67,70516.27,7609.53,246235.91,2,2,4,15
IND52066,16475,3/7/2010,BE48,90299.99,10341.29,2,1432.84,243699.48,162594.16,88918.68,138713.15,8755,431829.5,3,1,1,16
IND13323,1669,15-06-1996,BE47,169548.06,13919.5,2,4898.56,87256.75,629108.14,208367.03,96169.4,46589.07,1556067.51,3,1,1,17
IND73501,7279,9/9/2004,BE15,69036.21,15960.96,2,1143.27,518304.54,738171.45,389879.29,132558.96,35216,469716.46,1,1,1,18
IND33792,6583,2/7/2018,BE11,169542.75,37776,1,4553.6,399086.4,1743380.79,877872.6,243826.02,33724.38,686156.06,2,2,2,19
IND74791,928,25-06-1996,BE47,405234.67,63185.92,2,11039.65,1298729.34,2340901.84,907099.46,578202.75,108387.52,1677986.59,2,4,2,20
IND27672,5884,7/6/2009,BE48,93963.9,14025.96,2,2831.68,184629.73,390386.43,226013.2,181221.49,46654.45,483555.46,2,3,3,21
IND67115,2649,11/3/2005,BE49,307310.17,15364.6,1,2729.17,320438.22,619174.66,422850.99,78126.75,9195.38,287217.25,2,2,3,22
IND52289,7270,13-11-2014,BE15,103453.5,8983,1,4557.11,399276.54,942512.26,348491.93,372569.55,53789.79,135178.65,0,2,3,1
IND43149,5950,7/4/2019,BE16,158271.47,5466.78,1,6840.99,1891943.7,2419115.17,600926.7,714332.35,68045.18,1833578.7,0,2,3,2
IND72913,23779,3/8/2013,BE36,101285.02,33915.6,1,3632.95,662146.1,1104737.11,920614.26,234756.64,60285.77,1749833.63,3,2,3,3
IND14852,34404,11/1/2016,BE25,253872.85,5571.13,1,2467.04,565655.1,78916.1,39458.05,52761.05,10962.63,333489.39,1,2,3,4
IND68011,13495,6/4/2001,BE24,153146.62,7630.74,1,3506.21,1187401.76,1419528.49,714592.57,246051.6,35088.34,1650593.59,1,2,3,8
IND91231,40609,14-07-2011,BE09,184133.24,9751.08,1,914,470180.94,150126.27,174411.4,54707.78,25567.02,401293.31,1,2,4,9
IND14605,30864,7/12/2005,BE15,78017.16,6864,2,2082,424736.47,276501.05,251364.59,54941.12,11632.47,538018.4,1,1,4,10
IND41281,37767,22-09-2013,BE39,289639.02,46736.72,2,284.94,1411625.66,1502607.25,539397.48,551212.85,35884.44,781504.21,2,3,1,11
IND18810,27135,25-10-2008,BE14,33731.48,13942.08,1,1505.3,64205.78,495105.89,159534.12,214820.94,26842.1,701990.71,3,1,2,12
IND82994,26087,6/10/2019,BE46,92116.89,33885.5,1,3782.59,162624.13,1020279.18,481798.5,513823.93,9406.58,801593.5,2,2,3,13
IND91436,6082,25-09-1996,BE17,64691.11,21673.08,2,10337.55,2051947.85,1559547.36,495750.15,633733.95,31468.46,1905328.24,2,3,4,14
IND26113,24409,4/1/2017,BE06,275620.68,49539.44,1,3034.77,764208.13,1208603.83,835035.37,160854.18,34122.22,1557477.37,1,4,1,15
IND52376,37572,21-09-1996,BE34,265014.95,9191.25,1,2691.31,2333487.55,3515972.56,856454.85,1173793.92,62740.47,861028.66,0,5,1,1
IND39963,7790,30-03-2016,BE19,83976.68,8712.36,1,4657.57,642988.55,99553.88,54977.52,14100.99,4651.3,711621.04,2,1,1,2
IND69382,32777,31-10-2004,BE26,30843.85,2760.94,2,2442.95,375495.66,140632.74,37402.33,111084.91,25121.25,658264.71,2,1,2,3
IND42846,39757,27-11-2018,BE33,26777.4,2692.98,3,2385.14,74520.79,619039.87,121015.31,261765.43,11673.26,665923.66,3,1,2,4
IND84870,19661,19-04-2001,BE45,130641.07,27325.54,1,6217.12,741852.5,348671.72,240676.05,76028.95,37929.31,107874.25,3,2,3,5
IND66083,31335,3/12/2005,BE33,34495.76,6816.59,1,1606.31,313816.3,413340.2,233808.6,176358.49,20636.26,207558,3,1,3,6
IND79353,20177,8/2/2005,BE15,164815.09,51955.82,1,2588.71,325312.17,337430.36,220863.51,424057.94,31529.6,673669.59,3,2,3,7
IND32172,1033,27-08-2007,BE42,107321.55,37506.24,1,2311.03,241977.2,163980.21,230786.96,48829.66,7226.24,220153.08,0,2,3,8
IND81046,29280,6/7/2018,BE26,85695.95,21318.64,2,2099.16,167155.88,361203.04,240802.03,174982.81,21268.04,222571.19,2,1,3,9
IND32055,29382,27-09-2010,BE42,73501.04,26561.82,1,1371.21,332813.43,406893.79,152585.17,179033.27,22356.77,634366.89,1,1,3,10
IND77434,42902,10/6/2019,BE37,107496.96,12335.75,2,2920.19,53270.88,165722.25,51558.03,140532.47,25310.1,756921.73,1,2,3,11
IND21979,23210,25-06-2020,BE42,112479.91,41059.71,1,4486.43,1336520.74,1607891.88,937936.93,233144.32,33188.15,858167.52,1,2,4,12
IND93882,6131,25-09-2002,BE04,57417.24,14002.65,1,1135.97,316305.47,149967.92,123886.55,112149.93,2178.69,298022.54,3,1,4,13
IND68640,22900,22-02-2012,BE32,75923.9,41772.4,1,5131.28,847139.68,299302.24,177138.06,125706.94,60746.36,317164.42,0,2,1,14
IND26629,40759,9/11/1995,BE36,312143.01,11784.3,3,667.72,117136.57,432786.1,387569.64,160195.45,14334.36,140535.14,1,2,2,15
IND19405,18511,9/7/2019,BE07,80694.36,20594.93,3,3556.68,883373.3,1600437.14,662601.36,196231.94,61991.72,1505321.9,3,2,3,16
IND63706,21084,5/12/2008,BE05,134525.88,27954.96,1,5305.34,1028225.09,879980.85,637986.12,434270.55,58722.75,755999.55,1,4,4,17
IND32364,29679,9/10/2017,BE05,389998.68,11941.88,3,351.12,556818.44,331476.76,313719.07,186396.48,39035.61,948488.76,1,3,1,18
IND13011,6455,25-02-1995,BE38,184725.65,6980.26,2,8645.24,1416842.86,1609057.23,393582.34,382006.39,66035.66,1396071.95,3,3,1,19
IND99653,684,30-07-2008,BE31,408724.64,67128.88,1,8298.04,1939256.88,1980580.45,587984.82,1199179.57,2008.12,1813619.23,1,4,1,20
IND76462,13927,22-09-2013,BE07,154622.19,11249.7,2,1325.13,315275.42,279591.24,141611.15,232569.08,9280.16,364749.12,1,2,2,21
IND42541,27064,15-12-1996,BE35,79608.88,18496,1,3963.57,484321.96,580517.06,211867.54,161019.33,37278.03,514018.74,2,1,2,22
IND33915,10670,17-09-2001,BE39,268568.86,22914.64,1,1692.88,1524878.22,1719012,576928.69,408324.22,21131.37,1978090.21,2,3,3,1
IND79409,9776,25-05-1999,BE32,483509.98,48809.2,1,11789.66,508334.96,3384843.56,979262.92,1241535.07,121035,1301616.99,1,4,3,2
IND31656,19020,16-08-2016,BE29,178665.88,48672.69,1,1214.07,1006654.66,540341.8,364730.71,205059.71,38404.74,1614847.85,0,3,3,3
IND78167,12260,26-05-2014,BE26,98577.63,56161.35,1,5784.79,532591.28,1472790.52,452044.62,1076595.29,51261.33,1415771.95,2,3,3,4
IND70365,21123,18-06-2014,BE03,392641.08,53905.85,1,9447.62,1927924.97,3000645.92,854488.57,1132694.15,22579.03,1910822.86,0,5,3,8
IND86656,4389,22-09-2018,BE37,408476.1,18739.63,1,10403.05,336890.81,2680738.31,1446187.77,361899.67,50887.93,454809.99,0,4,3,9
IND31800,11474,22-05-2011,BE13,105806.97,9856.08,1,1192.21,453765.56,537259.32,158619.42,233017.04,6831.59,966530.88,1,1,3,10
IND33945,30124,12/5/2015,BE19,69401.21,3297.6,1,211.12,530889.91,226675.84,70453.3,56240.11,19972.01,468691.51,2,2,4,11
IND93906,36070,6/1/2008,BE39,304304.44,4215,1,7210.53,984328.03,1746173.84,834454.75,852998.19,42174.14,1285732.08,3,3,4,12
IND15455,24995,12/12/2000,BE29,60079.88,41147.08,2,4626.59,229342.96,223456.3,188541.25,22997.38,27676.15,121301.61,2,2,1,13
IND94086,24379,2/12/2018,BE27,31919.92,2104.62,1,4631.09,786649.92,654671.2,360069.16,129063.75,2177.95,1127938.06,0,1,2,14
IND60533,38304,26-04-2000,BE17,24695.47,2198.56,1,2961.89,238560.06,93661.63,27378.01,40649.15,22675.41,127528.41,1,1,3,15
IND95299,11794,18-12-2009,BE11,283690.35,55813.86,1,9466.92,497887.28,2939594.2,1440203.87,644540.55,90804.74,485154.49,2,3,4,1
IND52037,21131,26-10-2020,BE12,164952.71,5372.06,3,4375.43,400864.11,383486.66,331973.53,201931.48,30281,583585.26,1,2,1,2
IND58836,16666,1/9/2017,BE01,265206.5,18207.99,1,2765.45,1400917.65,1017631.66,459818.75,264584.23,8843.54,918604.25,1,2,1,3
IND52119,83,27-02-2015,BE44,205319.7,55892.7,1,3732.8,406934.31,1829962.99,743887.4,624865.41,36881.92,2205872.41,3,4,1,4
IND47625,17789,9/9/2019,BE32,153074.81,32553.92,1,1960.1,378926.04,934865.44,210499.5,326893.35,38065.53,2138641.63,0,2,2,5
IND85850,36405,24-01-2019,BE18,236726,46291.63,1,4390.73,141978.37,2261814.33,1210548.51,431974.68,7244.58,2380418.09,2,3,2,6
IND44531,12024,27-06-2017,BE01,219866.95,57893.5,1,806.89,985605.6,871636.95,461454.85,138180.09,9048.01,2885490.44,2,4,3,7
IND30404,31427,8/7/2011,BE26,89252.52,40894.27,1,3609.05,1275625.71,917669.16,553300.52,78946.54,40142.79,1816702.88,3,2,3,8
IND66163,12456,30-08-1996,BE11,91714.87,17365.92,1,6715.84,409370.9,539509.16,338515.55,182798.4,39718.13,1608167.09,1,2,3,9
IND17019,14000,25-10-2014,BE45,210198.07,53140.12,1,6941.95,359158.04,2168373.56,827623.49,438640.45,36083.69,2552969.13,3,5,3,10
IND50174,31812,15-09-2003,BE06,97272.8,63385.74,2,2911.2,710326.71,672473.83,186131.15,339719.37,45223.01,837999.69,3,3,3,11
IND25709,38441,15-08-2014,BE49,38769.12,22136.4,2,2060.07,630268.31,0,0,0,32172.3,563383.81,3,2,3,12
IND65408,19971,2/8/1999,BE04,151622.89,6327.44,1,2335.07,498311.65,77375.93,67243.36,23627.29,29542.06,1034374.32,1,2,3,13
IND85664,3368,11/7/2003,BE02,121368.61,12271.6,1,428.4,796084.38,734785.46,407405.8,361718.15,41433.63,984173.57,3,2,4,14
IND16777,38815,3/5/2021,BE09,120699.64,20714.37,1,8147.33,1333483.38,98391.81,36979.47,15399.31,33630.58,551140.5,3,2,4,15
IND67420,16215,19-04-2021,BE15,67009.96,44738.49,1,3681.65,1561287.22,2662747.87,455949.98,1326814.43,94104.75,779298.17,2,3,3,16
IND50127,14405,4/9/2003,BE29,96970.5,11447,2,2675.36,322551.54,522621.11,204503.91,298121.26,20784.64,992813.86,3,2,1,17
IND86179,30792,22-01-2005,BE16,267003.9,44556.8,1,1898.92,532788.31,1599882.98,346471.47,759995.37,20617.59,1858738.59,2,2,2,18
IND85625,21949,21-10-2012,BE16,126128.01,13184.82,3,2736.66,122046.31,619711.85,283296.85,346802.56,26945.57,563428.75,3,1,3,19
IND21371,11552,27-10-2006,BE03,41843.49,22510.5,3,2900.64,45830.16,1063704.14,260908.56,232610.02,19140.1,114520.07,0,1,4,20
IND78463,31539,26-06-2005,BE01,347255.25,42861.28,1,5430.19,302025,1112405.11,460693.03,709354.9,60299.24,1886984.35,2,4,1,21
IND90097,24166,25-04-2021,BE19,107085.6,59011.2,2,6579.14,1051478.02,591197.27,321680.87,132236.92,92473.47,2468737.28,0,3,1,22
IND91317,5073,27-02-1995,BE49,217507.21,53270.12,1,1928.09,827684.74,1002810.16,990871.95,239480.62,56953.29,652250.63,0,4,1,1
IND61281,9800,4/12/2021,BE43,143860.59,23701.5,2,1040.35,117625.13,153872.47,100813,151325.62,16393.41,365977.85,2,2,2,2
IND72001,31300,12/11/2005,BE05,90349.76,25990.47,1,4055.92,284797.36,1227071.65,442413.59,396252.32,20467.34,1056700.61,3,1,2,3
IND53908,8843,12/12/1999,BE29,176427.42,27706.32,2,3806.87,480303.43,1089442,248469.23,601104.4,54766.24,1954773.78,0,2,3,4
IND38662,23268,13-02-2010,BE28,85339.62,14677.02,1,4348.43,590535.99,1908522.19,381704.44,672852.79,73264.7,572708.97,2,2,3,8
IND25143,6006,20-08-2000,BE48,95433.87,7874.28,1,3124,392978.51,239051.29,118665.75,31988.16,30605.72,647400.76,1,1,3,9
IND84955,31255,6/6/2020,BE39,128311.8,31757.65,1,4977.21,590868.89,837308.15,334923.26,319541.6,46048.74,417504.89,0,1,3,10
IND60929,10725,26-08-1999,BE29,139312.13,39531.78,1,5601.14,483612.9,2077135.92,792591.34,528029.81,64852.23,939253.75,2,2,3,11
IND76718,23225,25-08-2003,BE49,119319.2,10576,1,427.9,39492.86,32052.3,19231.38,40997.8,15670.6,562130.58,0,1,3,12
IND17839,174,20-04-2020,BE18,520192.44,7529.28,1,8224.25,1265803.87,2262409.29,1331772.84,147297.29,25701.42,676160.31,0,5,3,13
IND70507,34108,13-07-2019,BE01,164456.63,15224.55,1,2374.76,286993.58,484137.84,497048.19,148468.94,14911.88,184435.76,1,2,4,14
IND60309,13571,1/12/2018,BE29,141462.63,17063.28,1,1695.2,216353.7,455923.69,319146.58,228189.81,25975.87,847790.11,0,2,4,15
IND57420,34689,24-08-2005,BE04,35372.29,7869.12,1,968.51,49589.23,140517.64,102194.65,134896.93,1997.53,267621.66,2,1,3,1
IND73620,3360,28-01-2007,BE18,138843.12,2686.18,1,5526.47,0,1927415.86,976557.37,317638.13,49417.73,204951.81,2,2,1,2
IND18821,9398,20-09-2013,BE08,231444,38136.8,1,2654.66,348567.43,1504666.47,709748.33,130120.53,18695.86,1077679.1,0,3,2,3
IND65162,13889,16-04-2000,BE08,225201.83,29087.36,2,5931.89,1119212.56,305496.55,96676.12,275526.95,54287.03,1294712.7,3,5,3,4
IND78069,5791,9/7/2012,BE01,317499.06,18870.55,1,6092.89,1311917.49,407298.36,261567.75,118826.49,51714.73,1603901.66,3,2,4,5
IND15365,11247,17-08-2003,BE22,55235.7,12207.3,1,655.78,347648.93,320943.11,248001.49,60687.42,7385.66,106479.91,1,1,1,6
IND29462,16158,22-09-2006,BE46,150196.43,66077.96,2,3824.44,891587.91,578676.44,404280.8,248593.06,23281.71,409773.2,0,3,1,7
IND22756,43300,19-02-2020,BE25,234132.48,39704.4,1,190.94,769636.08,380438.93,391006.68,79680.82,9858.67,284781.74,1,2,1,8
IND83694,39546,23-03-2013,BE22,153831.92,40196.2,3,2846.98,247560.9,21912.76,25679.02,9501.24,30877.09,713172.06,3,2,2,9
IND35322,31927,14-04-2020,BE38,303654.2,53198.02,2,3769.14,638684.02,151985.08,50661.69,54675.66,19502.52,1786195.56,2,2,2,10
IND55869,32822,1/12/2011,BE05,438620.08,23921.84,1,10085.91,1465625.18,2192804.88,1334750.79,497671.37,37957.87,1429116.78,0,5,3,11
IND56377,28259,22-07-2020,BE01,259702.08,25161,1,5447.07,929781.18,1769348.36,610120.13,536905.71,11431.8,1205359.77,2,2,3,12
IND15988,34024,29-10-2020,BE05,208180.63,25055.52,1,2210.71,561524.38,174297.35,177251.54,61447.2,821.37,173076.08,3,2,3,13
IND73374,37788,28-01-2011,BE14,316841.8,24151.77,1,1710.53,953280.06,82393.98,64084.21,51358.92,43798.9,302227.65,2,3,3,14
IND21502,14827,9/4/2020,BE03,139581.75,16584.5,2,2091.6,860536.8,955530.72,469802.6,186089.61,22869.6,0,3,2,3,15
IND29427,7587,28-06-1995,BE19,114326.48,13588.2,1,3798.71,41819.91,506132,215481.94,182808.86,12755.09,87887.57,0,2,3,16
IND71580,27272,17-07-2009,BE33,122562.97,31939.18,1,383.03,46697.21,225722.82,91961.15,188576.09,4302.78,322417.49,2,2,3,17
IND91691,14982,19-03-2003,BE37,312862.55,4803.99,3,601.28,1650803.86,1344990.1,502003.35,525303.88,5800.83,969603.15,0,3,4,18
IND45315,6423,4/11/2001,BE49,75468.52,12721.59,2,300.51,250297.39,64848.76,27020.32,39140.86,4510.83,501587.93,0,1,4,19
IND93375,13875,23-12-1996,BE02,300114.29,21075.83,1,6228.36,1571582.47,821290.21,265100.01,305644.71,35217.92,2806283.33,2,3,3,20
IND20160,32643,19-08-2002,BE44,27292.53,14589.12,1,217.78,292330.37,382718.69,130287.21,155041.78,26925.21,240492.61,0,1,1,21
IND21443,23741,15-10-2010,BE34,196324.95,19666.68,3,1337.31,1576657.16,1489199.09,586983.58,285013.14,12574.71,1610318.71,1,2,2,22
IND76903,3115,27-01-2020,BE36,42052.76,20838.51,1,412.37,573119.5,727382.03,256415.25,280225.24,22730.88,671394.6,1,1,3,1
IND33223,9115,28-11-2012,BE45,59748.61,10261.08,2,620.11,332586.79,137954.69,35373,55299.79,26115.45,189132.49,0,1,4,2
IND31198,15083,15-06-2002,BE20,102132.04,8098.93,2,3620.77,407811.07,94268.59,50841.49,36351.66,3991.05,968598.21,0,2,1,3
IND81185,9302,11/12/2011,BE01,343075.51,67354.12,1,3351.96,1282807.21,1788480.15,705979.01,940520.92,57412.36,2670013.02,2,5,1,4
IND78244,41782,31-07-1999,BE48,273277.6,12099.78,2,415.35,1359508.58,1712205.92,375850.08,1087320.36,64122.98,1818194.36,0,2,1,8
IND34087,4640,22-04-2000,BE12,72993.09,46214.98,3,786.17,407350.11,124295.59,75231.54,22983.78,9750.06,1676387.97,3,2,2,9
IND35800,8360,4/9/2016,BE38,154254.48,13832.1,2,2128.5,67300.24,98253.57,145625.83,20878.88,12108.52,258688.75,3,2,2,10
IND67659,14023,18-07-2019,BE43,380645.13,5442.84,1,220.85,678007.04,2036733.04,626687.09,773673.7,94297.03,2346744.71,1,3,3,11
IND52398,41439,21-10-1996,BE22,298478.75,6086.08,1,3117.52,318659.06,294532.29,236677.73,242989.14,27583.56,427286.23,1,3,3,12
IND70396,18430,20-01-2010,BE29,157737.22,6555.36,1,3673.45,420009.37,49515.35,39012.09,36011.16,25108.78,394976.37,3,2,3,13
IND72422,26294,2/5/2017,BE09,27244.44,9861.1,2,1844.5,451198.69,49304.06,21461.77,37273.87,1862.68,163541.8,1,1,3,14
IND67727,9994,11/9/2016,BE02,137509.26,16254,3,332.71,775503.11,296923.22,178759.9,120496.29,36503.43,251336.68,3,2,3,15
IND94062,1779,21-10-2014,BE15,202033.88,45728.36,3,5986.81,1017414.84,507310.63,406905.4,145851.81,43193.91,797337.77,2,3,3,1
IND16568,43267,8/7/2016,BE45,142734.73,20664.75,2,5516.26,789031.93,1690117.42,547831.16,327416.54,34889,404198.94,3,2,3,2
IND42280,28199,17-09-2014,BE16,350852.97,45714.24,1,2206.68,266795.28,231683.18,186173.99,170659.49,30850.84,295577.84,3,3,4,3
IND55262,2725,2/6/2008,BE29,349933.41,24854.83,1,6029.69,1240595.62,1597694.61,782763.13,251878.16,16360.29,1083760.02,0,4,4,4
IND24725,39098,23-11-2012,BE26,127936.89,5764.98,1,1003.61,566495.09,424789.34,324181.33,140851.2,3667.06,456755.96,0,3,1,5
IND41923,25726,18-12-1999,BE28,129533.62,7558.96,2,102.2,270313.7,180482.65,164075.14,123056.35,15560.47,136567.92,3,1,2,6
IND98787,25267,26-05-2001,BE19,361731.45,22398.15,1,11092.5,1141430.67,2114375.84,466406.44,1349469.29,80566.45,1577548.73,0,4,3,7
IND34623,15555,27-02-2020,BE35,303763.68,18748,2,2710.8,0,160252.63,94964.52,139241.73,24158.74,1022889.6,0,3,4,8
IND99131,42719,15-10-2009,BE02,31464.86,33157.35,2,1983.15,226743.37,25861.37,11936.02,34813.39,4090.61,246519.59,1,2,1,9
IND65458,29486,20-06-2008,BE19,237555.67,31495.38,1,4630.48,631277.06,148859.67,58823.58,58163.31,28213.42,194224.25,3,2,1,10
IND96867,24331,2/7/2012,BE38,149517.24,5348.34,2,982.41,166780.47,191978.84,155527.16,107605.35,19761.03,692940.78,0,2,1,11
IND31097,41540,17-06-2020,BE15,260673.27,44763.55,2,7308.66,903118,873786.28,250526.14,237938.73,3691.97,1250733.34,3,2,2,12
IND71984,36182,16-11-1996,BE22,168490.29,7155.47,1,2894.87,175990.19,453952.59,323363.49,301474.27,21003.07,697330.78,3,2,2,13
IND19583,19164,20-01-2008,BE28,123556.5,7569,2,2383.5,573503.63,123112.69,59094.09,58831.45,26104.13,0,1,2,3,14
IND26127,25828,16-05-2001,BE09,156939.93,23903.62,1,1494.35,1265995.63,1418542.67,1070598.24,163266.23,48923.78,232215.08,1,4,3,15
IND15735,6184,26-10-2019,BE16,92225.58,12780.3,1,3571.2,0,391405.92,258725.95,37946.47,37221.09,496597.9,3,2,3,16
IND35589,28839,22-01-1995,BE12,199850.36,18316.8,2,5107.76,449774.65,1248443.53,736261.57,231548.93,16624.26,766890.07,1,2,3,17
IND48252,1943,25-11-2012,BE40,80729.65,12828.24,1,394.18,106586.37,128237.95,90397.25,97061.42,4632.02,436776.93,2,1,3,18
IND28622,32609,27-06-1995,BE14,451132.2,38725.2,1,206.51,475981.51,1506304.19,772714.49,129405.22,116257.68,3180344.71,0,4,3,19
IND26976,1226,7/9/2019,BE49,124127.1,33807.84,2,3862.21,130343.82,197265.75,77190.95,85081.58,19753.62,1067528.95,2,2,3,20
IND55010,8399,9/1/2009,BE49,55718.69,41978.75,2,477.35,380781.24,685843.31,303953.29,408856.14,32910.72,1247123.92,0,2,4,21
IND27334,6560,23-10-2003,BE20,32983.27,6236.45,3,1536.09,263545.12,125695.25,148972.15,51954.04,6279.66,381630.91,3,1,4,22
IND88663,26221,27-02-2013,BE39,84036.63,43773.76,1,1558.85,720377.86,1700635.85,597520.7,639806.78,39322.45,1554479.14,1,2,1,1
IND51758,8839,21-04-2002,BE04,123895.18,5068.8,1,3868.8,875626.25,98856.34,78894.96,13573.74,11871.48,946680.88,0,2,2,2
IND87441,31059,27-09-2015,BE21,253649.81,58796.25,1,4245.79,1007881.84,975039.79,769768.26,295077.83,19506.11,867041.25,1,3,3,3
IND68843,29780,10/6/2017,BE37,82457.13,20286.4,1,3758.66,308889.13,1159374.73,424346.31,326746.66,27230.08,868667.41,1,1,4,4
IND94313,40771,11/6/2014,BE17,327967.49,40894,3,257.86,1066131.37,929108.74,470587.54,890617.09,10005.44,288948.57,3,5,1,8
IND15955,26992,29-05-2015,BE13,113678.37,24738.48,1,3529,397665.4,280450.11,146541.5,55180.45,1292.64,792193.58,1,1,1,9
IND98364,18878,23-05-2014,BE20,140846.75,28370.88,1,2361.31,354919.45,55923.37,50745.28,65492.49,21011.79,545173.29,2,2,1,10
IND85031,37065,3/6/1996,BE19,234556.94,17849.97,3,8675.1,225528.79,2894745.7,1654140.4,463159.31,44681.87,2302105.05,1,3,2,11
IND95645,30786,3/7/1995,BE13,154270.55,20619.91,1,2807.4,132475.44,114627.12,88779.83,28791.64,19252.18,104412.9,1,2,2,12
IND59038,32182,15-01-2021,BE22,81006.87,17809.48,2,1622.43,413468.34,503726.78,215228.71,218434.25,20883.97,283949.24,1,1,3,13
IND24649,1710,20-03-2001,BE34,172375.42,16566.55,2,768.36,304882.17,763217.79,654186.67,110708.51,26099.35,515874.95,1,2,3,14
IND73983,17470,8/8/2001,BE22,203260.4,29257.6,1,2493.85,245005.57,33214.21,42272.63,8293.49,4039.52,358805.32,1,3,3,15
IND60147,10127,2/11/2007,BE46,222610.25,32114.55,1,4860.36,726726.3,745869.06,313151.13,233155.25,8362.58,1733411.32,0,2,3,1
IND43511,39743,2/8/2021,BE37,325553.42,16082.04,1,5026.26,429697.69,160456.61,112753.3,79100.77,20017.3,483418.85,0,3,3,2
IND21887,23000,13-10-2005,BE33,81557.86,2484.16,2,548.41,261970.49,218097.36,101579.59,114366.67,14742.15,345344.84,0,1,3,3
IND77252,6002,23-10-2019,BE22,48808.7,19953.36,1,1478.46,397891.73,37777.3,32888.47,12248.73,10781.16,381101.78,1,1,3,4
IND87256,28278,29-12-2021,BE42,57811.91,21385.62,1,1606.23,210369.08,245564.57,106326.93,167388.96,7742.55,73552.52,2,1,4,5
IND48208,1522,6/8/2020,BE36,520328.35,62081.55,1,5295.64,352774.03,1893592.32,717269.82,573815.85,93384.13,1091854.04,2,5,4,6
IND33951,13069,20-06-2021,BE05,123095.04,10598.28,2,3437.83,311057.9,123840.33,104183.13,62824.39,24727.63,689610.12,3,2,1,7
IND71913,30087,13-02-2005,BE35,374004.84,17198.36,2,4852.05,161108.42,947081.61,531525.4,439233.26,62690.25,209401.26,3,4,2,8
IND32579,27354,20-10-2006,BE15,173417.28,21102.53,1,1497.7,913504.12,1333557.64,586387.05,240797,5133.94,138394.29,3,2,3,9
IND96364,17985,21-02-2008,BE46,119608.06,6414.51,1,5695.1,655227.3,1290257.18,673674.1,571138.62,83488.78,185471.65,0,4,4,10
IND84055,20192,6/6/2017,BE45,328563.11,15597.1,3,7947.65,1671602.81,1373913.59,865056.7,170975.91,34410.76,1902701.61,1,5,1,11
IND59380,23510,9/4/2016,BE01,362402.94,25500.54,1,4067.22,266042.9,723632.37,397115.33,436826.86,4711.93,291200.93,3,3,1,12
IND28522,13553,25-01-2013,BE35,374191.65,45817.66,3,4080.96,193267.5,254260.92,138282.26,193907.41,22373.37,188704.45,2,3,1,13
IND80461,40723,29-08-2013,BE13,58873.68,39323.16,1,1993.52,313287.78,633403.9,218231.6,342304.24,48828.1,1428132.84,2,2,2,14
IND62950,18822,24-09-2016,BE15,38216.71,8191.44,2,3223.96,304642.67,201446.6,120867.96,66016.93,21665.83,137109.67,0,1,2,15
IND88639,11409,10/12/2004,BE09,325636.33,45349.15,2,530.7,1144309.18,1110461.95,431846.31,521388.33,57862.73,1754651.33,2,3,3,16
IND64775,22590,26-02-2012,BE07,109646.87,7193.54,1,3297.61,638694.47,677674.91,258887.05,477418.17,34929.51,1018328.64,0,3,3,17
IND58749,19508,18-08-2018,BE02,364489.6,35861.04,1,8167.39,879424.99,1005529.08,527902.76,279034.32,56863.3,1107826.85,0,2,3,18
IND63712,32245,29-12-2001,BE04,169541.37,20865.12,1,1544.14,560790.18,322882.29,163850.71,298979.36,22686.15,104774.79,3,2,3,19
IND38974,2534,28-10-2000,BE41,204540.48,53063.2,1,10184.4,803290.8,405882,105529.32,118842.25,101378.4,1343016,2,3,3,20
IND27949,9247,3/5/2012,BE26,262626,34083.75,2,4066.34,434678.11,562156.1,401540.07,136214.75,24605.49,1628595.83,2,3,3,21
IND48913,16815,27-09-2006,BE17,246513.16,6769.95,1,3692.92,1371805.05,1429313.73,479841.04,438288.85,48423.76,1696621.08,2,2,3,22
IND38755,5861,5/7/1996,BE41,477341.37,34325.1,1,3918.64,222342.05,594355.55,463247.71,295779.29,43179.05,1080448.06,3,4,4,1
IND36748,22446,27-11-2010,BE38,231177.94,54564.05,1,1425.32,828681.79,1281296.34,1000631.43,155952.07,13023.36,1406245.31,3,4,4,2
IND25425,7969,20-01-2008,BE19,202735.13,16720.78,1,932.9,523784.46,224891.62,330972.57,56944.26,20268.05,700920.89,1,2,1,3
IND18504,29596,30-03-2003,BE37,17367.22,3230.31,1,3066.99,114501.22,449282.42,282503.34,31824.17,33254.6,454700.56,1,1,2,4
IND90888,38259,25-03-2008,BE09,474908.98,4620.88,1,9767.97,1969776.88,491904.52,127275.99,255721.55,6045.33,1040432.25,0,4,3,8
IND19493,27461,17-03-2006,BE11,114615.98,38367.58,1,3577.46,324998.88,298332.57,178271.9,103907.05,12990.54,576759.17,3,2,4,9
IND31435,727,3/8/2019,BE48,57450.15,10976.04,1,2885.41,272553.64,303726.33,215139.48,66819.79,10827.99,551856.5,2,1,1,10
IND72147,38752,20-06-2010,BE05,110249.42,60196.5,2,4023.33,363434.5,1217834.19,307303.96,839167.43,81030.34,2106606.77,1,4,1,11
IND86610,15967,23-07-2004,BE34,175033.99,17484.47,1,908.98,92956.13,101302.16,119536.54,94697.25,9060.19,518643.12,0,2,1,12
IND21504,2906,25-05-2021,BE43,200099.52,43653.6,1,5741.64,1285247.66,321683.09,196148.22,37268.16,52484.35,266964.12,3,2,2,13
IND79743,12566,30-12-2002,BE17,213206.4,14425.1,2,3763.32,1459235.64,141516,28661.47,65778.07,61433.73,1265963.86,0,2,2,14
IND48435,26075,24-10-2004,BE10,128778.92,37224.94,2,867.71,136873.21,231379.48,327787.59,46854.34,7765.15,443427.23,2,2,3,15
IND78342,39694,27-04-2003,BE37,123522.7,28552.79,1,3893.78,803847.67,452591,166393.75,178041.31,40706.38,553239.95,1,2,3,1
IND44023,28853,16-11-2007,BE30,77095.27,24692.5,1,1454.66,164975.8,132716.34,132716.34,87052.09,14840.94,260208.57,0,1,3,2
IND40901,1145,13-10-2012,BE07,373301.57,63441.05,1,9675.52,2302582.91,3180324.8,1559777.13,344771.52,13975.75,1126154.66,0,3,3,3
IND13219,2028,14-04-1995,BE17,290163.8,45309.55,2,1111.76,830516.96,405245.57,200090,26594.24,59999.68,2262153.92,1,2,3,4
IND48902,37388,25-07-2006,BE47,71802.81,3712.25,1,1751.09,421405.74,483072.15,222366.55,130429.48,14072.31,532199.43,1,1,3,5
IND34748,9735,11/1/1999,BE39,52362.92,21824.6,2,85.11,445105.27,439429.26,244127.37,72191.95,11748.68,998929.39,2,1,3,6
IND33562,17344,29-02-2016,BE29,37149.84,5874.18,1,1589.13,101189.85,34697.59,24640.32,17439.31,5795.88,304302.23,3,1,4,7
IND75139,1005,21-10-2006,BE48,146714.88,32358,1,1877.9,275978.2,481042.87,453156.33,253767.54,24704.21,220958.42,0,2,4,8
IND27653,38688,14-11-1995,BE21,330112.12,11676.21,1,6231.99,120880.88,3210118,920097.52,708475.09,74725.3,1901489.69,1,4,1,9
IND64098,21980,1/9/2019,BE49,203317.09,5917.16,1,6392.95,1003920.98,695971.48,235643.89,293623.24,60256.09,649605.33,1,2,2,10
IND70565,29749,27-09-2014,BE20,215591.46,68085.14,3,1693.09,2349148.32,3808500.26,849192.63,1724118.36,50691.15,3266701.76,1,5,3,11
IND48103,688,4/10/2015,BE42,61262.84,4688.84,2,1083.76,50078.08,162516.94,124427.03,103604.55,6188.92,424619.19,2,1,4,12
IND53609,26519,22-06-2016,BE12,227268.8,13347.69,1,1416.39,539666.42,285012.15,246146.86,157836.28,29628.01,585699.01,3,2,1,13
IND86089,21946,14-12-2014,BE23,160897.66,57781.36,1,5009.3,725592.24,629275.5,573516.91,252028.82,38922.68,1048670.93,1,4,1,14
IND76695,20205,29-01-2009,BE08,201218.57,42958.44,3,4167.07,228289.21,433660.46,630035.02,197601.89,36984.99,209340.61,3,3,1,15
IND97632,25730,23-08-2001,BE29,29928.55,15567.76,1,1228.1,323334.93,22023.91,7514.04,22627.62,6643.48,379506.95,2,1,2,16
IND72949,16375,1/12/2020,BE28,491294.82,52532.48,3,11910.99,1823117.21,0,0,0,14404.85,1194142.95,1,4,2,17
IND70877,41760,25-10-2004,BE05,52463.04,9926.8,1,2526.24,444465.02,180778.17,114175.69,123690.33,23190.64,778208.38,3,1,3,18
IND15767,3464,7/6/2021,BE32,58211.57,17724.72,3,3026.61,292505.69,260533.74,104623.78,52270.86,5871.62,745970.34,0,1,3,19
IND97246,2057,8/8/2005,BE12,114218.52,15712,2,6495.19,427235.97,1752305.16,567648.15,819634.57,51148.17,1580777.63,0,2,3,20
IND33304,16335,30-10-2000,BE30,47139,30078.5,3,1012.15,285154.67,77377.41,83934.82,32105.07,24964.08,47790,3,2,3,21
IND71718,5677,22-03-1995,BE48,39235.65,19236.38,1,4744.11,873208.41,1070891.82,198879.91,571703.25,48584.51,370588.75,2,1,3,22
IND39571,14312,10/8/2008,BE03,110393.07,4249.35,1,7640.85,1208091.4,206363.6,106129.85,30129.09,67644.07,654007.28,2,2,3,1
IND56175,12346,28-05-2004,BE31,108507.26,20543.25,1,1912.93,91552.61,110577.7,115185.11,33403.68,19634.33,561605.18,1,1,3,2
IND87362,41301,3/4/1996,BE44,63514.28,15465.58,1,1987.31,72504.14,26915.6,34857.91,10655.93,8444.71,363138.11,0,1,4,3
IND51423,34343,5/12/2012,BE33,82128.11,43548.51,1,7163.18,510513.86,79482.76,35399.89,26055.65,59625.43,981650.54,3,2,4,4
IND46502,18793,11/1/2005,BE42,49901.34,2963.48,1,1072.79,144461.27,23967.85,11570.68,23505.02,6587.4,323019.03,0,1,1,8
IND44199,41902,28-12-2009,BE18,217487.04,35117.4,1,310.59,490618.67,1325449.21,512358.52,463127.55,61179.8,971485.54,3,2,2,9
IND31246,7957,7/10/2001,BE24,110014.92,11302.34,1,2749.16,60499.16,593465.25,352553.61,155123.59,2911.89,718100.55,0,1,3,10
IND80498,22617,4/6/2018,BE11,102208.87,11189.45,1,609.16,189692.5,823333.5,454437.32,87412.36,21344.55,591684.31,1,1,4,11
IND49142,9763,17-04-2011,BE37,39580.89,3358.68,2,810.49,192595.58,182272.44,79583.74,143481.78,5585.9,234172.39,3,1,1,12
IND50904,38973,16-10-2011,BE08,204655.75,19426.62,1,2361.82,43148.03,188987.85,148002.53,66145.75,7634.02,765167.34,0,2,1,13
IND76572,30901,11/2/1996,BE16,57604.92,26307.84,1,4344.54,104499.72,791795.41,365444.04,326869.39,46561.13,823367.94,0,2,1,14
IND32423,8896,3/9/2015,BE07,90785.39,14742,1,2559.6,763014.44,430924.98,139910.71,281220.53,17904.29,1015074.55,3,2,2,15
IND38977,26540,17-07-2003,BE19,85251.76,3640,1,680.02,345329.75,310034.08,132871.75,170075.84,14750.57,700768.11,1,1,2,1
IND41707,29269,28-11-2007,BE29,366922.31,46658.43,1,4679.69,653374.51,449208.34,336906.26,308830.74,38787.66,392270.53,1,3,3,2
IND70193,35712,4/1/2014,BE29,253515.33,5148.24,1,81.7,540741.14,85130.64,144722.09,25539.19,12138.34,966880.36,0,3,3,3
IND87876,34838,17-09-2004,BE30,410055.84,55788.8,2,6523.3,2125748.35,307202.09,66954.3,149465.63,117268.32,1847096.16,3,3,3,4
IND47890,11917,9/1/2021,BE46,261957.6,40791.2,3,7070.86,1358353.67,1553973.86,937129.27,199288.25,29286.36,2058951.1,3,3,3,5
IND35744,24484,21-10-2015,BE49,98721.84,16852.8,1,738.75,578759.42,383172.49,304167.85,63598.73,19375.17,326498.9,0,1,3,6
IND47623,33393,19-10-2004,BE04,282121.46,44571.24,1,7764.56,997936.44,412333.44,265363.1,114310.26,46640.79,444889.93,3,3,3,7
IND36468,15928,6/10/1995,BE29,59075.45,16256.5,1,2381.78,695454.08,1088456.34,668161.32,286662.76,38329.1,836035.02,0,2,3,8
IND56605,26982,25-10-2003,BE30,114041.2,30751.02,3,5250.49,777745.79,283788.24,95900.85,87837.35,36095.66,976041.86,1,1,4,9
IND30713,28388,19-10-2007,BE46,242622.35,22147.4,1,4572.92,414702.5,150965.01,46084.06,73337.21,12657.56,1310467.62,1,2,4,10
IND21229,15338,21-07-2020,BE05,55231.61,27030.64,2,3947.42,750564.86,257730.54,56378.56,82634.86,41911.3,646704.13,2,2,1,11
IND87062,13222,16-10-2002,BE22,70879.12,6427.35,2,2608.52,691472.28,433178.57,252290.82,255051.73,3099.1,209199.63,0,2,2,12
IND99910,43074,12/5/2021,BE44,347759.49,37248.12,1,5215.52,404960.34,991525.2,829863.48,309851.62,50297.3,1235883.73,2,3,3,13
IND37041,10405,2/6/2017,BE28,151193.95,33631.52,1,1220.1,293387.82,137999.05,132551.72,34808.44,18224.65,429002.9,3,2,4,14
IND52657,32618,23-09-2005,BE10,273197.44,8349.55,1,7086.53,289579.24,130151.84,130151.84,36442.52,64126.43,1186376.63,3,5,1,15
IND38321,38856,19-08-2016,BE36,167071.77,26630.64,2,2951.8,507261.48,270776.16,304029.38,123131.9,20307.72,423922.17,0,2,1,16
IND43916,4808,17-03-2019,BE33,178345.92,29577.12,1,328.8,455981.16,319263.39,81563.64,116636.01,19461.01,612559.66,3,2,1,17
IND46447,20134,31-07-2006,BE40,365596,63590.61,1,9986.86,853669.41,448114.8,209755.86,85364.28,102516.12,2152454.37,0,5,2,18
IND84755,25888,21-08-2005,BE07,39423.04,2158.45,2,2591.01,117589.26,101502.37,29506.5,99141.85,11115.33,291629.87,1,1,2,19
IND45303,2515,28-03-2012,BE42,128108.98,40617.85,1,2269.13,1277122.85,463697.41,352603.24,101723.62,59710.35,1460715.56,2,3,3,20
IND84825,34049,18-11-1999,BE42,24459.44,5731.95,1,2594.48,291245.36,304991.23,146777.03,49103.59,41708.24,1124950.96,1,1,3,21
IND22385,9126,30-11-2012,BE12,110953.78,15479.49,1,2328.9,529852.13,850010.85,334649.94,194096.97,1401.7,149256.67,0,1,3,22
IND57724,13098,29-05-1996,BE38,218434.02,55445.6,1,1014.1,622239.07,856873.59,527306.82,263982.98,10050.77,318977.57,0,2,3,1
IND96098,15696,10/6/2017,BE27,510066.3,36492.82,2,6459.71,946099.74,2113412.25,952523.83,653669.48,83147.9,2939141.21,0,4,3,2
IND45192,37546,7/12/2003,BE02,434467.28,41995.24,1,16.81,1228527.56,423754.22,219183.22,208954.67,10116.26,1773731.22,2,5,3,3
IND87243,10460,21-04-2003,BE20,103326.79,17295.89,1,1303.63,34796.52,76787.31,33739.88,94169.16,9969.64,188789.3,1,1,3,4
IND47130,27825,11/2/2021,BE20,50475.46,7268.17,3,2016.84,741842.12,1547427.11,608654.66,338370.73,9972.48,661685.22,1,2,4,8
IND35064,12903,15-03-2021,BE19,60408.59,12567.71,1,134.73,450600.97,361688.55,180844.27,110656.22,8613.26,697176.82,1,1,4,9
IND91327,19338,2/7/2016,BE07,302773.11,33310.44,2,8754.42,501607.7,1209300.2,414869.41,552041.13,85821.98,1245921.22,1,3,1,10
IND31787,25580,15-07-2007,BE49,190660.07,21789.04,1,3285.97,291199.22,1204938.6,725005.43,195445.13,29853.36,1791982.62,3,3,2,11
IND73969,25084,4/2/2002,BE23,148477.18,32913.69,2,2989.85,319993.79,564711.4,359361.8,290826.37,34878.18,1330876.75,2,2,3,12
IND45185,34226,21-01-2018,BE22,67931.92,2620.89,3,236.29,543898.93,1151166.49,575583.24,126628.31,30678.1,760430.27,3,1,4,13
IND73287,13658,13-05-2017,BE02,334954.89,21424.08,2,7985.61,260823.44,800525.17,580600.67,305079.26,74104.23,1029364.27,2,4,1,14
IND70814,8704,28-10-2012,BE45,521159.98,46623.69,1,2091.85,658790.41,752220.15,507522.03,398767.31,19329.15,1570263.82,1,5,1,15
IND24037,14818,30-09-1996,BE01,456670.83,68340.24,1,2447.08,568347.28,793170.72,546644.68,309872.51,53835.2,742495.18,1,4,1,1
IND15396,41697,13-05-2009,BE01,95229.75,3154.5,1,4033.13,552450.38,496049.87,268234.38,51589.19,58599.45,905627.93,3,2,2,2
IND23636,28695,25-02-2015,BE01,105963.93,9921.7,2,13991.99,1645132.15,321400.46,56083.3,94176.81,113105.45,1355647.74,3,5,2,3
IND46502,35563,29-10-2001,BE35,135507.14,25373.93,1,2938.88,563146.33,495483.29,407574.96,309357.39,42422.08,1141237.17,0,3,3,4
IND26451,32766,28-06-2007,BE49,51930.75,18163.5,1,5345.25,395341.5,1224257.63,253013.24,349158.27,37269,1503253.5,1,2,3,5
IND66679,6710,28-01-1996,BE05,104710.71,23838,1,542.28,221542.78,418230.27,253046.88,95454.91,29482.13,156066.83,3,1,3,6
IND65897,1185,25-01-2005,BE25,191335.58,29976.54,2,9082.29,1461141.4,909407.95,270364.53,330336.29,53967.22,2371715.33,3,2,3,7
IND52886,5909,21-06-2021,BE38,321086.07,6308.19,1,3073.13,1234717.51,916690.99,198388.35,412852.99,15329.51,1801251.25,2,5,3,8
IND66931,35424,28-07-2020,BE18,192430.08,15312.15,2,2058.45,325660.5,459149.49,427115.8,103575.58,22756.37,337520.89,2,2,3,9
IND50563,8278,22-04-2010,BE36,120704.77,12527.52,1,2126.28,579978.71,787720.57,397473.68,269920.76,9359,1148663.1,1,2,3,10
IND82494,22075,9/6/2015,BE36,76110.57,25825.8,1,3391.64,470527.6,2220189.28,488126.72,1195123.17,6276.42,969946.61,2,4,4,11
IND32752,7415,22-04-2005,BE45,89295.78,32168.4,1,313.67,176680.42,238254.47,106681.1,166778.13,18790.26,427617.42,3,2,4,12
IND60228,22698,14-09-2021,BE21,123955.5,7143.63,1,2552.68,818746.98,93146.24,53997.82,12284.5,18611.49,564580.41,2,1,3,13
IND31493,38546,19-10-2009,BE43,179627.32,35599.04,1,1357.22,138952.49,282111.05,162868.24,84458.81,4640.78,91442.45,0,2,1,14
IND16745,9212,8/2/2021,BE44,144109.43,11441.77,1,6055.78,401053.35,704059.57,262422.2,200144.93,10120.02,215739.25,2,2,2,15
IND96019,39874,11/5/2017,BE31,258591.24,13840.26,2,4778.85,59201.04,453440.06,270473.02,640543.75,6784.75,641600.7,2,5,3,16
IND31862,41297,16-03-2015,BE46,113530.44,21218.4,2,1095.09,243904.6,302759.35,205443.84,221230.58,26597.67,748076.18,2,2,4,17
IND91417,35998,27-06-2020,BE25,30624.69,10631.5,2,386.95,458933,797102.08,235762.59,384180.75,33665.72,189408.83,2,1,1,18
IND21808,41429,22-12-2021,BE44,161632.96,8652.7,1,3102.79,771458.71,2266816.16,356417.64,620166.69,32745.19,2927481.99,2,5,1,19
IND72909,10448,17-06-1995,BE44,57204.29,3434.67,2,1004.84,35799.75,24720.14,12835.46,35397.34,10999.36,158495.59,2,1,1,20
IND59364,25479,15-04-1999,BE08,30748.38,1671.9,3,3540.32,653365.63,683612.3,341806.15,196678.62,12393.49,102057.64,2,1,2,21
IND68800,16246,7/4/2019,BE43,371047.11,39205.33,1,3952.69,1813756.34,258168.25,86611.29,78349.9,29880.25,1394498.56,3,3,2,22
IND19308,9552,24-09-2013,BE44,206497.24,45057.76,2,3400.69,875268.98,252870.48,337160.64,35321.59,39803.15,1149763.51,1,4,3,1
IND50968,43364,2/2/2020,BE49,475533.03,13867.09,1,4970.12,1394324.69,276912.36,78257.84,184869.1,46379.29,728283.3,1,4,3,2
IND60474,38980,14-11-2020,BE04,209326.34,72063.81,1,2059.37,394449.11,793479.63,267036.41,451291.54,22561.23,1888140.87,0,4,3,3
IND19117,40174,2/12/2002,BE44,105666.42,14772.02,2,213.46,574004.66,443300.09,127932.24,93271.53,8033.17,868017.6,1,1,3,4
IND66918,15540,23-05-2002,BE11,272379.7,58881.07,3,1343,111480.28,261207.1,284254.78,96877.1,16447.99,1190580.78,1,3,3,8
IND59407,19779,27-05-2013,BE11,168233.42,14646.6,1,3154.1,432227.11,1098166,467304.68,280382.81,60120.14,1197613.67,0,2,3,9
IND40471,7333,17-11-2011,BE08,379568.7,10051.2,2,4360.16,1025617.64,919850.4,490084.23,195279.72,103790.65,1728690.1,2,4,3,10
IND85041,19457,19-11-2015,BE03,358410.87,22603.5,1,1407.92,887505.61,154216.54,131292.46,87132.34,23469.17,1358384.92,3,4,4,11
IND48176,1804,11/1/2021,BE14,91216.94,9208.94,3,1305.3,245345.67,118109.81,150321.57,51538.82,11196.33,171396.23,1,1,4,12
IND37683,39270,21-09-2017,BE30,158337.75,34194.5,2,2362.4,913265.37,173531.57,43670.2,50588.48,47267.53,1143218.74,1,2,3,13
IND99006,24853,16-09-2013,BE48,340898.84,11660.31,3,5652.54,570690.06,676238.74,383635.44,333242.65,51703.08,1202945.89,0,2,1,14
IND38675,9983,3/3/2000,BE18,213624.57,32198.4,1,4998.49,841786.4,672823.01,352689.48,136735,5260.28,1430060.65,3,2,2,15
IND83783,41926,28-08-1999,BE45,34993.31,1960.69,1,437.88,26056.57,36372.04,42114.99,24082.12,14353,145893.95,3,1,3,1
IND88284,24756,24-07-2013,BE31,33898.02,23352.6,1,576.5,86107.02,6602.04,8284.91,5359.3,13600.17,303229.94,2,1,4,2
IND21526,21901,18-07-2020,BE18,124795.76,4146.8,1,2648.1,941295.81,391486.78,190724.33,34330.38,28008.71,600188.86,2,1,1,3
IND70008,39052,17-06-1995,BE11,39277.6,6732.96,1,505.63,169161.34,130522.58,82247.1,95585.44,2821.38,313341.2,0,1,1,4
IND90240,35033,9/12/2015,BE35,97988.77,52799.45,1,3688.05,2232550.74,1580167.61,434811.22,732073.62,84984.68,344184.04,2,4,1,5
IND51766,32189,17-06-2021,BE27,325207.8,12304.8,1,419.66,459902.12,965288.73,331513.3,540561.69,67395.24,1469033.58,1,4,2,6
IND29470,6814,18-10-2008,BE46,112495.64,23594.2,1,1133.12,109075.16,67339.03,67339.03,20280.93,11209.32,100274.4,3,1,2,7
IND23054,30154,10/5/2021,BE12,178166.92,42738.63,1,2911.59,255649.15,646434.22,638453.55,94171.9,47795.59,87917.4,3,2,3,8
IND59974,18198,1/6/2021,BE43,129173.22,18200.32,1,5.96,162079.55,1357515.56,540964.85,436548.42,59095.41,1904337.84,1,2,3,9
IND65635,7274,29-12-2013,BE10,380013.5,33031.88,1,6667.08,1874873.55,2340038.03,650010.56,936015.21,100253.61,2421332.64,1,3,3,10
IND65600,15075,10/2/2016,BE42,109996.82,24817.3,1,3095.34,43350.49,414520.8,345434,178562.81,15713.05,98702.75,3,1,3,11
IND53125,42185,2/7/2012,BE47,88541.19,2229.24,1,2668.04,123433.6,238841.5,157418.26,96893.65,17470.6,500166.3,1,1,3,12
IND13509,12610,25-07-2006,BE43,89675.55,4607.33,2,3385.17,989565.25,2380126.61,554276.06,537973.82,11433.52,959324.93,0,2,3,13
IND95651,30103,18-04-2018,BE18,373528.32,28832.84,2,4941.48,1259550.5,419869.96,167947.99,148373.36,34912.61,2556316.71,1,3,3,14
IND63200,25967,19-06-2006,BE03,205864.26,9373.65,1,5095.2,762054.48,239453.66,202039.03,44548.36,2968.42,214812.58,2,2,4,15
IND81613,42429,23-02-2011,BE22,204262.81,34856.26,1,5296.95,143136.85,196462.18,96537.45,80109.15,27525.59,1230354.74,0,2,4,16
IND60956,10702,31-12-2020,BE23,67597.38,8531.12,1,2203.02,258882.67,76733.38,35664.81,66617.54,4855.35,448210.65,1,2,3,17
IND13711,6826,21-09-2000,BE09,51068.56,19645.74,1,2302.7,972574.5,1756142.53,935088.88,104684.34,38393.31,414118.5,0,2,1,18
IND62222,20168,3/7/1995,BE18,109036.93,8093.02,1,260.16,102906.09,39388.07,40398.02,9392.54,5497.07,502783.13,1,1,2,19
IND59714,37348,4/12/1995,BE43,92862.09,7919.9,1,719.98,22920.65,47282.74,46355.63,41720.07,1889.87,331569.91,3,1,3,20
IND48103,17485,13-07-2004,BE41,355068.6,15985.84,1,2916.69,441663.74,815334.43,450831.98,406708,45053.98,138630.95,3,3,4,21
IND47424,22701,14-01-2002,BE11,44569.39,10323.78,2,545.87,901024.69,556187.69,397961.88,65208.21,41924.42,616004.92,1,2,1,22
IND84942,4827,22-04-1999,BE41,64521.6,3049.92,2,2066.69,178177.95,150163.55,47334.16,129793.54,1691.33,457755.2,2,1,1,1
IND79115,40731,7/6/1995,BE33,274177.92,19278,2,4966.57,190468.28,364749.77,171824.27,138695.35,18017.87,1657392.66,1,2,1,2
IND98898,15987,27-05-2007,BE26,136455.5,40513.41,1,686.07,201191.48,1102267.5,375773.01,574097.66,50819.08,1258790.43,0,2,2,3
IND27181,12083,31-01-1996,BE36,106736.39,27105.67,2,7184.06,551500.74,1059510.16,397316.31,266864.12,41593.05,172848.31,0,2,2,4
IND33470,6112,23-01-2016,BE13,431338.32,58321.2,2,844.96,111397.78,193940.57,83117.39,131879.59,11176.7,1448619.14,3,3,3,8
IND67270,9315,3/1/2010,BE41,66605.53,25463.28,3,172.31,133905.27,54158.91,72534.26,23452.74,14128.82,207377.59,0,1,3,9
IND42900,30280,22-08-2020,BE01,111602.89,19078.08,3,3604.99,61045.61,530390.61,502837.85,141345.65,19305.13,855350.47,3,2,3,10
IND54363,3055,16-12-2002,BE17,49421.88,24554.88,2,1117.97,146385.79,364000.72,197167.06,265214.97,23201.04,660547.14,2,1,3,11
IND46401,29223,3/7/2014,BE43,115657.17,19317.21,1,2088.73,345084.42,1487333.25,244751.04,550313.3,31061.88,1007503.31,2,1,3,12
IND29266,6106,25-12-2018,BE49,81056.88,27761.94,1,2186.42,333302.25,248082.6,266059.6,59827.46,18989.93,279761.87,1,2,3,13
IND88950,25858,21-04-2016,BE39,113345.17,37139.75,2,5682.32,89916.2,283791.87,167483.73,75553.77,24094.26,908357.26,2,2,3,14
IND54504,25946,12/9/2017,BE37,162215.65,13855.02,2,4607.28,1103688.86,2178976.82,1074961.9,324812.81,1203.96,2246359.47,2,3,4,15
IND90241,29258,27-03-2011,BE09,289884.31,24804.12,1,6112.88,1121457.2,312040.47,101413.15,337705.8,51349.57,1359514.83,3,4,4,1
IND49190,27568,8/10/2020,BE02,97392,8996.94,1,3107.19,677122.38,419517.8,408760.94,104556.74,295.26,221967.77,0,2,1,2
IND33984,37719,12/7/2006,BE49,136861.18,37200.5,2,10565.69,1165930.55,831504.76,412672.73,138214.57,47008.84,2956753.5,1,5,2,3
IND51947,32687,15-06-2000,BE13,148851.2,4569.5,1,4858.44,71196.41,905790.51,216308.18,386110.1,3012.79,1071451.07,0,2,3,4
IND97419,23024,5/3/2018,BE35,92159.49,3751.8,1,1857.45,418601.09,86494.07,29761.4,77788.86,29489.37,820184.72,3,1,4,5
IND50993,15151,17-10-2005,BE27,239229.98,11691.92,1,2544.53,413862.03,36214.18,36754.69,14355.95,14160.96,196780.93,0,2,1,6
IND67880,5690,24-01-2020,BE48,48269.65,31582.21,1,1439.72,70766.48,53855.79,37174.79,10275.49,31065.04,544193.91,1,1,1,7
IND29107,493,3/3/2010,BE03,85194.59,23520.75,1,2212.75,564803.66,35563.31,32176.33,15534.96,23371.43,862252.78,2,2,1,8
IND38710,38212,20-11-1996,BE13,257752.69,25983.75,1,789.6,953808,870403.2,456961.68,454350.47,32103.6,622977,1,3,2,9
IND18498,7759,6/4/2020,BE41,446844.75,14710.1,1,6533.48,893269.17,3145143.42,889316.41,703861.41,64184.9,257449.53,1,4,2,10
IND26008,10936,7/1/2019,BE39,33250.79,8181.42,2,1882.65,639638.86,185133.67,56734.51,56465.77,29721.57,845306.69,3,1,3,11
IND69939,3021,29-01-2017,BE28,135831.23,60999.48,3,4788.34,336177.74,1192558.97,743873.42,432509.26,9888.37,280509.31,0,3,3,12
IND17524,30046,10/1/2011,BE46,119708.9,12441.45,1,3968.41,564255.32,687188.32,447899.53,89457.19,23739.72,1114958.72,0,1,3,13
IND62351,1476,28-09-2020,BE10,123889.23,50347.37,1,4736.97,807548.27,267320.98,213856.79,132591.21,8179.65,444494.45,3,3,3,14
IND62889,2857,18-09-2001,BE28,203626.16,54076.29,1,148.27,727369.87,209516.46,143785.8,248338.62,15833.97,718006.48,1,3,3,15
IND88021,32141,27-05-1995,BE48,38152.86,6549.42,1,2479.89,135988.99,93762.03,61305.94,67737.06,7432.23,51683.77,3,1,3,16
IND36235,25624,26-12-2002,BE06,67405.47,18213.8,1,1604.41,82561.22,1061383.9,472487.03,148593.75,71822.27,2173643.12,1,2,3,17
IND71573,36987,7/12/2020,BE23,399976.55,42415.8,1,108.19,185635.83,215573.82,115485.98,272161.95,37605.19,240555.03,2,3,4,18
IND35926,13908,7/2/2001,BE44,108321.75,11555.5,2,3043.44,1274209.92,517758.22,291239,47820.72,32456.16,706972.32,1,2,4,19
IND13753,4039,4/7/1995,BE03,198366.99,16319.02,3,1613.17,443007.06,228238.26,251849.11,72249.21,750.13,804133.2,2,2,1,20
IND46745,18883,10/9/2014,BE17,67206.48,11070.02,1,2964.94,236724.98,189392.62,118920.95,22037.08,7254.37,558130.42,0,1,2,21
IND86610,37613,3/8/2016,BE08,522330.26,22282.8,1,3497.91,507064.23,836531.26,381204.12,772573.68,35162.01,604328.95,1,5,3,22
IND47886,38300,19-04-2015,BE03,126564.21,24958.15,1,6380.46,1364353.58,1879473.25,945960.05,238979.38,59784.92,1864226.26,3,2,4,1
IND90885,36374,4/4/2004,BE10,78421.68,19476.72,2,4.36,31261.43,87355.44,84178.88,88086.05,2225.12,734351.9,0,2,1,2
IND22904,6510,1/4/2005,BE44,79572.94,13544.16,1,1307.59,484584.87,321886.02,227540.12,29469.22,12019.57,617304.09,3,1,1,3
IND82060,5156,13-04-2001,BE01,355416.37,8648.8,1,5784.7,591311.62,295130.17,233293.37,52561.28,40061.99,288559.19,2,3,1,4
IND49261,8282,18-08-2007,BE02,447613.88,20018.7,2,11609.85,776023.73,990980.4,262913.17,333090.76,54588.57,489625.59,3,4,2,8
IND57999,42368,18-07-2003,BE48,380018.35,36894.06,1,6366.83,482508.86,943481.74,438385.45,458017.5,41067.19,1779962.09,2,4,2,9
IND54797,34705,27-05-2003,BE16,234313.46,40414.08,1,3302.38,1434369.69,794956.83,291110.95,231097.31,11917.97,1324560.04,0,2,3,10
IND33629,9736,28-04-2020,BE06,433256.55,13602.18,1,7391.8,1489680.07,3252169.61,922601.31,941053.33,36986.53,2878551.34,3,5,3,11
IND74667,41482,15-03-2020,BE30,40231.98,3221.1,2,759.34,158652.12,252864.88,168576.59,283297.39,5586.26,764714.94,1,2,3,12
IND13486,29646,2/4/2008,BE13,151820.92,43108.7,1,3275.7,432015.15,558792.34,176460.74,156853.99,29976.48,1169260.81,3,3,3,13
IND27626,39930,1/7/2019,BE21,114869.95,22150.44,2,2210.61,71259.6,106873.1,73601.29,17150.11,15091.9,372198.9,2,1,3,14
IND94410,16984,10/11/2020,BE09,185133.56,25427.47,2,3843.44,624438.77,1452744.85,784694.3,333601.12,58312.23,166196.39,3,2,3,15
IND63836,5177,10/8/2001,BE49,297847.23,38897.7,2,3793.52,418925.15,519360.19,449755.22,80527.6,3025.09,551434.67,0,4,3,1
IND78028,19600,24-10-2001,BE02,49832.16,3021,2,359.64,990724.84,370594.47,164187.43,74588,36011.39,1476173.46,3,1,4,2
IND22081,4092,22-08-1999,BE23,165872.64,14837.84,2,3542.77,691428.71,105060.55,119607.39,24374.05,18921.66,268739.74,1,2,4,3
IND93388,29679,22-06-1995,BE27,341885.14,67782.4,1,37.52,558696.4,0,0,0,44027.02,981599.23,1,4,1,4
IND54286,2173,26-02-2004,BE08,193797.01,22306.27,2,3535.23,600015.87,882077.91,273024.12,367252.44,46175.96,1016679.99,3,2,2,5
IND78943,20957,10/3/2015,BE38,148799.02,20751.8,1,4858.03,544752.5,598410.21,173584.64,303042.24,8955.42,308402.53,0,1,3,6
IND36951,33830,21-08-2012,BE47,114409.21,31143.84,1,3134.38,462978.43,687194.25,530121.28,88288.1,31519.66,516020.9,3,2,4,7
IND17798,23363,7/4/1995,BE38,72575.32,15225.6,1,4577.99,1158128.52,2113374.2,505083.14,445004.83,52100.8,1957601.96,2,2,1,8
IND46044,125,27-07-2004,BE04,272042.88,31200,1,7225.63,356842.37,1136705.63,615715.55,137194.05,8238.24,446663.81,3,2,1,9
IND43480,14195,22-01-2020,BE37,135222.08,2565.6,1,1909.09,381935.7,142186.31,76244.83,98664.94,9712.72,106810.9,2,1,1,10
IND83407,16940,28-10-2005,BE36,22559.39,3919.05,1,674.16,102559.79,30902.15,13315.56,13107.03,127.86,310120.29,1,1,2,11
IND80089,22921,16-06-2014,BE06,57690.28,13255.32,1,2726.88,535299.65,327206.38,208594.07,216447.02,6204.12,48790.25,0,1,2,12
IND63136,35512,26-03-2012,BE43,116126.72,28399.72,1,8457.28,600072.47,1620094.7,277413.48,773983.6,82779.63,1613853.02,1,2,3,13
IND14347,33538,3/11/2000,BE10,316420.53,18364.12,1,5680.11,795494.67,2379512.82,1307823.84,259385.06,61022.89,2221786.2,2,5,3,14
IND38794,26941,6/5/2012,BE14,311940.65,5411,2,5818.64,100888.07,831510.28,348697.86,392687.43,32072.82,1036447.99,1,2,3,15
IND19657,16520,25-02-2003,BE47,22765.74,15353.25,3,1906.74,148122.81,40303.49,56424.89,6018.66,17099.87,58708.19,3,1,3,16
IND62031,38125,20-11-2000,BE09,306850.53,37296.74,1,3782.7,581449.04,627022.95,143471.35,360750.75,31778.37,887980.66,0,3,3,17
IND62007,42946,4/7/2013,BE25,394170.23,41544.02,1,4863.04,214497.92,550867.61,713418.71,174471.51,47955.26,1330851.97,3,4,3,18
IND47000,1184,19-12-2017,BE39,103072.97,33638.64,1,9579.6,0,2326151.83,881686.58,785451.43,40450.54,209229.32,1,3,3,19
IND88064,10492,2/12/2020,BE35,330956.05,62296.62,2,7556.47,1056358.46,249304.36,121684.27,201372.63,71604.88,1776771.34,1,5,4,20
IND36864,13357,9/11/2009,BE28,110037.72,10448.4,1,861.46,309762.39,15416.58,10713.22,10945.77,5858.7,388277.29,0,1,4,21
IND56480,39795,15-08-2004,BE04,54647.58,18484.8,1,3495.94,594957.31,124497.1,32161.75,62995.53,394.37,308037.5,2,1,1,22
IND66163,36989,19-05-2021,BE27,108060.76,27555.69,1,3554.78,278286.84,828983.6,361738.3,376207.83,29105.74,242108.08,1,1,2,1
IND44689,8335,23-11-2017,BE18,99704.06,46444.5,1,1244.03,101434.64,494708.99,264712.7,130316.76,11710.94,414535.64,2,3,3,2
IND59059,18483,8/2/2006,BE23,130334.13,34310.01,1,6426.25,1180442.49,348646.35,129218.58,103131.05,2006.78,1957791.14,2,2,4,3
IND73185,39294,3/11/1999,BE04,250596.15,26915.7,2,6992.56,1172036,1974608.14,567861.16,737187.04,49784.36,2541004.26,2,2,1,4
IND50404,4705,1/1/2012,BE05,75223.75,12139.25,1,1583.01,74172.93,175234.71,134426.62,86609.15,16659.33,234495.16,1,1,1,8
IND98223,543,19-05-2007,BE38,90964.09,43166.5,1,1017.59,714235.24,160279.89,63140.56,222837.62,16236.36,629995.51,0,2,1,9
IND76462,19675,13-02-1999,BE14,171662,43339.86,1,6200.05,0,1333804.07,827165.32,217130.9,16462.28,1652554.76,2,2,2,10
IND33553,26367,1/8/2006,BE06,333378.6,22836.44,1,1480.18,649485.67,1061350.99,221432.94,368647.67,27563.92,2394431.68,1,2,2,11
IND65980,39007,8/12/2013,BE34,115985.63,6843.75,3,1362.34,899843.36,548661.44,284012.98,347012.23,35625.41,1037102.21,2,3,3,12
IND33495,8656,2/8/1996,BE23,111407.99,51135.24,1,9831.37,1975645.9,998011.9,492075.31,136672.19,56058.91,871342.62,1,3,3,13
IND84144,20082,14-08-2020,BE17,107002.31,39033.44,1,577.36,803550,1169129.7,490002.89,414009.46,4016.3,562892.18,3,2,3,14
IND67150,5125,20-03-2004,BE44,50390.73,11258.1,2,2304.05,35997.02,112112.54,90177.47,30733.46,9499.09,699774.82,1,1,3,15
IND79483,164,16-02-2012,BE29,165847.33,22298.43,2,3632.58,827978.15,118972.18,53224.4,55228.14,49267.4,545432.68,3,2,3,1
IND21788,10038,31-03-2008,BE08,89620.22,14437.8,2,953.02,152540.99,52344.55,37388.96,11676.86,5317.59,531044.2,3,1,3,2
IND54719,25264,16-06-2006,BE09,175520.13,21559.34,2,1084.46,810378.27,158765.07,75673.07,62526.73,42833.01,620997.43,2,1,3,3
IND21106,15807,26-09-1995,BE04,397164.13,49446.89,2,3240.93,599879.42,111414.82,67722.74,23659.27,52333.49,1182052.19,0,3,4,4
IND30260,30389,21-04-1999,BE06,332174.23,38349.6,1,827.68,1592331.86,1728292.57,1036975.54,302826.92,79602.17,1447732.93,3,3,4,5
IND53757,3612,14-05-2004,BE01,142960.39,36505.89,1,9852.56,1027688.99,2211018.05,1310232.92,278424.5,43906.79,2326877.36,2,3,1,6
IND65418,19479,1/5/2015,BE18,166230.05,8921.28,3,2589.08,739341.72,593330.55,393253.97,281832.01,35361.69,343739.39,3,2,2,7
IND40870,32452,5/8/2011,BE41,189718,35796.48,1,61.05,580546.86,92513.19,31618.43,63260.28,29537.03,757732.99,1,2,3,8
IND99607,36796,18-02-1995,BE14,191510.45,52333.89,3,1871.05,2439164.14,498848.12,208422.84,166567.44,12256.86,581962.58,1,5,4,9
IND93836,43064,26-10-2002,BE25,134185.02,44098.11,2,1694.84,57612.72,261295.52,110548.11,269335.38,28852.55,787466.53,2,2,1,10
IND97223,39546,29-04-2014,BE38,39760.11,16182.3,1,1397.35,96549.35,114656.83,97543.87,90510.44,13203.69,472700.95,3,1,1,11
IND35919,1528,24-01-2011,BE08,362722.41,15889.68,2,3217.61,121348.68,517296.34,308833.64,324275.32,22050.5,563251.69,3,2,1,12
IND39837,9209,8/3/2014,BE33,172704.57,39525.75,2,3641.62,756101.39,323351.54,251022.91,127340.94,10711.67,569131.24,0,2,2,13
IND81606,20670,7/6/2009,BE18,238997.45,16324.48,3,2143.08,648279.98,173259.15,158193.14,102197.79,52376.71,1457145.31,2,5,2,14
IND30766,42701,26-04-2001,BE40,338901.78,15028.56,1,3026.42,854999.97,617153.9,188574.8,248861.6,63982.48,1984082.95,0,2,3,15
IND41873,21510,25-01-2009,BE25,323798.43,23457.96,2,8684.77,878558.8,812470.79,281239.89,179681.04,43245.63,1967172.98,1,2,3,16
IND99374,1877,26-05-2013,BE39,362819.63,10241.25,1,6733.67,262172.81,254470.01,79350.86,242841.01,17233.13,194218.18,0,3,3,17
IND42481,25777,9/8/2011,BE22,35039.16,14673.3,3,1637.67,392063.7,249992.79,231921.02,52649.08,15254.49,38973.23,0,1,3,18
IND13907,2147,7/3/2002,BE17,240590.16,55089.36,1,7773.61,765479.58,1619706.12,705355.89,306437.95,46234.54,695693.87,2,2,3,19
IND79745,12860,11/7/2018,BE01,327183.15,30740.48,1,1772.76,207129.71,191858.02,150928.31,113272.97,34785.68,371355.3,2,3,3,20
IND45732,39272,24-05-2010,BE07,36185.31,7541,2,3145.28,421132.64,655907.81,312337.05,162415.27,7959.74,553354.2,1,1,3,21
IND45344,20207,12/1/2006,BE25,37203.8,26027.43,1,1088.94,140619.78,352259.68,159745.67,194889.72,4302.41,235067,1,1,4,22
IND64096,13447,2/11/2014,BE18,431647.32,63578.75,1,2435.37,525948.5,495892.86,712282.48,177980.46,32440.46,1251373.92,1,5,4,1
IND37064,6034,14-07-1999,BE31,140668.5,52912.5,1,5102.79,1418316.9,534604.29,284659.43,44365.21,64181.04,2930670.44,1,3,1,2
IND46886,32740,31-03-2017,BE05,96397.46,15078.24,3,199.5,923505.79,791771.11,781873.97,164193.53,41532.94,1132848.24,0,3,2,3
IND94600,1568,2/1/2006,BE37,368494.66,17067.95,1,1355.77,1085410.51,744626.91,204171.9,479563.75,81168.68,312762.77,1,3,3,4
IND42408,21428,28-10-2014,BE08,47809.82,22226.82,1,4594.66,209798.16,85688.91,37488.9,12050,18826.37,942685.39,1,1,4,8
IND95576,6624,15-09-2006,BE40,58084.44,37017.6,1,2097.6,790154.88,157897.61,118423.21,64909.65,3805.71,823773.89,1,2,1,9
IND87787,11582,29-06-2008,BE08,73964.21,24798.2,2,1411.2,497932.16,448280.97,348662.98,171841.04,13695.89,644761.85,1,1,1,10
IND44084,3938,19-10-2000,BE20,84194.51,41099.52,3,4650.8,716632.84,152857.32,61142.93,70620.08,18647.86,230655.04,2,3,1,11
IND86710,34997,30-12-2020,BE24,126935.44,25132,1,4711.96,748437.11,357947.96,197010.12,91734.57,64011.17,1611585.36,0,2,2,12
IND43909,1462,10/5/2015,BE22,59176.32,25111.8,3,765.65,469942.2,405062.99,160986.57,275910.21,464.26,1054314.14,1,2,2,13
IND20927,18015,29-03-2005,BE18,234162.04,9496.42,2,113.73,1830929.44,296190.68,127808.31,42785.35,97909.41,797065.83,0,3,3,14
IND57563,22639,21-12-2003,BE15,48726.82,40685.84,1,2270.17,1051387.58,87689.13,49647.52,13198.5,60574.32,830390.27,0,2,3,15
IND17254,5843,29-01-2012,BE23,184887.92,21807.6,3,3565.52,45371.55,87414.65,42409.09,23835.64,7693.53,963766.52,2,2,3,1
IND98826,18927,1/7/2000,BE05,506206.08,46277.84,1,4051.4,88223.23,570531.33,769764.5,168442.58,26101.71,880634.97,0,5,3,2
IND76028,12983,23-02-2002,BE32,128370.28,25982.08,1,951.55,497493.96,94157.7,99388.68,32955.19,27171.53,752190.11,3,2,3,3
IND41655,36602,2/2/1999,BE49,26495.68,24865.62,1,1615.61,330129.7,181593.1,186309.81,37144.04,9326.42,105277.07,3,1,3,4
IND75932,21564,23-01-2020,BE22,149882.95,41408.9,2,6951.36,911976,433338.88,165210.45,110907.67,45171.36,1445094.56,1,2,3,5
IND86705,26620,15-05-1995,BE10,204369.83,41736.75,2,2356.2,369376.99,145886.63,228841.77,65219.91,6847.57,240701.26,3,2,4,6
IND79787,9649,20-07-2010,BE29,64432.38,6760.26,2,2766.38,171612.11,192069.96,171969.61,55476.95,15081.93,104073.95,2,1,4,7
IND62595,41574,3/9/2001,BE28,30051.28,26736,2,4143.62,263904.77,0,0,0,20172.29,135815.68,2,1,1,8
IND25773,32579,3/2/2019,BE23,305273.4,39626.5,1,4821.43,103714.83,535215.69,429494.07,141072.28,31960.64,544350.42,0,3,2,9
IND46155,13364,5/10/2021,BE35,45019.57,2662.49,2,747.88,219767.08,216827.57,86731.03,133004.59,9854.08,368424.32,2,1,3,10
IND96756,891,9/2/1999,BE26,56333.22,27853.84,1,2869.57,187735.73,342379.3,409817.65,133994.81,10412,372255.58,1,2,4,11
IND85245,7423,18-08-2018,BE09,200168.25,20748.5,1,757.78,646340.85,455460.39,316143.09,248252.7,10135.4,1022453.1,2,2,1,12
IND21386,23569,31-10-1999,BE23,111158.78,27899.28,2,723.38,223158.09,197430.38,118071.11,43028.21,11507.31,259288.73,0,1,1,13
IND65402,38668,16-03-2017,BE49,44187.81,1615.14,1,1661.71,288622.83,886280.21,204077.68,360051.33,7949.04,896182.27,2,1,1,14
IND42622,27739,7/4/2005,BE46,180987.11,40601.25,2,775.51,510409.06,307856.45,376268.99,147315.01,18190.59,226123.55,3,3,2,15
IND83775,19769,1/7/2014,BE47,214416,9375.2,1,1174.91,1622899.73,1136002.86,695165.93,169383.11,61706.46,2564187.55,0,3,2,16
IND14543,22289,16-05-2003,BE33,268503.7,33435.36,2,1048.59,249597.43,224557.82,193584.33,98728.01,7123,413902.99,0,2,3,17
IND54095,32820,27-08-2012,BE39,53747.14,15706.44,1,6098.92,801019.54,1207274.42,344935.55,575839.46,9885.76,585488.93,1,2,3,18
IND19003,41820,22-07-2007,BE38,58554.32,16740.64,3,2384.22,515201.95,817996.87,421982.51,124971.74,9798.31,104607.32,2,1,3,19
IND86759,42127,19-11-2019,BE40,91046.88,60686.4,1,6019.99,250848.93,317919.57,119219.84,130580.79,12859.43,3239548.7,3,5,3,20
IND56173,32479,7/12/2003,BE25,219372.75,19534.5,2,4300.89,485075.76,354800.46,305732.31,62392.04,35610.17,161227.97,2,2,3,21
IND61687,41523,23-04-2010,BE13,191378.08,4686.79,1,2632,147381.41,592417.14,110525.59,305050.62,37696,1518097.95,0,2,3,22
IND57908,38847,27-01-1996,BE07,388597.51,53215.19,1,165.71,54532.35,682831.26,366155.89,554874.62,6814.3,97138.46,3,3,3,1
IND69220,35852,20-09-2008,BE12,59086.95,21017.1,1,3666.49,147801.67,397287.48,173975.56,84832.56,32684.93,602321.37,2,1,4,2
IND95487,20989,5/10/2021,BE07,239451.31,19287.29,2,5343.05,315742.19,817822.45,625393.63,410835.51,31017.25,119820.52,2,2,4,3
IND92968,4299,24-08-2002,BE36,204807.93,15044.85,1,476.23,193234.53,99197.93,90496.35,99406.76,237.54,73909.49,0,2,1,4
IND62985,29485,7/2/1995,BE19,47010.63,24115.52,2,2648.16,125581.26,302800.11,142279.57,206962.05,4849.04,332350.89,2,1,2,8
IND41456,4187,11/5/2008,BE45,152255.71,9352.06,1,4670.92,969610.8,533783.81,319395.23,88599.36,36672.94,217762.99,3,2,3,9
IND63334,2488,5/7/2015,BE31,66677.53,5243.84,1,1977.63,190207.1,30560.82,13227.82,30442.23,17063.02,231391.41,2,1,4,10
IND32903,20807,2/8/2015,BE44,289812.51,32357.71,1,3708.1,1395286.34,307346,102448.67,71442.26,38398.58,2497229.47,3,3,1,11
IND34986,21054,3/8/2010,BE24,91074.65,2573.75,1,223.23,144419.03,160532.36,68462.33,115654.12,17757.27,352461.48,2,1,1,12
IND72265,3782,2/3/2021,BE31,260992.4,8081.92,1,1523.63,1088127.44,955895.97,594996.47,384211.66,12709.74,1369298.24,1,3,1,13
IND64873,4898,13-10-2004,BE07,101348.59,17772.81,2,1746.07,829953.88,1036987.58,177379.45,479606.75,10739.76,1185653.99,2,1,2,14
IND30612,20829,2/3/1996,BE23,241800.88,46566.18,2,3988.02,831276.62,847815.68,520441.31,207337.1,49273.21,247662.34,3,2,2,15
IND56739,10072,12/10/2011,BE09,180547.3,5516.96,2,5657.7,1009198.5,1608492.25,515931.48,436215,70131.47,1423978.24,0,2,3,1
IND71679,36949,13-08-2007,BE46,229404.53,10365.55,1,3539,560607.18,622655.3,423662.37,220432.81,56178.18,544885.67,0,2,3,2
IND69386,2314,16-11-2021,BE47,103516.88,10311.86,1,3975.4,565582.1,679740.56,261825.99,239268.68,7547.8,1085697.49,1,1,3,3
IND30675,8898,27-09-2007,BE39,336905.38,25463.16,3,4641.45,497745.43,2065707.8,976807.57,405935.6,45941.12,987783.68,0,3,3,4
IND37613,29018,7/9/2001,BE14,233819.66,52290.48,2,2663.02,731121.81,671936.6,746596.22,132520.83,47869.11,885551.67,2,4,3,5
IND32828,41493,19-03-2020,BE38,378564.61,52131.6,2,4397.59,200107.84,412040.35,230257.84,251708.18,32996.78,486694.04,0,3,3,6
IND59220,32230,21-04-2010,BE39,129932.3,20799.1,2,1862.34,203371.21,811860.87,290421.77,332664.94,12841.38,895163.19,1,1,3,7
IND25922,16190,14-08-2020,BE42,179621.37,35502.99,1,2288.22,1102866.68,2999025.75,1339187.6,333665.19,85116.85,380333.6,3,4,4,8
IND92034,30446,20-05-2012,BE22,186049.5,31473.6,2,1723.03,564259.61,1298187.45,442345.35,617937.23,46491.41,1376262.58,2,2,4,9
IND33307,21505,6/4/2004,BE25,157446.17,23014.26,1,2976.01,952380.13,549847.65,218965.88,181984.97,32186.93,1424000.42,2,2,1,10
IND25691,20035,13-11-2019,BE31,29254.29,18972.6,1,2105.88,197442.12,290795.53,243383.22,44346.32,4735.06,546877.16,3,1,2,11
IND69736,19879,12/4/2018,BE45,83536.49,31195.27,1,4100.08,772947.34,60890.81,54040.59,21852.19,2728.44,1068648.75,3,2,3,12
IND65318,42176,30-10-2021,BE40,90262.4,4804.39,2,4101.39,855070.43,599215.26,344325.19,97707.86,32741.41,1012139.67,1,1,4,13
IND83499,15508,16-10-2020,BE26,281572.34,47983.29,1,4426.46,330029.04,204193.22,161205.17,119291.83,43290.27,555179.13,0,2,1,14
IND74300,4663,15-03-2021,BE08,193275.84,30044.4,1,259.08,896307.83,1523757.92,1007839.88,197728.59,11436.1,1300112.21,3,2,1,15
IND47852,3450,14-05-2008,BE29,117097.79,10098.85,3,6376.73,215669.26,1765097.85,497848.11,808626.02,87289.25,675333.13,2,4,1,16
IND43367,29724,22-10-2006,BE32,76167.5,13824.75,1,833.7,319085.73,213337.18,225527.88,60222.04,15206.28,37350.43,3,1,2,17
IND84211,32080,20-08-2009,BE36,162867.01,10241.76,3,3281.24,723809.55,1392924.89,598243.38,330016.05,36589.36,1398446.9,2,2,2,18
IND27091,28142,27-02-2020,BE20,245119.06,24420.84,1,7978.71,1314967.14,1356925.01,814155.01,96147.83,62122.76,561213.52,3,2,3,19
IND84197,27851,11/7/2012,BE29,52308.75,6106.25,2,2216.15,187186.01,639661.31,218420.93,337824.38,5606.34,595957.14,0,1,3,20
IND97134,29801,2/6/2007,BE23,99791.1,26126.79,1,39.83,199697.53,217372.23,125847.08,314274.49,21994.07,547709.61,2,2,3,21
IND68544,39693,19-09-2002,BE06,50314.34,7449.68,3,2119.3,492920.12,430835.28,277270.23,146313.37,1658.62,165070.93,2,1,3,22
IND96321,35978,11/9/2013,BE24,69314.13,31030.48,1,1201.82,60762,77182.19,73323.08,67482.96,21247.2,626884.75,1,2,3,1
IND94055,9904,4/10/2015,BE35,162947.68,31274.8,3,4364.04,376735.22,500375.94,227813.44,214795.53,15691.36,387317.65,0,1,3,2
IND48964,34439,12/1/2019,BE04,67440.8,28699.3,1,2273.09,615934.86,413381.57,252284.34,41854.88,57869.51,1408194.5,3,2,3,3
IND28345,10756,13-10-2021,BE31,62701.19,25906.7,3,3281.8,960388.88,324926.87,259941.5,40940.79,18050.51,683254.29,2,2,4,4
IND93272,5226,5/12/2002,BE29,75789.87,20154,2,1435.8,246724.5,60243.15,93979.31,31808.38,5832.15,204233.7,1,1,4,8
IND58727,31988,3/8/2012,BE42,59484.36,17739,1,1970.24,472831.99,388803.81,190801.87,152281.49,5647.64,694019.66,0,1,3,9
IND47871,16056,7/2/2005,BE32,169625.7,21116.44,1,591.14,402941.34,282744.04,118414.17,98597.92,40417.54,1280380.95,1,1,1,10
IND24899,19877,10/5/2002,BE06,278807.46,40635.63,1,5841.83,710283.7,1247794.69,679832.97,108429.06,29701.54,1869038.36,3,2,2,11
IND58197,40049,6/9/1995,BE24,178150.43,33841.26,2,4455.69,1312815.7,758087.11,351969.01,489958.92,6293.65,1051827.29,2,4,3,12
IND59695,12026,4/2/2004,BE40,64608.77,21195.13,1,98.92,247860.03,179229.07,159314.73,55760.16,2259.42,545795.85,3,1,4,13
IND29786,6749,20-10-2018,BE15,62206.71,2184.16,3,3899.26,377944.04,287770.65,160956.47,53066.86,24941,933248.97,2,1,1,14
IND59107,6006,22-06-2003,BE26,165861.45,47607.3,2,7941.24,576418.68,120211.37,98840.46,31254.96,59764.23,976361.85,2,4,1,15
IND37582,1031,16-03-2009,BE32,387478.11,55895.84,2,1266.27,1834708.88,1716590.68,889506.08,476431.94,43328.29,2160449.29,1,4,1,1
IND72283,34853,20-09-2001,BE25,74128.42,27619.02,1,978.58,938480.14,751406.77,500937.85,126486.81,18449.09,2039989.08,1,3,2,2
IND74203,14938,21-02-2000,BE08,115567.05,17257.5,1,382.54,382479.92,260085.75,102328.82,114181.91,32411.02,656394.17,1,1,2,3
IND50994,22490,17-12-2006,BE33,183064.32,21920.8,1,4452.62,444775.06,567228.21,558633.85,249666.36,14892.77,702795.98,3,3,3,4
IND58185,12748,26-01-1999,BE41,154619.52,25201.26,3,1647.37,261803.18,1137025.72,442176.67,409599.98,1422.12,471143.87,1,2,3,5
IND43545,518,27-08-2010,BE47,61730.31,5697.75,1,88.94,76568.42,322752.23,96406.51,86011.37,14609.6,469157.54,2,1,3,6
IND83063,39599,14-04-2017,BE49,290003.44,14490.06,2,10487.88,991961.8,446223.12,102466.05,253157.25,80231.23,707174.79,2,3,3,7
IND15980,20901,10/7/2020,BE29,67416.15,8053.5,2,1533.53,678840.16,51260.52,17308.75,8308.2,15609.59,1007983.78,0,1,3,8
IND35484,28031,13-03-2008,BE06,208955.64,22115.52,1,3146.46,76186.92,122186.43,79606.31,72812,24815.26,635260.67,3,2,3,9
IND79472,20710,22-08-2021,BE08,94710.69,17339.4,1,1761.65,239733.22,122771.65,36979.41,119813.3,17073.51,37326.77,3,1,3,10
IND93672,8595,14-05-1995,BE36,78349.89,23992.79,1,3864.78,491588.57,1012079.53,319194.31,551194.09,20123.42,1369457.15,0,1,4,11
IND88113,36034,3/5/2020,BE43,114059.46,12654.46,1,1040.38,208829.09,380343.23,355962.25,151405.86,11721.84,408184.44,1,1,4,12
IND53799,10256,11/10/2020,BE04,261751.35,27447.68,3,6208.93,420312.38,1215970.98,211814.3,486780.64,36439.14,1508099.9,1,2,3,13
IND41887,2001,6/9/1999,BE06,318685.72,38548.44,1,2041.54,1461717.64,2830536.61,1333091.43,369795.91,22899.58,1976946.38,0,3,1,14
IND88761,31445,2/10/2020,BE38,284371.28,42186.24,1,521.63,1183883.67,1689110.1,410547.59,884436.82,25317.27,1020760.47,2,2,2,15
IND40435,34793,23-06-1999,BE46,73123.68,10618,1,1900.8,410214,984888,393955.2,194351.23,52225.2,1362170.4,3,1,3,16
IND56106,39741,14-12-2020,BE29,59404.8,35463.6,2,1468.42,318361.73,77122.46,55397.82,46306.06,36629.61,646976,1,2,4,17
IND41735,20585,13-11-2013,BE45,324937.61,51346.71,2,9517.18,1019102.41,1485047.93,566663.03,307756.64,31089.03,697861.4,2,3,1,18
IND90777,12381,19-11-2000,BE18,220770.81,42264,3,624.07,493159.95,123042.75,89305.22,127706.47,16505.19,721725.68,2,2,1,19
IND51577,36134,5/7/2002,BE18,57704.98,2318,1,2714.93,212865.53,279791.28,61268.16,118656.01,41543.88,743988.42,3,1,1,20
IND80436,40642,24-01-2019,BE28,132696.47,35217.6,1,7039.93,1769470.87,894793.43,286880.34,427861.53,77109.82,1865191.99,1,4,2,21
IND79704,13953,21-09-2012,BE07,183957.47,73230.7,1,7809.43,988246.19,3085020.89,746050.8,1371926.94,49113.09,870542.46,2,5,2,22
IND15664,11535,22-03-2016,BE19,233672.19,4238.41,1,1655.72,89810.62,122739.52,34367.07,45953.68,40962.64,1081803.67,0,2,3,1
IND94938,25002,3/8/2009,BE36,77013.08,24701.34,1,6162.84,379049.09,595996.58,135092.56,317308.58,50942.88,1836147.65,2,2,3,2
IND80870,39148,11/5/2009,BE03,152911.47,17541.12,1,1988.76,464468.18,303466.76,267764.79,194575.74,30299.71,194960.03,0,2,3,3
IND58524,3834,22-01-2014,BE31,295561.36,31806.27,1,2434.13,896415.94,217504.28,64215.55,127208.93,21884.22,2095276.49,1,3,3,4
IND73247,9798,22-01-2019,BE12,314447.35,44848.7,1,1057.01,408232.6,513488.66,242637.5,328068.47,11827.04,1402707.35,3,2,3,8
IND49380,7225,20-09-2006,BE33,126478.24,19570,1,783.23,507764.48,126186.06,78322.38,24976.14,16172.72,742988.35,1,1,3,9
IND32752,42175,16-11-1995,BE30,92351.2,8788.81,3,1451.26,145044.2,120010.97,181148.64,30342.4,10290.77,197343.52,1,1,3,10
IND79491,26401,19-04-2018,BE42,101642.35,25257.05,2,4995.39,1462139.08,107265.81,85325.08,39493.32,33064.23,1735043.71,2,4,4,11
IND52559,31474,26-10-2013,BE22,58759.68,2220.4,1,4877.08,242465.6,140284.2,72300.32,29912.91,16725.28,370033.56,2,1,4,12
IND94127,31870,3/11/2014,BE07,146332.45,12936,3,2300.98,347272.54,152112.11,196696.7,78678.68,9903.52,113414.31,0,2,1,13
IND59774,13652,27-02-2013,BE11,168353.24,65213.46,2,2353.21,56408.96,499909.49,256532.5,365131.26,44666.04,481601.55,0,4,2,14
IND61218,29943,4/5/2012,BE02,256284.54,22198.4,1,380.49,566088.43,133212.48,142560.73,83853.75,9275.95,132050.81,1,2,3,15
IND28314,17556,9/3/2010,BE44,78234.39,25758.04,1,6008.08,667560.06,391853.14,226281.39,31293.06,53119.25,1225713.27,1,2,4,1
IND76099,7606,5/2/2015,BE27,384857.81,53106,1,2567.16,509149.8,600057.98,241690.02,621310.03,22823.64,605579.76,0,3,1,2
IND58197,35122,27-06-1996,BE40,130428.61,11748.96,3,2763.07,817000.87,1066417.1,584554.56,182791.79,27933.48,1164804.77,0,1,1,3
IND79892,231,23-07-2007,BE18,37133.18,5272.32,3,3382.97,392384.53,470678.85,110222.26,202689.8,45,473708.77,2,1,1,4
IND39781,13438,1/6/2004,BE40,53516.56,16820.31,1,4382.56,383121.98,329499.38,105057.77,97608.22,39663.35,1683676.81,3,2,2,5
IND35995,6966,4/8/2017,BE22,203494.93,37430.61,3,4085.55,792427.96,310706.37,156861.47,101356.64,11971.48,541524.93,1,2,2,6
IND42566,121,4/12/2012,BE08,168569.04,15739.29,2,8236.71,1035797.46,2232448.41,821541.01,732957.46,65832.49,1113701.26,0,3,3,7
IND31753,9990,23-08-2002,BE48,110879.81,15968.46,1,425.06,110950.57,186712.06,161039.16,47751.61,5280.94,387562.57,3,1,3,8
IND53894,20512,21-02-2002,BE24,212959.33,47416.16,2,1905.32,184616.78,23935.08,24347.75,14381.68,23849.46,1100196.29,3,4,3,9
IND56621,17648,27-04-2000,BE07,91782.11,25158.3,1,2110.53,1039245.97,375968.35,267931.47,144510.13,29932,1324137.61,2,4,3,10
IND76021,13319,14-03-2007,BE05,130687.16,23800.07,1,1414.06,35952.58,45415.83,34659.45,26353.13,23962.61,392791.7,2,1,3,11
IND17070,18986,14-12-2007,BE39,75941.86,14295.24,1,977.61,240025.01,190655.69,97273.31,51554.85,7604.25,876989.18,1,1,3,12
IND37670,32076,29-04-2001,BE30,112975.62,31612.32,1,299.28,687264.12,421426.09,392024.27,69584.31,22436.51,958301.16,2,2,3,13
IND45617,8250,4/12/2018,BE26,311415.86,5269.6,1,1169.71,326966.56,969928.77,496988.29,237592.47,67812.51,1154196.74,1,2,4,14
IND47563,19839,1/2/2019,BE24,514809.57,22300.56,1,2492.86,153204.28,745757.79,530487.5,190667.97,69240.27,1376704.03,1,5,4,15
IND46352,31923,9/9/2020,BE17,78509.67,20112.96,1,3239.24,465384.12,673491.82,287293.71,145106.87,21362.94,713829.92,0,1,1,16
IND52499,36731,29-01-2008,BE36,313302.52,21721.8,2,4679.33,1012987.16,976104.23,492884.31,397786.63,44550.53,1957630.42,2,3,2,17
IND64778,4843,16-04-1995,BE26,69271.91,13546.4,1,1791.82,184785.4,167595.38,143895.02,24123.58,3042.82,241345.57,3,1,3,18
IND83362,9232,23-08-2021,BE35,44252.99,45239.43,1,293.48,726570.29,527117.15,332216.69,122920.18,31053.88,1796045.52,1,2,4,19
IND30786,6958,26-11-2014,BE38,67695.6,3591.45,1,7478.8,960557.31,1233484.26,726164.12,174577.81,29182.8,705435.36,2,2,1,20
IND20476,32604,11/8/2004,BE07,193812.26,41258.5,1,7730.72,855234.08,2570251.9,1060228.91,305859.98,5131.52,3265394.72,2,5,1,21
IND69060,4910,20-12-2004,BE17,148197.15,36119.7,1,3152.68,315685.67,119123.35,59561.68,159426.75,17218.01,190816.72,1,4,1,22
IND17931,13446,28-11-2004,BE49,289056.28,54635.31,3,6996.13,662878.16,444874.25,238614.37,89541.05,80211.38,404124.63,3,3,2,1
IND56891,35281,7/5/2000,BE47,94483.25,29841.4,1,1344.71,51539.61,58388.05,32909.63,64460.4,7951.2,267677.17,0,1,2,2
IND37323,9057,23-01-2006,BE03,38502.76,1789.08,1,1802.43,0,72128.93,30207.84,22322.98,26400.79,823027.12,2,1,3,3
IND17259,32235,15-06-2021,BE11,131489.18,39765.72,3,1070.22,601552.34,408648.56,252400.58,188218.72,8950.21,496349.52,0,2,3,4
IND24069,28895,20-06-2016,BE21,84832.26,17913.58,1,2033.55,384710.44,392769.71,313460.45,38521.65,28135.6,878596.28,3,1,3,8
IND70868,11097,22-06-2005,BE37,38807.25,35163,1,1061.28,608245.61,286374.44,216950.33,72316.78,10444.01,1209141.95,1,2,3,9
IND94996,25969,8/10/2014,BE36,194389.86,27495.86,1,1306.55,678417.69,2178798.95,904407.11,563747.1,691.06,1500584.78,1,2,3,10
IND92018,29156,1/4/2015,BE02,71368.28,12514.5,2,1228.06,776907.32,1563534.99,525671.25,978422.46,23434.56,357389.07,3,3,3,11
IND40311,36109,3/3/2002,BE20,155237.17,55594.74,2,5329.6,655011.17,193003.46,120445.77,18255.52,37998.01,2242488.73,3,4,3,12
IND22076,6365,14-08-2021,BE35,168014.18,26765.55,1,2743.23,533283.18,504571.64,323922.53,173423.14,17508.76,145955.64,3,2,4,13
IND88518,278,4/10/2008,BE46,102181.31,17165.72,1,1441.01,1170740.32,1015970.51,279562.35,466664.58,61358.26,1213389.72,1,2,4,14
IND67149,19882,25-10-2009,BE02,61144.48,3109.59,1,1073,434022.49,153656.19,57621.07,47612.08,4777.66,818417.95,0,1,1,15
IND94783,30230,31-08-2013,BE19,86398.74,38655.63,3,4677.67,913188.96,226275.8,136817.92,152815.1,49864.72,1007081.59,2,3,2,1
IND28381,5842,7/9/2006,BE43,69755.63,19885.25,1,3214.56,639722,602428,255825.59,98781.69,24928.04,580494.54,3,1,3,2
IND19580,23798,18-01-2019,BE27,405403.08,6798.3,1,7229.62,410859.6,327707.83,105113.83,114264.92,24398.18,265531.91,1,4,4,3
IND96087,24426,30-08-2019,BE16,135796.5,16855,1,3018.55,517134.19,43408.44,46381.62,15960.03,22091.26,559782.25,0,2,1,4
IND38737,18981,27-06-2005,BE15,231029.02,28929.82,3,612.9,511206.39,319805.85,105881.67,79346.42,9542.83,1832460.82,1,2,1,5
IND38628,43285,22-04-2001,BE10,110136.69,5533.44,3,1100.3,289776.12,398822.42,253098.85,93876.66,211.75,504794.35,1,1,1,6
IND47104,41334,6/2/1995,BE14,134150.43,4758.87,1,6849.47,464695.12,1433363.94,432713.64,375018.49,43048.49,1721832.45,2,2,2,7
IND35485,26760,7/12/1999,BE22,33391.89,5415.34,1,136.51,194137.58,94195.9,49763.87,88295.33,18520.34,216502.03,0,2,2,8
IND89040,31471,29-03-2018,BE24,356326.52,40778.75,2,12841.82,1933191.32,1245486.49,380785.68,478520.67,31136.55,2984485.53,3,5,3,9
IND41722,1548,13-11-1999,BE23,133139.87,35311.72,1,7672.03,930495.57,2500209.69,729227.83,755271.68,30735.13,2508430.35,2,2,3,10
IND34939,16709,19-02-2005,BE43,131466.97,27583.36,1,1374.33,568476.47,963625.91,404484.95,541771.9,66530.37,689529.17,3,5,3,11
IND15036,40547,3/3/2014,BE17,158341.71,29558.01,2,4771.03,209619.6,603125.13,360199.73,248286.51,40075.01,779158.77,2,2,3,12
IND80720,7741,1/5/2013,BE17,180874.06,66917.12,1,4832.7,1371965.36,1340823.22,541746.75,885755.94,67131.42,171912.59,3,5,3,13
IND35191,30692,5/5/2017,BE33,82419.81,19836.32,1,387.73,648406.53,780884.11,229307.24,269405.02,28843.87,510418.69,1,1,3,14
IND83420,22889,7/12/2005,BE19,465670.73,38016.24,2,3319.87,1139666.4,740926.49,292711.7,690433.72,69643.41,1034359.96,2,4,3,15
IND67155,12232,30-07-1995,BE22,128955.65,15151.85,1,3600.87,746744.67,822927.45,267320.38,249132.11,48009.82,652707.64,0,1,4,16
IND53173,2737,14-03-2015,BE31,98343.5,33137.08,1,304.16,355391.12,88035.77,33956.65,78037.42,39942.11,961595.68,2,2,4,17
IND15625,22802,25-04-2016,BE24,196620.55,64560.14,3,7586.08,376984.12,2262231.9,1112573.07,385692,67077.48,503031.21,2,5,1,18
IND33337,39368,19-02-2002,BE40,291034.51,50628.73,1,2546.17,119243.75,250481.41,113855.19,232264.58,30391.54,455877.4,1,3,2,19
IND40896,38575,10/2/2007,BE13,142762.81,7367.81,2,535.2,603533.2,1195910.28,260334.21,409375.55,44364.29,452542.2,1,1,3,20
IND71163,10796,6/5/2014,BE09,87475.5,38934.5,1,1094.8,254842.28,227890.45,166848.37,240098.87,19336.24,695647.12,0,2,4,21
IND78424,8419,23-06-2006,BE41,155729.63,29286.71,1,6036.08,816917.54,853648.42,314938.25,549815.89,21103.34,1157637.72,1,2,1,22
IND41219,20608,17-09-2019,BE36,79782.49,6279.04,1,315.96,398697.93,361620.07,166628.85,139046.46,29962.21,500530.81,1,1,1,1
IND62450,31209,28-05-2016,BE17,234707.17,25305.24,2,2232.51,260404.69,68640.03,57569.06,49420.82,3154.94,441021.29,0,2,1,2
IND67674,17828,24-11-2013,BE47,72706.79,36381.42,1,295.81,269847.29,94217.52,69092.84,85298.26,16365.56,679158.43,1,2,2,3
IND14696,43366,20-04-2014,BE06,177519.51,4661.36,1,2303.53,472207.03,294577.43,140742.55,95148.51,26784.25,273850.24,0,2,2,4
IND39582,18696,3/4/2012,BE20,154263.77,22358.31,1,681.9,75552.48,208376.06,265205.89,82971.56,16769.4,345400.34,2,1,3,8
IND55512,42590,18-07-2005,BE48,99666.75,10370,1,7211.88,174924.36,1102563.17,431130.47,239807.49,72036.9,1111998.42,2,2,3,9
IND58447,20967,3/1/2001,BE18,266276.84,17614.26,2,4604.18,825051.87,2217834.37,443566.87,838895.85,96596.06,786745.71,3,3,3,10
IND66908,19688,27-11-2004,BE02,265427.26,26190.96,3,2007.93,840128.49,1030232.56,355566.99,539458.94,39235.65,179763.24,1,2,3,11
IND93572,13251,19-02-2000,BE07,84421.46,35468.16,2,28.18,159327.91,173284.95,294584.41,62382.58,14989.1,403295.97,3,2,3,12
IND70604,38986,20-08-2005,BE03,49503.77,20847.33,1,4653.68,135150.12,413227.38,287158.01,63034.69,21961.52,718739.94,2,2,3,13
IND28563,15693,16-01-2007,BE22,291792.24,36552.78,1,1261.5,78291.26,1937545.94,572456.76,564090.08,49095.6,431914.82,2,2,3,14
IND44786,7863,20-01-2002,BE45,46821.12,27346.2,1,2450.74,947424.85,117015.78,95625.8,23554.14,44240.47,1209634.07,3,2,4,15
IND79851,12398,12/2/2021,BE05,285375.49,56313.84,2,1778.32,713652.99,341798.75,213624.22,98877.5,2981.23,789757.48,1,3,4,1
IND24079,31265,2/8/2001,BE42,72070.73,17690.88,2,1015.76,152068.24,208859.64,119787.15,112415.63,2146.62,92649.29,3,1,1,2
IND15798,37174,28-08-2010,BE10,98374.08,21012.3,1,3358.87,544636.43,994585.04,617605.23,95929.33,25196.84,154219.66,0,1,2,3
IND37241,2684,26-04-1996,BE01,91243.06,2150.05,1,1529.42,125707.28,0,0,0,954.04,133887.11,0,1,3,4
IND86966,34467,4/11/2005,BE28,471052.35,9266.4,1,2021.98,1451497.43,2021380.94,861284.05,1021939.9,18387.03,2487458.56,1,4,4,5
IND71164,43040,10/9/2007,BE22,35337.22,6165.45,1,900.46,705853.18,119341.2,29835.3,53040.53,20912.39,394311.63,2,1,1,6
IND40932,38960,2/9/2011,BE09,152280.52,13713.06,2,1336.26,773813.19,860495.02,410866.99,269621.77,25511.73,674133.84,2,1,1,7
IND96715,26940,11/10/1996,BE14,512987.8,61515.78,1,6672.66,2284895.89,436494.57,180714.31,119688.48,107769.98,346486.11,0,5,1,8
IND50507,13803,13-10-2000,BE05,91339.99,2125.34,1,127.25,216548.95,47898.4,15790.68,30212.84,16043.39,341117.18,1,1,2,9
IND38878,2928,25-05-2013,BE43,159579.97,25288.65,1,3928.43,212778.25,336606.83,104659.27,128306.6,20083.93,1286219.06,3,2,2,10
IND59922,42750,17-06-2002,BE28,181593.39,24063.41,3,70.71,203307.15,307847.83,232069.9,219803.35,7288.55,366702.11,3,2,3,11
IND32848,29090,10/7/2007,BE38,30326.33,2020.58,3,3886.38,409137.22,211383.96,54863.01,71354.19,36419.45,711890.05,1,1,3,12
IND22297,21001,23-09-2020,BE46,76587.3,16762.62,1,5079.92,822400.93,992388.86,207709.3,325718.95,15336.73,696597.14,3,1,3,13
IND17713,37970,22-11-2017,BE30,75928.83,7975.76,1,301.78,620326,1008769,345468.84,186553.17,10227.56,705476.73,1,1,3,14
IND25396,38775,1/11/2000,BE49,61750.34,44720.64,2,908.21,761581.3,1156977.96,636337.88,115945.72,83459.38,2240804.16,3,2,3,15
IND15088,8628,25-12-2010,BE40,286607.89,21810.06,2,6838.6,1737252.3,1822218.15,1111108.63,192592.16,38869.65,2515317.76,3,3,3,16
IND24185,16919,27-05-1999,BE03,191841,22092.5,1,802.4,703536.8,0,0,0,2736.8,785672.4,2,2,3,17
IND13182,40613,11/11/2016,BE28,97698.89,24092.92,1,688.57,371535.5,338535.57,270828.46,33853.56,24226.86,876909.62,0,1,4,18
IND57459,27130,9/10/2007,BE13,342396.72,54688.5,3,3446.55,901247.99,350878.56,91533.54,190084.65,70924.41,2475385.7,2,4,4,19
IND60265,22184,17-10-2012,BE02,80765.88,13141.2,1,903.76,78101.29,48562.8,32654.3,46477.95,15065.44,290271.67,3,1,1,20
IND98600,7860,12/12/2014,BE01,176480.36,34644.45,1,1190.71,585187.38,260575.31,314344.82,123090.81,28459.02,882756.39,3,2,2,21
IND56505,27186,8/2/1996,BE10,34363.72,21179.73,1,3295.13,608489.7,1264219.14,342562.61,416295.13,48618.12,1524000.72,1,1,3,22
IND24188,26593,10/4/1999,BE43,212002.5,13938.5,1,3269.37,705539.64,315219.34,311178.07,55769.58,24006.45,418455.96,0,2,4,1
IND66753,26982,21-06-2011,BE38,181525.44,34293.6,1,4470.86,1133013.67,156772.43,54390.44,50689.75,15540.84,1558621.01,1,2,1,2
IND31161,38116,18-11-1996,BE03,61488.5,31544.64,1,273.33,253955.93,292495.85,76972.59,118537.79,54716.37,1119246.37,3,2,1,3
IND74796,30156,2/12/2013,BE42,77567.8,12646.48,2,482.03,260742.79,254105.56,179991.44,179850.27,661.45,84938.31,0,1,1,4
IND18529,7529,12/2/2007,BE34,81291.16,10274.1,3,9274.12,1241203.44,1680247.96,379782.07,424089.98,36109.25,2430078.49,1,2,2,8
IND45403,38739,25-03-2002,BE32,129574.89,6106.65,1,67.85,150913.81,514861.52,507808.62,154035.28,14027.21,637115.46,0,2,2,9
IND57142,19882,30-11-2015,BE24,341325.33,14667.12,2,2981.66,477384.97,764580.54,646252.6,232286.85,30319.23,1368961.17,2,2,3,10
IND45470,1221,28-01-2017,BE45,146610.24,18992.4,3,683.43,435339.3,96693.04,93176.93,64450.3,2869.35,638184.03,2,2,3,11
IND69975,9129,19-01-2015,BE09,62305.63,1775.5,2,805.37,238816.22,143851.73,40685.34,103573.24,22491.81,125146.64,3,1,3,12
IND22525,40177,8/1/2015,BE22,189742.77,23607.71,1,530.12,193600.01,296574.4,124147.42,128009.79,25188.34,835097.65,2,2,3,13
IND15624,7700,25-03-2011,BE27,491409.52,34176.57,2,4891.11,1468097.33,521357.75,181149.73,135553.02,103795.38,512143.41,2,5,3,14
IND85067,28840,19-11-2018,BE19,297603.88,47232.57,2,4773.3,957889.71,655045.49,208750.76,577519.78,10808.04,1249345.19,0,2,3,15
IND53006,7263,14-07-2020,BE45,252612.86,27437.76,1,8765.06,311486.21,816460.51,176099.32,303904.74,55843.23,1119019.78,1,3,3,1
IND52186,30494,16-05-1995,BE44,121293.88,20721.92,1,2167.26,1183417.53,0,0,0,5374.14,182024.19,3,2,4,2
IND99691,6688,22-04-2011,BE45,283076.28,44260.65,3,2479.94,434375.62,55301.51,39778.28,71552.4,3708.07,63294.97,1,2,4,3
IND35211,2789,15-10-2010,BE14,110572.21,18163.2,1,1933.21,476101.86,37664.31,10823.08,22403.77,42739.41,1278489.08,2,2,1,4
IND54677,10036,5/8/2020,BE05,62559.67,26774.23,1,778.54,245560.97,206792.3,152846.48,61857.87,33283.37,479575.47,3,1,2,5
IND75463,42306,17-09-2021,BE11,200436.8,62653.45,1,848.07,479104.12,1883360.08,1283351.56,398672.33,86455.4,212606.68,1,5,3,6
IND54309,8452,17-03-2006,BE43,144736.43,29361.41,1,1535.32,492107.21,702159.58,711278.53,172530.64,21278.81,884355.78,1,2,4,7
IND32424,26860,19-06-2017,BE31,117501.67,34283.52,1,5583.4,351717.87,1724459,856594.02,181237.26,7702.39,1076992.7,0,2,1,8
IND64425,34062,29-03-2011,BE14,70908.01,5827.36,1,1760.37,441249.45,344791.35,222677.75,129655.91,15339.61,289990.04,2,1,1,9
IND63920,39316,29-03-2000,BE01,64212.22,27972.56,1,2864.03,665377.22,307164.55,144101.89,221006.79,25557.18,993089.16,2,2,1,10
IND57702,37845,22-01-2018,BE07,149346.65,29221.08,2,2580.41,590881.85,3359892.5,1702050.81,452480.26,20512.58,646156.8,0,4,2,11
IND50366,18359,4/10/2020,BE13,109855.48,19648.2,1,2247.4,458086.39,291375.61,191215.25,29866,11316.36,1028243.67,3,1,2,12
IND35560,4855,29-12-2021,BE19,103961.09,20240.92,2,2256.38,490614.39,862135.02,197220.43,256386.56,13699.38,105736.4,3,1,3,13
IND97501,41689,3/12/2021,BE35,433365.49,11774.58,2,6543.32,980636.28,1390316.98,1012366.73,415070.36,2148.85,726069.51,3,4,3,14
IND50411,37089,6/5/2014,BE17,150898.04,18778.08,2,42.64,284352.57,606505.38,321091.09,321804.62,9160.93,399466.37,2,2,3,15
IND76102,12379,3/10/2007,BE47,139596.55,26119.98,1,12102.46,222968.93,540406.22,317194.95,78123.94,48294.34,339270.64,3,5,3,16
IND56074,15013,16-12-2009,BE11,141515.02,4827.24,1,1563.07,333744.67,103201.62,92338.29,77183.95,9673.24,441118.87,1,2,3,17
IND27011,2034,1/9/1999,BE39,66543.57,4081.02,1,1225.84,333472.48,126886.33,175526.09,22289.7,16574.18,522315.28,1,1,3,18
IND48221,20957,16-05-2019,BE08,422382.63,26844.09,2,1356.79,1596542.92,1340974.79,591295.97,376317.65,51077.32,1931783.75,2,4,3,19
IND45884,43207,23-09-2005,BE04,488895.36,5781.28,2,4794.87,369137.25,878322.56,902061.01,222191.87,37463.06,179953.14,2,4,4,20
IND16593,29439,9/1/2011,BE35,92607.75,19835,1,999.9,102478.95,229116.2,140015.45,60715.79,3956.85,312132.6,2,2,4,21
IND32999,39197,3/5/2018,BE09,328107.32,35319.24,2,8433.07,86324.17,1688758.59,688012.76,377156.08,95976.5,1912940.47,1,3,1,22
IND39671,25951,2/12/2013,BE47,59980.67,24186.96,2,19.18,478753.3,503727.82,517342.09,119260.97,25489.68,1321626.92,0,2,2,1
IND65149,36580,22-11-2013,BE19,96059.68,14301.41,3,817.66,1309510.87,657336.87,302223.85,430668.98,72159.34,131595.38,1,4,3,2
IND87267,35100,4/12/2017,BE21,138340.67,14770.47,2,275.81,533544.02,160695.23,96417.14,119075.16,17394.31,53883.65,1,1,4,3
IND69610,32346,8/8/2019,BE13,145503.59,27033.75,1,975.67,466532.68,499893.16,359146.54,124924.76,26095.51,375420.63,2,2,1,4
IND80344,26946,13-09-2005,BE18,138844.41,22795.47,1,6568.94,629977.95,286280.41,74761.13,116189.73,22248.25,1056141.72,0,2,1,8
IND38207,16366,30-12-2003,BE29,87964.25,28324.17,1,3876.82,235674.21,95426.12,23274.66,39101.44,35246.33,764131.21,1,2,1,9
IND79637,28156,18-02-2020,BE05,187601.47,4761.21,1,5015.04,0,1268649.17,678995.33,231573.14,57662.47,495342.28,3,2,2,10
IND29921,6558,9/4/2012,BE48,37871.02,34761.58,1,3608.56,93376.13,659353.32,517139.86,84035.23,18233.2,802254.97,1,2,2,11
IND59198,38167,27-04-2021,BE14,307054.44,35028.9,1,1717.51,531702.4,1112826.27,996367.71,267854.7,24031.93,1480748.69,3,4,3,12
IND19422,18505,29-09-2017,BE47,334843.23,68760.51,1,9810.38,2374318.47,3245233.13,1800437.56,232278.67,50535.96,2581344.91,1,4,3,13
IND54707,11924,22-11-2019,BE38,102583.5,22735.5,1,4758.13,939876.6,93238.9,51078.7,25798.8,8800.95,963100.85,3,2,3,14
IND20608,8804,22-02-2006,BE35,99151.32,27849.22,3,3352.33,357978.08,600265.17,509527.41,107419.55,47746.81,144831.9,2,2,3,15
IND98943,8144,6/10/2015,BE22,170208.96,29922,1,2939.72,313549.47,659087.25,380014.27,267197.54,59873.4,1522225.58,0,2,3,1
IND61538,15787,28-05-1996,BE27,156360.76,36720.54,1,2619.3,491419.66,256500.32,291029.21,186061.39,14386.23,120138.03,2,2,3,2
IND78351,5687,13-06-2017,BE12,254049.93,6954.57,1,8670.15,142987.99,1568622.87,907026.83,171268.01,216.71,711447.62,2,2,3,3
IND46289,38156,6/1/2009,BE43,261771.18,20614.6,1,2516.3,785259.37,826021.01,275340.34,441629.21,45726.85,1175634.42,1,2,4,4
IND16285,29116,5/1/2012,BE35,162652.13,37196.72,3,5965.1,158088.09,1305930.6,746246.06,222474.61,83580.72,1210723.14,0,4,4,5
IND85859,26957,22-11-1999,BE39,230764.8,21653.4,1,1907.49,676955.94,381602.53,398689.21,193079.49,16057.49,594087.66,2,2,1,6
IND86031,20979,10/10/2009,BE23,316487.54,51908.88,1,2178.25,1133288.14,333646.22,190654.98,323160.2,16174.75,1183141.72,3,5,2,7
IND65548,30197,11/3/2003,BE49,36006.03,36840.36,1,2452.18,862294.27,489630.62,151954.33,259335.39,33108.3,726780.01,0,2,3,8
IND28392,36825,14-07-2013,BE33,348927.59,32421.72,3,2000.06,684129.09,328315.76,213117.25,228611.45,12037.08,773614.28,0,5,4,9
IND36665,19807,11/5/1995,BE35,38281.04,26898.4,1,1912.32,1038515.84,1506675.71,320168.59,435052.61,49608.96,880957.44,1,1,1,10
IND31739,5337,11/10/2002,BE46,80225.54,12850.1,2,4444.44,947589.94,216390.4,112410.6,18547.75,9999.42,1392172.4,3,1,1,11
IND68824,25758,28-10-2010,BE42,484691,11373.06,2,7984.1,1236981.31,1407701.3,722873.64,223710.37,97886.22,3487314.08,1,5,1,12
IND81954,41598,27-03-2010,BE44,139535.92,58891.42,1,7107.55,649611.07,1021773.49,454121.55,280987.71,27691.75,1962514.45,1,3,2,13
IND57483,41967,19-12-2007,BE34,204212.28,39148.16,2,3970.98,139875.97,2532175.03,1127226.31,450727.16,48104.06,1763512.13,2,2,2,14
IND58811,13750,6/5/2018,BE18,349188,49402.5,1,5869.14,692863.5,727295.44,529660.81,234789.94,64263.84,294391.26,0,3,3,15
IND90712,3538,7/2/2002,BE43,84800.04,46266.9,1,6607.74,1067368.02,3123544.47,720817.95,1712270.28,124704.87,823236.06,2,5,3,16
IND78657,23307,5/4/2011,BE14,114430.69,15505.6,2,2375.51,336785.06,26828.58,7290.37,23402.1,251.71,340478.9,1,1,3,17
IND77048,15572,19-02-2005,BE35,170920.42,5516.55,3,2695.5,333446.4,752092.2,255711.35,526163.7,13552.65,274001.4,1,2,3,18
IND80417,615,4/8/2005,BE39,321119.76,48322.6,2,7706.54,860889.43,391029.95,92972.16,194913.39,87025.88,1614452.24,2,3,3,19
IND69214,27154,2/8/2001,BE03,138366.66,25964.12,1,1997.79,1181014,2735303.73,1416150.16,518543.75,25406.66,3021187.26,1,4,3,20
IND35051,10662,24-04-1999,BE27,139498.46,21813.72,2,6892.77,187627.59,911326.28,268037.14,343470.45,52516.27,2017006.26,2,2,3,21
IND29305,19847,26-04-2006,BE11,292103.82,10039.35,3,4907.84,447035.1,1380431.11,900912.94,353390.36,28762.34,450153.85,1,5,4,22
IND81554,12874,19-07-2003,BE24,181982.24,4557.84,1,2754.02,231460.32,113852.16,73566.01,110734.36,27682.93,741194.64,3,2,4,1
IND76672,12708,18-01-2010,BE44,41258.88,31081.95,2,970.1,540708.32,1292689.04,354447,722446.38,3308.72,444933.24,2,2,3,2
IND89391,41222,5/2/2001,BE16,138442.89,4883.13,1,661.96,258408.86,442275.47,228048.29,537088.28,24945.98,990724.74,0,2,1,3
IND95274,20721,30-03-2008,BE29,116508.94,14003.02,3,68.27,294887.78,21065.12,31597.68,12744.4,8857.43,140095.14,2,1,2,4
IND93078,3655,21-01-2010,BE27,111496.5,7301,1,1799.03,274664.43,329165.38,214155.79,217090.51,34670.35,160689.25,3,2,3,8
IND47843,27628,1/3/2015,BE29,73812.6,9656.94,3,43.02,328683.77,615087.98,229989.42,243895.76,17864.8,353781.12,3,2,4,9
IND93058,2149,29-08-2000,BE32,51971.25,24291,2,774.4,61186.4,623735.06,481977.09,269907.17,7678.88,314790.08,0,2,1,10
IND92239,1616,8/1/1999,BE15,90061.21,22896.08,1,1568.54,127661.63,433119.98,152458.23,230904.93,10078.95,354743.59,1,1,1,11
IND12702,3720,3/3/2020,BE03,112254.77,9488.16,1,592.42,1414317.17,348082.73,224671.58,45883.63,7191.36,1239307.34,3,2,1,12
IND54557,36551,31-12-2008,BE15,200034.65,36168,1,4542.5,656478.11,396416.25,269171.53,189398.87,11930.13,374449.34,3,2,2,13
IND98387,2240,24-02-1996,BE28,468818.09,32124.55,1,3952.77,204628.21,80368.81,39633.93,87370.81,22240.53,622936.26,3,4,2,14
IND21698,18335,27-05-2006,BE44,102656.95,10408.53,2,1680.06,36116.99,149993.14,120912.84,18320.59,24312.89,440832.68,0,1,3,15
IND60028,163,4/5/2021,BE48,58419.24,32798.48,2,5453.73,211534.52,288545.16,114829.2,163440.22,43380.55,1504926.83,3,2,3,1
IND77518,5005,19-05-2012,BE26,140855.22,12999.46,1,1083.38,669122.46,476404.09,381123.27,157107.48,34604.82,476822.17,2,1,3,2
IND81280,17518,20-10-2008,BE25,303715.37,37170.7,1,7323.54,830988.06,3243585.67,1203594.68,911671.97,8707,1639408.93,2,2,3,3
IND27009,4576,12/3/2016,BE47,67402.74,2197.44,3,1495.84,127332.4,429040.5,256438,146761.44,27940.26,599202.96,3,1,3,4
IND29085,42806,4/7/1995,BE18,50226.88,18022.25,1,2153.36,371797.72,33293.55,26560.02,6943.01,13309.28,239669.66,3,1,3,5
IND62329,13931,21-09-1996,BE07,33952.28,7396.32,2,3527.35,284148.91,447927.9,212624,65913.44,40683.7,678764.21,2,1,3,6
IND35485,24720,3/10/2016,BE08,284819.62,39901.68,1,3858.7,476516.68,885748.27,757688.28,213540.03,10419.75,450288.01,1,2,4,7
IND23071,21987,19-11-2006,BE02,236893.51,30897.72,1,827.3,842966.36,491151.7,528454.36,55021.42,2354.33,1135129.37,0,2,4,8
IND49461,14470,13-12-2013,BE46,223656.45,30746.24,3,1089.96,486874.06,42186.43,45516.93,8193.05,13025.49,971928.25,2,2,3,9
IND84835,38087,16-01-2004,BE31,233880.87,5531.35,1,10937.15,729742.35,1146381.81,335526.38,668070.31,87161.11,439707.05,0,4,1,10
IND88751,15538,3/1/2005,BE11,325866.66,6405.63,2,6912.26,136488.84,600544.06,233544.91,374116.71,35695.6,948872.23,0,3,2,11
IND47511,624,9/5/2018,BE14,94314.48,15868.8,1,8565.48,1459532.03,3760505.45,1867963.49,471906.57,77808.76,951559.94,3,5,3,12
IND57469,19273,14-01-2003,BE10,274475.79,56993.09,1,1837.22,720813.94,1218779.87,511887.55,629134.17,4208.05,566092.45,0,3,4,13
IND13603,38893,18-06-2000,BE11,381103.3,22245.55,1,4636.72,573978.5,592604.24,311896.97,103965.66,2487.8,2167704.06,0,4,1,14
IND28663,21687,17-11-2020,BE41,185228.22,19918.6,2,1959.95,163347.16,469912.37,138209.52,265362.28,36333.33,946593.28,3,2,1,15
IND21547,10691,6/11/2008,BE36,210650.82,28919.28,1,4093.55,707178.12,30355.17,17597.2,15045.61,4661.89,699099.2,1,3,1,16
IND76281,1111,30-01-2020,BE28,72484.3,14037.84,3,1117.01,353225.87,160468.52,187666.57,88529.66,11943.68,81281.23,2,1,2,17
IND68811,24736,27-11-2009,BE23,264913.69,52901.25,1,4641,208822.95,1447898.55,630870.08,395276.3,31956.75,1421316.75,2,3,2,18
IND74692,20712,26-04-2020,BE40,345819.23,24722.72,1,2177.56,286200.71,1312115.54,493667.23,837675.35,53240.01,1279233.84,2,4,3,19
IND57450,24683,20-05-2019,BE01,168308.61,12991.26,2,2541.18,126578.89,105527.85,28492.52,68561.44,25353.58,785860.94,1,1,3,20
IND80645,23525,30-01-2016,BE15,95699.35,29523.37,3,3145.64,113185.12,68399.89,31090.86,50833.55,15264.66,938632.93,0,2,3,21
IND91185,35391,4/8/2008,BE13,390347.05,32717.64,2,655.56,798844.1,272225.32,292023.52,239459.29,26341.15,759225.36,3,5,3,22
IND97947,26115,19-05-2006,BE44,142392.94,45693.12,1,6610.96,1055434.98,1200953.26,206533.36,692422.22,8896.81,2623231.49,1,2,3,1
IND88225,37327,3/1/2017,BE33,379053.54,45646.51,1,3644.96,1787687.81,97304.56,59228.87,29191.37,19720.25,731342.34,3,4,3,2
IND58373,39984,6/4/2019,BE48,47929.95,17458.89,3,430.03,431728.82,27367.89,27025.79,6393.82,5921,385784.09,0,1,3,3
IND57160,7159,17-09-2017,BE28,264217.61,31962.48,3,6889.08,531769.66,914049.58,582482.57,276007.13,76682.87,227082.93,3,4,4,4
IND87140,14848,9/11/2011,BE37,183031.56,35955,1,7551.25,534932.29,1058173.9,997359.31,249583.09,53740.42,1468926.01,0,4,4,8
IND43888,22898,27-03-2018,BE47,58847.05,1731.01,1,3625.72,327630,640243.86,322360.54,96529.07,15337.68,475510.78,0,1,1,9
IND93701,21954,19-10-1996,BE08,305474.84,55916.76,2,2999.95,1345293,269723.7,170684.53,48044.53,57586.11,1431928,3,2,2,10
IND91174,39193,15-08-2011,BE31,307944.31,14357.46,2,4015.03,1321538.58,806858.37,256232.05,340952.18,104038.92,293342.93,2,3,3,11
IND24235,39125,27-05-2011,BE28,210111.51,37398,1,2337.17,0,81827.2,65013.39,28247.2,447.96,1162832.42,3,5,4,12
IND49606,33471,17-08-2000,BE03,72711.11,13876.45,1,1623.58,282070.49,221793.11,89432.71,220004.46,14378.82,581719.41,3,1,1,13
IND35234,11082,14-01-2004,BE09,153294.08,47332.48,1,3531.65,1032232.17,396539.89,178831.71,144853.69,7394.92,638836.61,1,2,1,14
IND62564,20106,30-10-1996,BE40,365561.24,37850.85,1,2684.87,349750.23,54859.24,25252.67,57497.71,35152.9,1162829.24,1,5,1,15
IND44323,2118,7/7/2014,BE12,278325.13,31407.42,3,309.1,499815.56,334392.32,364337.9,103761.44,4084.6,486852.47,0,2,2,1
IND33515,4440,27-07-2012,BE44,64687.9,26213.12,2,4105.25,790835.81,444066.54,228377.08,132289.54,10837.34,1010949.41,2,2,2,2
IND60299,8737,15-03-2019,BE29,49767.51,18779.1,1,1961.3,168992.5,219769.86,88217.48,60560.52,4503.67,279498.6,3,1,3,3
IND78861,2715,11/11/2015,BE03,96837,22583.88,1,1942.2,638341.65,636611.63,417617.23,98089.12,31928.85,557118.9,3,1,3,4
IND92647,8305,31-08-2004,BE10,112505.67,11242.8,2,711.99,223278.61,1109608.79,287676.35,635764.74,29880.74,86444.33,3,1,3,5
IND56044,4567,8/7/2016,BE01,432010.28,23347.32,1,2651.85,863853.28,251496.87,246924.2,182998.27,43754.04,589717.28,3,4,3,6
IND36801,6503,17-04-2010,BE01,113684.56,5710.4,1,1165.52,412964.8,111178.81,53365.83,67359.54,20072.4,159087.32,3,1,3,7
IND38949,25819,6/12/2019,BE06,69433.57,29961.25,1,5019.15,1145286.56,985148.61,271765.13,415800.66,36300.29,296777.18,1,2,3,8
IND40740,30741,10/8/2016,BE03,129996.19,7533.34,1,1028.05,447947.22,1013124.65,312220.8,240473.74,55125.97,983046.29,3,1,3,9
IND48919,19815,9/6/2012,BE21,100901.3,21168,2,3312.76,50876.78,505043.45,271089.5,81215.44,5030.64,871845.41,2,2,4,10
IND43851,27518,19-02-2016,BE11,167943.88,14054.01,1,2149.58,665637.27,153113.14,137579.92,64928.85,33865.28,287653.77,2,2,4,11
IND82642,33556,8/6/2002,BE22,131150.24,13680.75,1,3437.66,298772.43,647719.46,155009.78,438456.25,33521.18,584749.2,0,1,1,12
IND86812,22873,31-10-2001,BE01,366034.24,17474.68,1,3038.1,559075.84,1532568,411176.78,951687.35,85826.79,1019083.44,2,3,2,13
IND13296,8236,20-01-2004,BE46,128380.31,39652.86,1,9587.91,2015150.96,570860.32,123126.74,124992.29,117978.06,2411017.44,2,4,3,14
IND39713,5174,5/12/2014,BE37,402930.83,9845.77,1,2162.17,395885.87,1070724.13,313136.3,508795.98,36525.71,2100375.89,0,3,4,15
IND12660,22456,26-12-2009,BE43,480745.86,69602.45,2,3950.53,270004.92,1112801.54,381237.56,324567.12,49397.03,2296981.56,1,4,1,16
IND41076,41191,20-07-2001,BE11,113169.48,26216.72,1,2889.41,163914.44,545505.68,199432.18,286478.47,16409.78,417685.79,0,1,1,17
IND64863,9072,12/4/1999,BE23,282986.86,4808.73,1,2710.46,672434.41,1503762.65,404859.17,989013.13,34105.44,2005275.83,0,3,1,18
IND76341,19617,19-04-2020,BE37,79064.7,40560,3,1989.26,440512.8,478134.75,221991.13,125510.37,74812.92,1740979.24,3,2,2,19
IND50293,25853,1/8/1995,BE01,217152.92,40432.6,1,3213.6,442208.52,2150327.79,1075163.9,293878.13,60584.16,1148607.72,1,2,2,20
IND32223,31771,26-06-2020,BE26,205230.68,9475.87,1,2756.14,214775.49,129367.97,69069.34,27178.24,25903.44,1123659.93,2,2,3,21
IND63518,2484,24-06-2017,BE04,141076.93,23841.48,1,7681.52,286219.49,1419823.59,691708.93,205328.33,44834.45,288474.22,2,2,3,22
IND98503,24653,8/7/2005,BE33,89051.64,4331.32,2,502.5,234064.86,130298.13,163859.77,41616.43,15004.14,312536.73,1,1,3,1
IND38742,22405,10/12/2013,BE07,36306.25,5281.5,2,2902.89,509390.4,367935.51,96305.27,108454.55,7863.48,428419.33,0,1,3,2
IND98838,17986,6/3/2020,BE22,131060.16,27387.8,1,1647.92,1230159.76,1476110.5,651789.05,380338.08,6394.51,377511.97,2,2,3,3
IND52011,40336,29-03-2020,BE09,347873.76,8150.87,1,789.48,583355.94,474517.29,391992.54,103981.18,17619.71,1118741.15,3,4,3,4
IND27143,19193,24-03-1999,BE47,53882.64,4068.8,3,3158.74,378781.62,1654622.91,596920.92,279191.43,16909.16,760984.25,0,1,3,8
IND67603,28928,13-05-2020,BE11,231058.46,15558.48,2,1811.87,852715.89,564498.46,204180.3,384459.49,37945.02,1037021.16,2,2,4,9
IND65057,38833,15-02-2011,BE23,335256.24,59449.08,1,8125.45,1617781.81,1512888.59,564331.46,604555.08,51312.87,2094410.19,1,3,4,10
IND16812,40868,10/8/2019,BE43,151559.32,17095.08,2,3992.64,342906.43,529821.65,384472.35,44730.08,45363.62,989413.39,0,1,1,11
IND39500,12695,23-12-2019,BE31,44123.98,8392.63,1,651.4,450969.08,380147.71,161149.57,183999.76,26413.51,487106.77,3,1,2,12
IND69752,30600,17-01-2011,BE33,91594.72,27913.6,1,4577.2,1003171.83,809741.08,327010.82,447070.51,64132.12,1723533.66,2,2,3,13
IND50261,11378,1/6/2021,BE26,196645.5,37964.5,2,3375.24,1206252.96,648147.54,265151.26,185213.07,7167.6,1549559.88,2,2,4,14
IND20655,27906,13-03-2017,BE07,361257.67,51674.68,1,8534.37,704827.56,298804.88,113256.69,72797.54,57647.55,1009649.66,0,3,1,15
IND84018,1446,19-04-2000,BE27,21741.38,6296.72,1,2407.21,327242.89,136512.06,106176.05,22650.89,3584.37,482143.47,2,1,1,1
IND52284,8748,17-08-2013,BE46,285493.07,47536.45,1,741.33,395561.73,199546.75,171610.21,191085.97,14546.68,495808.95,2,2,1,2
IND38633,37727,11/11/2008,BE20,264059.28,33093.98,1,327.78,315540.1,1114277.64,283136.12,453748.47,22427.82,1278613.86,3,2,2,3
IND94590,33958,16-06-2011,BE13,126030.66,32997.5,1,233.03,832160.64,296880.2,134398.47,80097.48,55982.76,1788185.99,0,2,2,4
IND29286,42424,27-11-2002,BE37,15919.48,4138.29,1,1165.88,345276.76,274261.19,188155.93,83681.55,1983.92,303565.97,2,1,3,5
IND86944,22837,3/11/2001,BE14,204822.53,31427.04,1,3446.88,717965.28,154796.16,125384.89,33528.85,13876.32,1058494.08,0,2,3,6
IND82767,28929,19-04-2008,BE07,361269.3,7619.4,3,3861.98,272547.83,2720079.9,598417.58,1348615.61,90197.33,301316.93,0,4,3,7
IND64440,14155,29-05-2018,BE30,253010.88,47710.2,1,1862.35,484643.74,419094.98,120295.78,254367.37,37599.55,1506211.2,0,2,3,8
IND97211,34418,31-05-2000,BE05,290646.58,44449.14,2,5444.05,1028198.96,267004.59,81951.9,224363.16,8894.54,162684.77,1,2,3,9
IND60063,43096,13-09-2015,BE21,86331.99,9527.85,1,1690.21,196482.65,46348.64,30457.68,32536.74,2377.89,204841.49,1,1,3,10
IND91861,33641,22-01-2009,BE31,70220.07,44668.12,3,3029.08,662458.18,667288.87,172780.15,499155.9,42742.38,1113544.32,1,2,3,11
IND98755,31245,8/4/2005,BE10,92465.88,29491.8,1,26.57,66963.48,361818.94,371340.5,129873.96,23968.96,379833.8,1,1,4,12
IND93695,30425,28-03-2021,BE04,87221.55,2728.2,2,802.95,438262.83,394022.59,141253.38,276559.25,8450.85,142895.84,2,1,4,13
IND56540,10826,5/11/1995,BE15,191245.96,16513.92,1,5238.04,793387.37,1052777.8,614120.39,161425.93,8925.07,810082.34,0,2,1,14
IND79052,13821,11/8/1999,BE34,33307.93,19066.56,2,513.92,178106.9,49529.08,29717.45,64558.9,7586.83,52604.64,1,1,2,15
IND54277,17741,9/7/2001,BE09,161586.76,7485.06,1,5252.74,242336.75,173003.7,57667.9,84444.51,16147.24,468874.99,3,2,3,16
IND60443,40454,21-04-2002,BE27,119834.04,25225.64,1,3593.7,591959.93,743986.89,631261.61,109418.68,21892.38,449730.43,1,2,4,17
IND66045,39663,16-01-2006,BE06,89484.82,52357.66,1,2669.5,1386918.08,1020703.06,658210.38,283889,59460.56,2188771.16,3,4,1,18
IND80791,21598,3/1/2009,BE11,165293.45,6190.38,2,2340.37,564777.49,421648.8,318939.47,241583.14,8953.64,496335.29,0,1,1,19
IND67613,25973,4/11/1996,BE49,80619.06,16862.25,1,1269.9,228549.94,390933.73,113080.01,203705.55,20682.53,348280.65,0,1,1,20
IND74089,18650,6/4/2007,BE13,74979.15,53063.4,1,377.66,737955.13,477508.08,349802.43,211602.71,22143.11,1252487.57,2,3,2,21
IND60913,20508,16-11-2021,BE28,146047.74,18441.8,3,5151.74,911441.23,175550.17,65831.31,74023.65,37367.62,198312.82,2,2,2,22
IND98087,40024,22-11-2021,BE40,105795.48,4258.65,1,2754.12,482446.35,182978.34,47677.45,100663.86,18410.75,1015116.24,1,1,3,1
IND31887,11917,21-11-2009,BE19,173201.42,11750.2,3,832.69,77485.32,910625.5,282607.91,504298.12,20404.48,636534.96,2,3,3,2
IND67190,34738,18-11-2020,BE23,64025.91,11174.24,3,1681.68,248474.4,269465.47,293648.27,50265.67,11272.06,398887.63,0,2,3,3
IND95893,17953,30-07-2019,BE04,236680.12,26152.72,1,739.02,648040.93,60731.76,61695.76,42338.72,25412.03,1269826.03,2,4,3,4
IND59612,8143,5/8/1999,BE17,169087.17,46738.2,3,1438.04,1324814.92,922185.42,298549.24,328404.16,50216.03,749636.02,0,2,3,8
IND57231,20195,10/11/1999,BE04,311847.87,10870.86,1,4108.37,1132511.02,324404.48,251504.6,99435.44,64098.16,1324815.11,2,3,3,9
IND20899,22619,7/8/2005,BE35,47981.48,11337.46,1,2650.17,270267.21,1084086.7,703705.4,140931.27,15656.93,586768.09,2,2,3,10
IND79950,27002,21-05-2020,BE30,140614.48,18945.08,1,4566.36,629518.29,329466.05,287226.81,145978.8,23365.74,674003.53,0,3,4,11
IND69031,30391,13-02-2015,BE18,225930.71,25768.05,1,4142.61,552212.2,474054.31,368148.56,134802.89,17859.2,596107.5,1,2,4,12
IND78617,32959,8/8/2003,BE06,348711.69,10768.48,2,4303.04,1852223.05,1453804.31,628672.14,378382.04,92880.63,2806941.74,0,3,1,13
IND92044,16867,28-03-2014,BE41,291586.71,12144.92,2,5140.43,1121859.89,635576.56,399082.96,404551.87,3016.85,694409.34,1,5,2,14
IND94650,857,15-09-2021,BE48,116238.09,53102.4,1,1413.9,752085.34,90992.64,81155.6,50586.99,34716.74,781662.31,2,3,3,15
IND62018,33023,15-04-2006,BE24,131067.01,15853.86,3,968.7,127564.75,218455.09,136997.26,214604.36,14572.39,170368.78,0,1,4,1
IND97714,3091,18-03-2006,BE41,86055.55,34408.44,1,349.5,537839.54,279314.42,215374.98,150224.05,33769.68,173255.26,2,2,1,2
IND62445,9744,21-11-2002,BE13,97432.26,6109.81,1,480.91,213847.08,203074.46,112086.55,18395.38,28841,819449.32,3,1,1,3
IND34780,19654,19-06-2020,BE17,162007.5,11857.04,1,1583.6,350347.68,88823.51,132397.31,24284.01,6166.27,184135.53,2,2,1,4
IND97314,38563,9/1/2020,BE41,96994.77,12016.69,1,5789.98,1005650.35,670727.85,284949.74,188724.4,10233.14,1324654.98,2,1,2,5
IND96807,28369,14-10-2009,BE17,161205.73,29036,2,4269.23,780104.62,278287.04,172459.58,269977.63,31515.76,676672.96,1,2,2,6
IND34442,35908,22-12-2007,BE26,51237.92,15311.94,1,2470.24,464882.52,265391.68,118350.34,165798.07,28183.65,530779.27,1,1,3,7
IND57917,36341,15-04-2019,BE17,266528.75,24360.19,3,7274.74,1237588.24,0,0,0,70622.8,430784.69,1,4,3,8
IND57474,17398,2/7/2019,BE07,294510.42,50943.2,2,386.52,227473.12,572521.48,435438.87,330127.18,41136.99,288926.03,2,3,3,9
IND62022,16020,8/9/1999,BE06,42998.48,9205.2,1,755.89,194924.86,981961.69,453847.84,341623.65,42706.72,107099.05,1,1,3,10
IND98847,7743,13-10-2006,BE20,58825.36,33834.06,3,5528.43,351066.78,684283.25,542262.2,128077.17,55100.62,823596.5,0,2,3,11
IND93864,23729,3/3/2016,BE05,151760.17,54693.79,1,2938.66,304776.8,489210.03,495563.4,167729.15,23124.79,340573.58,3,3,3,12
IND71100,10434,8/6/2010,BE03,142413,21747,1,800.73,571830.65,183586.56,130287.23,165820.12,18910.31,86948.8,1,2,3,13
IND28425,8674,19-08-1999,BE46,185141.25,37344.75,2,7615.31,890869.69,470005.08,94001.02,177661.92,50530.31,1908982.5,1,3,4,14
IND24753,38601,14-03-2020,BE06,140464.07,19960.6,1,1579.63,384162.75,268653.24,236089.21,102576.69,22157.12,721889.86,0,1,4,15
IND75584,2279,29-12-2021,BE10,167973.75,3960.75,2,216.75,487484.01,322763.99,128156.29,360356.5,43862.04,572829.45,0,3,1,16
IND82408,2372,24-11-2014,BE24,148323.72,30757.47,1,1375.81,17385.35,65615.31,68138.98,63848.75,6409.94,367943.19,3,1,2,17
IND59517,723,14-12-1996,BE06,56445,38555,1,836.97,521608.95,163906.23,168657.14,61999.31,19965.15,735328.52,1,2,3,18
IND20659,39594,6/4/2008,BE49,205039.92,13897.96,1,51.77,325697.12,256902.3,243200.84,56621.27,36539.57,963984.36,3,2,4,19
IND17087,35352,13-03-2018,BE12,90748.37,51605.88,2,5863.85,956318.83,1324552.52,496707.19,411757.53,32807.22,758524.67,2,3,1,20
IND54827,22684,10/8/2020,BE28,439739.98,19769.88,2,10072.42,1639317.95,291883.22,138764.15,86416.57,105831.1,2184161.22,2,5,1,21
IND73702,25734,16-05-2011,BE02,183800.06,16059.8,1,7693.45,897683.93,997276.08,609023.56,156823.57,15991.3,1702092.75,0,2,1,22
IND30737,21155,16-03-2019,BE13,330725.4,32644.92,2,1609.84,198857.89,1374639.73,911889.72,291940.81,19618.26,1464692.96,1,3,2,1
IND25733,18467,15-12-2012,BE35,140928.74,23891.34,1,4521.99,818215.7,73199.45,53622.85,19210.6,38498.69,1156314.01,1,2,2,2
IND21564,40569,28-05-2008,BE36,155712.08,27671.77,1,3621.6,938493.75,557439.61,127657.93,169785.04,55223.94,849689.45,3,2,3,3
IND42415,37863,27-07-2006,BE09,111451.97,27992.25,1,3143.09,1151039.76,1146054.37,358141.99,268606.49,37472.45,1427909.18,1,1,3,4
IND14959,15105,5/5/1995,BE20,38204.32,31586.8,1,1636.2,186596.29,168330.37,138330.9,14733.07,31159.71,180635.27,0,1,3,8
IND74028,43193,15-07-1995,BE12,124157.09,19103.04,1,1497.96,149171,283228.4,251315.34,152025.84,3922.81,95380.72,2,2,3,9
IND70570,877,21-07-2018,BE33,69702.8,14574.56,1,381.89,182134.76,686320.34,393624.9,111022.41,26204.59,885319.28,2,1,3,10
IND35225,20953,19-12-1999,BE44,68808.96,19788.6,1,436.8,633474.24,289579.71,318537.68,65651.86,17851.26,644133,3,2,3,11
IND76179,7564,13-02-2005,BE39,198144.54,21909.76,1,680.93,661792.34,334496.43,264601.66,246379.09,12214.8,619387.45,2,2,3,12
IND55647,34610,12/2/2003,BE44,365061.54,66156.81,2,7934.19,1427743.07,1030675.81,675569.02,165774.24,10951.62,1021801.33,2,3,4,13
IND89010,969,17-03-2001,BE02,292505.42,30841.17,3,4211.93,1226789.57,300043.59,128018.6,315565.84,46355.21,1636680.63,2,4,4,14
IND24422,21746,22-04-2015,BE40,190359.19,43977.92,1,2400.71,419167.41,1641146.99,554753.91,360590.04,9895.47,326361.21,0,2,1,15
IND84352,12820,8/1/2020,BE15,87282,14192.4,1,1574.98,54129.56,37028.98,16336.31,22362.6,25871.08,277114.82,1,1,2,1
IND38237,6783,26-02-2019,BE02,218710.79,31230.16,3,435.52,82605.22,169348.07,116600.31,115934.02,20304.61,113440.55,2,2,3,2
IND54321,1365,20-09-2003,BE08,72773.48,15015.84,1,2434.49,668113.81,570888.34,141615.71,258802.72,11239.1,459593.77,3,1,4,3
IND61299,20443,3/10/2014,BE24,386244.55,8012.94,1,3159.73,373659.25,1962821.31,1169340.35,204912.98,82324.43,2425811.26,0,3,1,4
IND22254,27920,2/12/2008,BE38,96691.35,33530.28,1,1738.54,210320.07,117721.19,42326.72,52167.68,29458.06,955110.96,1,1,1,5
IND13347,25488,19-07-2021,BE08,280286.64,42697.75,1,4942.67,153326.81,611071.7,503235.52,197699.67,21493.68,1007843.8,0,4,1,6
IND84771,24291,2/2/2014,BE29,291861.24,56320.23,1,2730.31,479875.3,2129776.63,1425441.05,281734.23,81122.18,1724351.3,0,2,2,7
IND37011,28970,28-10-2001,BE21,156567.36,42980.4,1,5084.18,157441.81,1279046.54,264265.82,562886.19,12178.65,641863.13,3,2,2,8
IND90697,41486,30-12-1999,BE44,118836.19,21423.29,2,4759.52,1158652.64,774143.81,213019.44,358651.99,28162.15,1554596.09,2,2,3,9
IND18049,8309,26-04-2010,BE03,396733.64,25861.14,1,2649.36,376264.9,995012.7,398005.08,168867.87,73637.1,822363.67,0,3,3,10
IND74615,16121,19-04-2021,BE16,236387.58,46675.85,2,1924.16,687541.73,243023.26,246263.57,80100.47,10340.85,852689.18,1,2,3,11
IND77494,26597,19-06-2020,BE36,98927.54,18538.3,1,3663.88,778915.68,533403.62,89497.25,284601.26,52403.51,1371205.61,0,1,3,12
IND48525,9990,5/10/2010,BE20,150510.55,12903.66,1,2587.65,418952.72,950337.24,488553.65,146365.32,11534.76,380254.5,1,2,3,13
IND16052,12637,15-10-2018,BE06,32073.35,2678.24,1,2347.98,50736.27,147943.13,132010.8,50664.83,6434.84,245287.55,2,1,3,14
IND50738,24240,1/2/2019,BE25,206263.62,33478.56,2,1184.32,698207.72,119493.39,58734.04,119351.62,5048.38,751678.76,2,2,3,15
IND85690,36515,31-12-2004,BE11,488443.97,38137.68,1,5352.44,414468.11,82899.34,88519.63,58746.13,15426.2,834342.46,2,5,4,16
IND61194,18365,18-08-2019,BE14,99158.69,44809.92,1,2874.56,645353.76,617206.2,344673.59,420341.47,15186.68,1038669.51,3,2,4,17
IND63043,14079,5/4/2014,BE42,73938.15,3637.2,1,329.4,104627.48,70248.6,34655.98,54878.21,17682.75,424743.75,1,1,1,18
IND26448,37797,5/12/2001,BE44,307710.01,38676.36,1,2307.63,46240.24,281809.65,388702.97,60248.96,30773.06,474892.7,1,2,2,19
IND92735,39774,17-07-1999,BE15,92114.96,18873.2,1,3427.57,217895.79,294751.53,210899.8,51403.65,19585.44,322892.03,2,1,3,20
IND84491,17747,20-12-2006,BE04,237712.32,32484,1,3509.73,984353.58,78922.9,21797.75,59770.95,26771.85,1038710.61,0,2,4,21
IND56629,42666,8/7/2009,BE05,102321.97,8179.91,1,677.78,349666.15,61904.57,58884.83,14615.52,24266.92,545803.22,2,1,1,22
IND52032,12780,3/7/2014,BE10,124291.77,14326.2,1,987.5,734431.49,776427.98,278717.74,323312.57,2728.11,0,1,2,1,1
IND18823,30171,5/12/2000,BE23,31270.5,10476.6,2,126.36,115777.67,132877.02,67741.22,106041.07,17613.71,261669.54,3,1,1,2
IND57208,7770,20-08-2001,BE06,312880.96,9439.2,1,4874.85,110720.16,481590.33,298586,161043.81,39706.05,256486.8,3,2,2,3
IND32855,26316,8/7/2008,BE14,106006.79,7414.89,3,3379.99,584428.6,223047.83,166340.75,141843.3,23344.99,1056697.98,3,5,2,4
IND24817,38038,30-04-2019,BE12,130654.72,12511.6,1,2509.62,253335.18,522543.96,378724.52,60404.16,30702.68,343858.38,2,1,3,8
IND68120,36616,24-02-2007,BE15,91471.63,18730.14,2,296.53,367291.21,620185.12,304652.34,234582.3,33630.54,927506.57,1,1,3,9
IND28222,12842,19-09-2021,BE27,153744.58,63394.57,2,1911.28,1224014.14,1249137.19,380531.86,281428.13,35492.2,1010845.36,1,3,3,10
IND47326,35465,21-03-2010,BE01,165751.68,17657.88,2,609.8,216546.57,490931.68,309811.25,133457.15,24091.79,639406.54,2,1,3,11
IND45822,35082,24-11-2021,BE06,77596.15,8059.52,2,1557.94,423372.77,233951.1,175463.33,103246.32,19501.48,93263.8,2,1,3,12
IND96083,26223,6/8/2020,BE17,287617.05,10560.2,3,1942.08,681068.64,2609169.92,1304584.96,397898.41,10474.24,1832951.68,1,2,3,13
IND43081,25902,24-09-2014,BE39,118852.36,22744.8,2,616.1,466450.79,255292.91,169205.77,97011.31,1990.11,232157.89,1,1,3,14
IND78182,18106,7/4/2019,BE15,83994.66,3466.24,1,600.32,534980.48,550849.92,275424.96,294704.71,27373.44,101714.56,0,1,4,15
IND98632,32535,25-12-2015,BE05,440914.64,51646.96,1,2971.6,1905896.14,976955.69,424204.44,270976.66,48937.01,1327138.93,2,5,4,1
IND48103,35102,2/11/2006,BE13,319195.38,54387.26,1,5086.3,916496.12,895195.27,548078.74,292308.66,40301.01,234573.15,3,4,1,2
IND52448,6391,10/9/2000,BE21,206362.56,23662.8,1,5844.15,232222.14,1868783.85,733670.69,546515.45,13053.15,504543.33,2,2,2,3
IND38403,22735,31-10-2008,BE23,46575.66,20479.73,3,1442.78,584254.21,241112.03,313828.36,49600.19,28376.16,182781.53,0,2,3,4
IND99962,17726,5/2/2019,BE07,140412.85,26154.24,2,1234.8,138065.34,217030.91,121537.31,209796.54,29360.1,905987.88,3,2,4,5
IND70182,6396,14-11-2020,BE37,72997.57,24904.1,1,1489.87,1026727.46,1188540.59,444633.89,410431.28,51616.96,1166700.39,3,2,1,6
IND17319,19163,26-04-2015,BE36,52989.01,23002.36,1,1714.85,146524.14,51426.54,75366.48,7181.98,9821.15,204751.77,0,1,1,7
IND72327,41817,22-08-1999,BE15,142608.78,22836.57,1,3390.08,593776.9,565070.6,226028.24,532673.22,5855.09,303677.52,0,2,1,8
IND59532,15974,20-06-2005,BE41,68511.32,23184.85,1,1042.4,143116.01,123081.34,176789.56,42295.22,9790.03,154055.13,2,2,2,9
IND29309,29495,18-03-2014,BE28,17226.85,2985.08,1,537.53,25730.92,106528.13,95314.64,28706.53,19890.63,170637.72,2,1,2,10
IND36108,37296,1/2/2010,BE45,332248.45,42622.08,2,150.61,1242538.6,450061.73,164538.7,223579.05,64203.23,502368.76,3,3,3,11
IND86953,39566,11/2/2009,BE19,192608.67,8102.16,2,2494.69,1396353.87,1571606.99,331510.85,1021790.1,45602.3,1622146.94,1,2,3,12
IND86901,7237,7/7/2002,BE37,124124.85,20225.7,3,5842.4,812506.97,1280099.99,935029.56,203034.99,26555.51,1014170.74,2,2,3,13
IND17683,26279,1/3/2008,BE26,172741.13,37794.12,1,916.59,1199169.58,649525.87,322583.32,61203.65,59022.71,780669.88,2,2,3,14
IND56317,15951,18-10-2021,BE01,311756.89,49391.16,2,10496.86,762246.27,1701548.22,397441.92,743216.39,47325.09,2127257.75,2,3,3,15
IND92195,33941,3/6/2007,BE21,470606.05,15300.52,1,10768.45,1555674.67,286537.87,139657.11,120345.9,18566.71,878227.76,1,5,3,16
IND70343,27085,16-06-2019,BE25,319611.23,14446.8,2,3662.45,439795.3,2285481.94,907214.2,837428.5,10146,1105890.68,0,2,3,17
IND91720,12021,2/8/2002,BE22,513292.88,71291.72,2,5605.08,1370587.81,3784994.65,1676896.36,848030.45,73386.45,1001806.58,0,5,4,18
IND45348,20449,10/4/2010,BE13,86750.8,31623.41,1,2081.14,291883.94,490797.26,341694.3,218063.09,13164.06,883036.7,3,2,4,19
IND38267,16010,13-12-2016,BE18,287119.35,37321.16,2,268.53,283452.09,810074.57,337531.07,451327.26,51720.85,911107.09,1,3,3,20
IND77225,18291,28-10-2020,BE08,446342.23,64689.68,2,1042.24,0,118553.71,60298.87,44416.76,67808.68,1170488.07,3,4,1,21
IND32917,20160,17-06-2021,BE01,97294.96,28538.8,1,5056.72,589695.02,205426.24,78194.51,36406.83,58283.1,759402.04,2,1,2,22
IND95721,18234,4/4/2008,BE18,118451.97,27369.65,1,3729.34,853145.91,1241571.38,524039.87,344253.88,26874.54,480920.06,0,1,3,1
IND24755,10255,8/1/2000,BE30,147794.79,33716.15,1,7973.3,1040360.49,636897.33,143178.47,210324.24,50805.55,341307.23,3,2,4,2
IND76617,40225,17-01-2012,BE40,266452.26,10398.05,1,5160.23,372970.52,976566.95,954117.14,176792.29,23156.7,229465.37,0,4,1,3
IND92582,37931,2/9/2020,BE03,143055.44,53761.4,1,1566.87,95186.81,175782.18,97656.77,215821.45,27629.36,334058.29,3,3,1,4
IND27430,28633,19-10-2016,BE10,156565.48,40898.84,1,4042.21,953116.72,1239213.43,654678.79,318922.1,31537.7,1599594.86,1,2,1,8
IND94282,15620,12/5/1999,BE24,26064.25,22015.68,1,1262.47,76828.18,103800.53,130190.5,55348.55,19168.88,460038.22,1,1,2,9
IND33571,12028,17-08-2000,BE24,169831.13,25753.56,1,4653.98,1235321.88,651093.05,233107.39,388083.61,50302.18,1143694.6,3,4,2,10
IND96795,39563,8/12/2021,BE44,72989.92,41186.3,1,1113.1,487312.15,343016.51,157708.74,290972.63,39729.76,752220.1,2,2,3,11
IND61615,23240,17-02-2020,BE43,155541.46,16460.64,2,6944.52,747703.02,1591120.17,554798.48,452631.82,117922.69,2700944,1,3,3,12
IND48032,766,24-02-2012,BE13,118429.36,4185.6,1,3527.33,656915.42,1515691.24,595823.45,359584.68,13001.98,992731.94,0,2,3,13
IND25277,30427,3/2/2020,BE17,247866.56,7409.53,1,951.79,707005.3,52990.54,39198.48,20368.69,20930.06,205378.96,2,2,3,14
IND59951,30332,23-03-2014,BE15,291468.65,50088.75,2,4622.34,103028.74,292403.24,332734.72,155982,18057.37,757812.89,0,5,3,15
IND29371,10623,22-01-2008,BE45,377880.93,52417.8,1,3810.24,1169060.85,1079135.78,731414.25,299280.32,29323.62,653784.21,1,4,3,1
IND70227,40280,2/7/2007,BE03,179913.72,14324.8,1,7750.89,1265003.46,2034622.23,648064.86,859062.72,4603.1,479919.2,1,2,3,2
IND29257,4480,17-10-2016,BE20,149042.79,22769.8,3,1300.43,894827.39,584732.44,318604.21,35983.53,48948.29,1021339.24,3,1,4,3
IND33086,14709,6/5/2005,BE22,308261.53,34867.08,1,931.75,986121.54,2404549.76,1550040.34,292917.88,26441.84,2399439.15,1,5,4,4
IND89151,1764,8/3/2009,BE27,160662.66,4765.84,1,4074.52,378938.13,116891.76,34379.93,93055.01,8772.58,724109.12,0,1,3,5
IND62657,28027,28-06-2005,BE07,213619.52,47184.72,1,4063.38,125768.67,451924.45,434762.76,127682.96,5367.88,923858.68,3,2,1,6
IND83245,38454,21-03-2020,BE04,197052.23,5283.64,1,3784.68,63873.52,500037.87,401346.19,284824.2,8464.17,1179446.58,0,2,2,7
IND61510,18723,20-01-2005,BE28,161349.6,6127.2,2,4120.27,1104315.26,450709.21,228821.6,108447.57,7563.5,597295.92,1,2,3,8
IND66755,29714,14-08-2019,BE49,63066.52,18082.61,1,2313.62,40136.79,242133.59,155919.36,26689.73,20899.07,929792.01,2,1,4,9
IND50523,8523,30-12-2020,BE31,153235.97,15982.04,3,911.47,64502.66,251604.01,161477.2,177662.48,13749.93,362134.64,1,1,1,10
IND29653,1511,12/10/2021,BE02,275945.14,38864.52,1,7331.89,1775987.74,687073.57,402582.17,85884.2,95299.78,1095597.12,2,4,1,11
IND76864,36426,23-08-2019,BE30,26413.88,20882.4,1,509.22,208123.36,87378.66,60900.28,75066.21,3468.68,474023.4,1,1,1,12
IND41553,6602,15-07-2008,BE36,109285.86,18460.16,1,2046.67,90408.36,103372.73,44489.53,64771.52,7779.92,112471.48,3,1,2,13
IND85414,42083,12/1/2019,BE07,132512.24,24019.2,2,4038.01,50329.1,250162.34,136010.59,120757.98,28962.78,592356.71,3,1,2,14
IND68994,19010,19-06-2018,BE33,189418.65,28571.94,2,6554.97,1145058.09,44438.07,23277.08,29329.12,1586.01,217985.19,3,3,3,15
IND73388,30571,10/1/2020,BE37,111793.24,35024.99,3,11023.35,1323213.49,1747703.69,862043.04,325214.59,1123.65,1627368.17,3,3,3,16
IND80015,25194,23-07-2000,BE06,272202.65,21930.35,1,6349.69,1424975.5,700948.83,280379.53,302809.89,17116.13,1493457.88,0,2,3,17
IND82699,37436,10/8/2015,BE33,47336.04,2133.32,1,2726.65,571500.56,189166.65,66673.49,97219.25,600.87,671976.39,0,1,3,18
IND23356,20509,19-04-2008,BE17,193785.75,53218.8,1,7231.68,1028620.94,2061726.77,887687.92,320999.4,64412.5,2119333.25,1,4,3,19
IND43700,30871,4/9/2010,BE42,279342.47,15078,1,2065.34,797384.4,643768.67,232056.15,397714.29,52283.7,1831584.52,0,3,3,20
IND78571,20747,24-12-2020,BE17,59266.75,28855.93,2,2498.65,73019.71,478878.83,136045.12,436704.84,14706.38,381182.2,1,1,3,21
IND30598,28892,22-09-2018,BE40,214462.7,7743.89,1,3426.28,599030.74,2737514.23,641899.89,809926.62,120545.61,2580552.2,3,4,4,22
IND21000,35901,23-08-2010,BE12,211605.61,32733.84,1,1262.04,885758.4,1904110.56,616824.55,412736.08,64345.65,439166.47,2,2,4,1
IND23889,26254,19-09-2002,BE15,57692.88,7166.8,2,5038.21,88994.69,148572.3,47416.69,34192.7,13902.04,369628.68,3,1,1,2
IND65604,7503,20-02-2005,BE16,439038.72,42208.68,1,2877.22,360182.34,2504280.57,840597.67,874221.58,16890.99,3015372.3,0,4,2,3
IND46205,30642,26-07-2005,BE25,31129.69,17601.5,2,1088.96,263810.88,403236.86,100809.22,169233.47,24209.92,531731.84,1,1,3,4
IND65923,25324,1/9/2013,BE17,168187.3,29719.97,1,4517.22,537475.12,442236.13,208601.95,200257.87,6680,1085889.84,0,2,4,8
IND73017,41435,6/7/2000,BE07,84208.36,2560.04,3,139.94,114719.72,237591.72,139456.01,121171.78,21063.23,816059.38,2,1,1,9
IND88027,22451,26-12-2021,BE42,143047.68,13216.8,1,6935.48,1039003.28,763100.63,182891.89,514935.26,35158,1862168.22,1,2,1,10
IND16110,32016,28-02-2019,BE18,194118.09,31343.76,2,4488.62,318746.62,314626.92,417783.29,51939.23,41068.86,1099559.67,1,4,1,11
IND66556,23500,27-04-1995,BE35,329840.71,29400.9,1,1430.89,941944.19,67947.49,60699.76,28701.02,35891.21,628167.38,1,2,2,12
IND99578,7487,7/6/2010,BE21,83578.35,21306.6,2,126.71,218389.74,880868.89,476321.7,220217.22,41136.44,803744.8,1,1,2,13
IND32278,36550,15-02-2001,BE30,130355.79,29274.48,1,1902.2,510286.85,198561.71,275199.57,49013.39,25442.75,98273.15,1,2,3,14
IND45962,3581,27-03-2001,BE15,466146.25,13227.76,2,2195.14,1254040.21,1229634.12,641548.24,549058.36,49726.33,1392312.16,3,4,3,15
IND61230,34699,15-06-2007,BE37,60950.94,16345.28,1,363.28,16502.97,81534.83,112302.69,38213.68,673.44,351921.84,0,1,3,1
IND59637,33578,8/6/2008,BE47,58421.24,13035.47,1,4644.02,716853.6,826697.1,273395.89,339792.04,6867.12,992277.02,1,1,3,2
IND79357,6908,13-09-2021,BE18,85435.25,15147.27,2,1034.53,384841.73,273568.25,135456.12,140555.65,10620.92,572742.78,3,1,3,3
IND57365,822,24-07-2020,BE35,202228.56,41052.93,1,2810.05,882260,588292.83,132251.88,284934.39,75761.75,474887.04,0,2,3,4
IND28236,25283,25-06-2019,BE41,235490.97,9982.7,2,2493.56,1091099.3,993806.11,321230.26,430047.01,54177.55,1044226.76,0,2,3,5
IND89378,39007,9/3/1995,BE30,83735.5,16084.04,1,2396.93,242274.93,317381.34,170383.67,189894.27,23667.35,384228.22,3,1,4,6
IND44815,26547,17-06-2013,BE21,110666.82,13797.12,2,5699.95,1153133.74,673238,341497.54,114157.75,25769.35,1100027.81,0,2,4,7
IND18812,18447,12/2/1996,BE29,146174.05,18695.16,1,2513.28,825633.42,1026061.16,233881.59,286316.33,3200.84,1373757.65,0,2,1,8
IND67567,13838,29-06-1995,BE09,141296.85,2725.42,2,2574.24,323789.6,756163.86,294435.49,363493.99,4232.01,854450.48,2,1,2,9
IND47332,3256,14-04-2003,BE08,226048.48,38636.88,1,5675.42,105151.41,200417.34,90297.92,103952.73,26955.53,564340.85,0,3,3,10
IND52432,7936,14-04-2008,BE32,139134.53,27288.72,1,863.83,327201.14,151010.29,110058.35,122548.69,15494.79,121501.51,2,1,4,11
IND23568,29015,14-10-2015,BE49,56371.97,36697.68,3,7396.3,157910.05,90353.83,39529.8,24274.52,60742.89,1652235.38,0,2,1,12
IND79795,42033,21-11-2012,BE24,56772.53,54472.62,2,6723.52,557278.05,923024.78,612210.31,356023.84,47030.51,1765167.37,2,2,1,13
IND40475,10040,18-01-2002,BE11,53260.97,19390.88,3,3152.41,1006551.5,670053.71,469037.6,203845.23,23979.38,368123.51,1,2,1,14
IND92840,27917,7/8/2002,BE46,268022.95,46272.94,1,4157.62,1500235.15,880756.76,271566.67,550252.79,52885.73,1846404.19,3,3,2,15
IND39612,32401,6/3/2013,BE47,246045.47,41317.32,1,5773.74,651837.19,1231355.56,284158.97,560845.62,71088.73,655826.37,2,2,2,16
IND78997,26211,16-07-2004,BE12,271368.12,50481.36,1,5289.24,179431.2,426703.09,118528.63,295926.49,12817.96,450531.33,1,2,3,17
IND97635,41974,9/6/2000,BE39,224007.73,36622.72,2,58.87,1025677.09,868454.29,441119.64,305199.65,23358.99,159143.04,0,2,3,18
IND41288,32927,27-03-2012,BE44,95926.86,14361.6,3,637.85,205841.59,39648.52,41039.7,21104.14,6500.74,141223.41,3,1,3,19
IND31252,29370,30-12-2003,BE31,304544.09,9285.43,1,2206.88,84358.24,888080.41,814073.71,160488.82,47036.59,1553704.15,1,3,3,20
IND90265,10157,22-01-2007,BE14,85465.24,12609.63,2,2171.62,744818.47,430063.8,104047.69,284050.2,503.73,111927.25,0,1,3,21
IND39682,2940,23-10-2021,BE24,225936.17,34026.48,1,7663.5,1147412.23,2048428.67,906937.88,479426.13,31388.75,1697063.92,3,2,3,22
IND47091,32126,3/11/2014,BE11,213129.57,23237.64,2,1001.33,1763047.52,410132.13,135747.96,122461.99,72143.84,2325135.83,3,2,3,1
IND15145,5990,10/3/2009,BE04,446286.72,24178.7,2,8339.73,577470.79,472148.8,179494.58,109569.74,7421.41,2376046.07,3,4,4,2
IND69088,38377,14-12-2013,BE25,122753.35,39977.76,2,1693.53,564651.43,220857.25,143363.48,241664.32,25089.51,1049682.62,3,3,4,3
IND71209,11510,7/7/2019,BE38,375292.91,48496.64,1,844.19,1538278.4,127071.05,62510.76,39965.89,15011.02,351132.49,3,3,1,4
IND70392,41156,26-01-2010,BE08,245875.8,16343.46,3,7988.07,552747.16,1024647.73,264644.12,413930.54,53016.9,1874013.44,1,2,2,8
IND50738,15630,27-12-2010,BE32,225213.91,2812.86,1,647.72,320077.56,1932621.56,960155.93,224774.97,9889.59,898451.81,0,2,3,9
IND17499,40218,6/4/2020,BE07,130640.72,38007.6,2,1044.24,408680.88,1457664.19,655948.89,301736.49,31484.98,1893897.5,2,3,4,10
IND82261,11293,25-04-1996,BE38,200269.34,44615.8,3,1247.38,918056.58,1244326.99,610851.43,572390.41,32793.97,899930.66,1,2,1,11
IND52971,36737,29-08-2004,BE07,404829.66,17675.79,2,820.72,1503605.71,983146.7,520921.01,180854.97,4757.63,1772685.17,3,4,1,12
IND77657,11575,23-09-2021,BE33,229771.57,26010.24,1,186.12,563212.17,221234.79,247433.65,46284.65,17800.52,1151468.14,3,2,1,13
IND34637,28419,5/9/1996,BE01,42229.05,19083.48,1,2321.2,664377.36,656009.47,252311.34,212782.56,37168.37,1063158.01,1,1,2,14
IND21388,42674,2/5/1995,BE08,393255.36,56124.8,2,3440.64,1294827.24,1201703.83,789691.09,202229.59,27451.2,1287612.48,3,3,2,15
IND23466,8843,22-04-2004,BE42,236187.3,6094.29,1,4670,1734458.3,1963838.88,1504998.02,194915.6,92083.57,866430.58,1,5,3,1
IND37319,37454,14-07-2015,BE29,237907.08,28876.88,2,5751.58,828427.07,439854.56,136843.64,249837.39,43723.12,334599.37,3,2,3,2
IND39352,4923,14-03-2009,BE04,38470.88,15389.2,2,2669.86,419352.53,403463.43,296800.68,121873.78,19875.32,847994.57,3,1,3,3
IND28190,4962,14-10-2012,BE16,43597.41,29534.35,1,21.78,424193.82,58017.85,37746.55,20257.32,30456.17,482113.22,3,1,3,4
IND49543,23730,18-05-2012,BE30,177102.53,17906.4,1,4341.49,553965.35,437447.48,322562.29,97829.16,47831.73,1130893.37,3,2,3,5
IND16415,38166,1/3/2008,BE32,28060.86,11784.74,1,3681.83,647893.46,1127561.36,301741.77,260927.23,37286.16,626382.31,1,1,3,6
IND39399,7625,2/12/2014,BE41,231817.65,7878.06,1,4842.5,192352,653231.97,210485.86,376189.03,35834.24,1171013.11,0,2,3,7
IND63000,36549,9/12/1996,BE15,244571.62,57111.84,3,2057.62,186515.14,37712.04,38340.58,22796.93,24388.13,1051078.9,3,2,4,8
IND37028,37574,23-02-2008,BE40,105340.14,34372.98,3,1030.97,408047.5,402365.32,174798.05,110056.81,38364.47,0,3,2,4,9
IND62435,28622,10/1/2019,BE26,51778.43,13915.94,1,2038.95,185550.06,592813.2,267251.85,203354.36,20789.29,521134.66,0,1,1,10
IND72682,37875,2/9/2020,BE11,289247.02,38391.76,1,643.79,483531.2,1717828.07,815027.92,447638.41,37831.73,2680075.32,3,4,2,11
IND83165,38522,4/3/2000,BE36,206121.63,18799.95,1,382.84,1121049.93,161232.62,120101.85,49307.57,16268.98,475262.52,1,2,3,12
IND75623,24552,28-10-2013,BE45,248190.9,44616.11,1,1749.06,538901.63,258202.49,192478.22,288060.08,36974.94,224000.16,0,3,4,13
IND21058,13104,6/5/2017,BE27,75930.86,7457.45,1,1113.26,533779.39,682905.65,248329.33,251640.38,31097.78,639038.61,3,2,1,14
IND82903,42172,24-02-2015,BE01,82385.3,19427.85,2,3851.89,338425.83,81662.32,36956.67,25142.46,17953.1,1470588,3,2,1,15
IND66272,33139,6/8/2008,BE22,264398.49,71109,1,5154.91,415834.27,668835.42,238869.79,343972.5,62244,625548.67,1,4,1,16
IND19399,29023,19-06-2004,BE17,124233.49,2735.2,2,4484.01,831359.53,434681.42,164030.73,135325.35,5033.56,1394336.47,0,2,2,17
IND95041,2202,5/7/2004,BE14,190245.77,38707.3,1,11657.86,188707.59,3144472.59,1143444.58,1277139.63,30685.3,310266.1,2,4,2,18
IND79442,34823,25-03-2019,BE04,41898.83,9184.59,3,1719.06,190217.31,450175.65,206155.21,231735.28,12393.69,466500.37,3,1,3,19
IND55241,12715,20-02-2021,BE18,42676.34,3260.16,1,521.86,644015.58,817932.1,252102.36,268068.84,17900.3,421820.86,1,1,3,20
IND51146,11694,3/1/2016,BE27,181852.03,10044.45,1,582.04,729138.5,54596.76,46197.26,11453.32,45027.35,455877.33,0,2,3,21
IND25698,40601,1/12/2017,BE25,57954.12,9910.12,1,281.83,475534.51,111160.23,71341.64,57687.18,14141.26,584262.65,0,2,3,22
IND56730,14592,4/10/2005,BE37,97526.95,6751.49,1,820.06,87661.97,75793.01,37294.97,73050.02,16486.84,105818.03,3,1,3,1
IND50377,16199,16-10-2018,BE05,107610.47,32395.96,1,5561.34,950685.55,1247148.93,618740.55,285394.08,38977.48,473459.62,1,2,3,2
IND44237,10233,25-02-2014,BE47,181216.69,32758.77,1,2046.05,408661.72,49923.51,60064.22,13814.77,3515.13,515038.57,1,2,3,3
IND45334,28859,26-12-2004,BE18,73722.03,38639.16,2,5603.85,438980.22,653857.31,575394.44,231203.95,18867.24,1124536.14,1,3,4,4
IND22951,22301,12/7/2021,BE36,78586.66,4560.36,2,1313.28,443646.57,353151.11,502791.41,56504.18,17326.67,627480.61,0,2,4,8
IND98187,43105,24-01-2000,BE47,128154.79,34072.72,2,3214.16,94876.07,231597.85,94529.73,175825.3,76987.31,2043910.42,1,4,1,9
IND83250,7118,8/2/2016,BE06,129373,10056.07,1,2708.83,401266.1,199877.04,139913.93,91210.56,10723.51,777196.29,0,1,2,10
IND15003,33091,30-08-2004,BE15,140671.72,37579.85,1,4003.69,528083.56,1201314.95,770843.76,119731.06,13151.29,2249744.11,2,3,3,11
IND50596,35789,27-01-2016,BE27,84463.87,36839.32,1,2029.77,112548.49,1680282.31,481759.26,575408.56,108933.37,275076.72,1,3,4,12
IND52253,21668,20-11-2007,BE49,183254.63,14631.75,1,4470.22,932547.3,854088.28,287215.53,393636.44,41148.84,423560.16,0,2,1,13
IND44460,25190,8/6/2000,BE25,235953.25,23897.5,1,5806.17,256317.89,665597.44,237410.55,143633.38,69174.12,180935.2,0,2,1,14
IND70843,41696,7/10/2007,BE01,169368.88,4334.88,1,3453.75,423807.82,1795181.91,329495.41,806695.67,63848.56,788356.1,1,2,1,15
IND86529,5834,22-08-2008,BE13,66584.18,16666.88,2,2124.81,603091.95,616036.59,233094.93,366958.01,16542.02,788833.84,0,1,2,1
IND55587,4684,20-01-2004,BE08,445066.83,52998.3,1,66.15,490046.26,980086.57,490043.28,443739.19,56590,967822.13,2,4,2,2
IND72739,17196,24-02-2015,BE06,29911.84,25819.2,1,1514.03,807750.69,579578.98,294785.86,208948.22,23836.14,294399.65,0,1,3,3
IND67930,36506,30-06-2015,BE48,36068.28,10710.63,1,2142.75,259023.06,609456.53,266317.14,240914.58,18912.68,753173.79,0,1,3,4
IND46268,33019,2/9/2000,BE21,282056.24,60103.68,1,5508.95,535541.76,426296.96,409245.08,125729.18,30319.97,1393137.14,2,3,3,5
IND82874,29236,20-06-2016,BE29,265750.42,21705.39,2,6040.14,1213688.45,2316791.39,756174.97,946505.82,61845.64,999816.05,2,2,3,6
IND30869,26393,24-03-2019,BE10,386179.91,4791.36,1,4530.24,1067006.58,1143536.61,728847.51,343060.98,3162.62,287103.04,1,5,3,7
IND95431,31416,15-06-1995,BE48,114169.51,13531.05,1,3168.59,765830.21,370769.94,101119.08,287852.3,20300.28,756124.94,2,1,3,8
IND17593,34999,27-01-2009,BE32,89965.12,22277.33,2,1630.04,193100.23,70903.56,75157.78,35990.65,655.27,214682.88,2,1,3,9
IND29284,30633,4/8/2016,BE06,349237.31,35806.5,1,3053.65,173309.24,472841.8,530155.95,119213.45,5073.35,1087718.43,0,2,4,10
IND20167,11032,6/5/2004,BE45,177489.75,8929.98,2,5043.49,82412.36,532664.38,102728.13,155538,46285.89,181546.18,3,2,4,11
IND51633,35112,20-06-2008,BE14,161893.88,11651.8,3,1635.3,416507,585083.66,321796.01,218528.75,18296.96,968457.78,2,2,1,12
IND48741,31801,23-01-2017,BE43,215155.92,59178.21,2,6834.41,379165.1,1052128.73,591342.42,143074.15,68512.4,2633258.55,3,4,2,13
IND83525,27406,5/1/1995,BE12,122723.9,27447.21,2,1913.39,506454.05,955300.5,749255.3,207918.34,45751.53,107148.53,2,2,3,14
IND48432,26654,8/2/2014,BE48,224736.01,35713.6,3,1799.65,110172.97,135602.61,194052.01,32193.93,16581.36,134010.83,3,2,4,15
IND27926,24640,18-04-2014,BE14,82937.81,4432.75,1,1710.95,348839.24,255155.38,127577.69,131136.43,13812.81,413503.46,3,1,1,16
IND45923,8253,5/6/2010,BE03,37825.25,22544.02,1,1316.9,236918.71,137624.61,129834.54,102569.29,1169.35,227546.55,0,1,1,17
IND73297,13565,21-07-2016,BE08,125063.15,38381.85,1,4223.54,605651.17,749893.66,370200.67,590612.45,46329.51,470485.65,1,2,1,18
IND69570,28884,27-01-2006,BE32,228507.56,43267.5,1,743.93,1130151.07,54706.15,24046.66,35709.29,37990,956104.01,3,3,2,19
IND15006,16563,8/2/2012,BE29,116881.23,36505.6,1,3190.41,49665.68,674919.71,433434.68,96594.01,41898.49,280715.81,0,2,2,20
IND42515,4118,9/5/2019,BE34,252488.71,36457.92,2,823.33,1243842.33,2463156.65,1257782.12,371744.49,55846.15,2374884.77,3,2,3,21
IND56981,35171,13-11-2008,BE33,147650.73,40101.6,1,383.28,400438.32,299267.22,342019.68,169299.74,6203.74,508368.91,2,2,3,22
IND45092,34042,2/1/2020,BE37,181392.65,5754.72,1,4720.55,755595.96,559642.35,343717.35,75617.82,67624.57,1445142.56,0,2,3,1
IND68220,18846,5/7/1996,BE21,250712.74,60082.88,1,1058.2,1010468.8,543892.25,269770.56,162036.38,73387.6,1772003.2,1,4,3,2
IND52850,41580,21-01-2011,BE38,181827.29,28636.44,1,3794.83,378214.93,323203.73,199875.99,191583.27,16675.62,834695.49,0,2,3,3
IND62637,17539,14-03-1995,BE19,231896.33,12944.13,1,3439.23,911235.81,685540.13,434401.67,227246.37,32744.09,99086.61,0,2,3,4
IND27463,30366,24-07-2005,BE40,44804.42,30503.1,1,3573.43,175722.87,1109558.52,644522.97,106223.91,4295.46,363460.27,3,2,3,8
IND57502,36956,25-05-2002,BE43,321792.64,46636.87,2,8542.49,458062.89,999829.2,513996.7,169196.45,74231.76,374455.36,2,3,4,9
IND35319,20213,29-03-2015,BE29,49795.25,15680.79,2,1587.07,141677.99,923978.36,248047.88,256729.56,2497.88,174604.23,1,1,4,10
IND23783,36969,14-12-2005,BE02,156857.61,15232.73,1,3804.39,392481.11,178854.71,132352.49,27436.31,27595.46,892296.94,3,1,1,11
IND90414,30196,12/7/2019,BE46,434841.32,39224.97,2,2507.38,521915.75,482275.02,179307.38,513622.9,56324.45,395613.19,1,3,2,12
IND51353,4061,10/8/2021,BE03,36290.43,10530,1,3513.91,89607.69,102705.98,58355.67,48435.21,35706.99,376636.37,3,2,3,13
IND52252,13110,29-09-2009,BE43,253050.08,27065.79,1,6450.85,361591.43,1802267.66,507304.97,695274.81,80993.12,1008435.77,2,4,4,14
IND86849,39527,1/3/2021,BE13,22531.39,7323.12,1,4883.83,199986.55,721992.53,328631.08,192996.07,33111.5,1130631.12,3,1,1,15
IND18751,2880,17-03-2019,BE33,190329.7,29430,1,1538.09,342065.18,79099.25,60757.4,29633.56,28912.27,557344.52,2,2,1,1
IND23045,25666,18-06-2020,BE18,111789.43,33801.01,1,1709.82,212773.22,188774.56,116017.7,47567.26,10101.22,595227.88,0,1,1,2
IND14385,10055,5/9/2011,BE34,68236.5,28242,2,2553.18,72967.86,445903.57,153942.9,192216.29,2836.68,1019098.5,2,2,2,3
IND65960,4357,23-05-2020,BE10,394145.81,28230.63,1,5575.83,95877.06,559640.54,510260.49,300230.69,46232.95,374599.35,1,4,2,4
IND69484,35383,17-12-2021,BE01,74122.71,32441.5,1,6651.03,1023666.38,984045.54,419429.25,383293.8,48815.79,1713704.38,0,2,3,5
IND15970,27910,29-09-2019,BE47,331797.03,59932.54,2,796.36,686479.09,203555.77,207626.88,103732.02,29121.75,945383.81,1,4,3,6
IND59374,18496,18-05-2019,BE35,99667.97,8733.24,3,477.07,301347.89,816992.11,227283.52,348296.64,42471.08,915213.46,3,1,3,7
IND56474,31098,27-06-2021,BE41,103163.67,15104.13,1,2659.9,1308883.89,725322.05,250812.3,375811.72,44401.36,1086237.23,1,5,3,8
IND93181,26662,6/12/2020,BE01,56674.7,29610.42,1,4244.49,747480.79,572524.49,314093.29,100191.78,45342.46,531331.32,1,1,3,9
IND68480,23883,27-03-2020,BE07,20823.15,14576.85,1,2539.89,52295.19,99660.19,46551.8,18633.83,20113.7,198077.01,2,1,3,10
IND77629,1872,21-07-2014,BE22,348170.46,56475.9,1,5914.35,1774668.68,285198.47,125487.33,108831.74,59796.75,2448655.95,2,3,3,11
IND20946,4446,13-07-2001,BE21,378281.43,58828.52,1,11375.95,1562862.06,2027877.93,876566.59,246092.8,94926.87,710602.06,1,3,4,12
IND76461,69,5/8/2021,BE15,202472.98,24333.14,1,412.3,483824.5,457214.44,391898.09,274328.67,29594.46,974104.75,3,2,4,13
IND73140,457,15-01-2000,BE16,31880.31,15558.5,2,1893.2,106533.4,65048.48,43094.62,38980.3,10360.4,231869.8,0,1,1,14
IND47099,2277,3/8/2020,BE11,113604.47,62016.6,2,1134.31,1736704.53,1874804.38,568906.16,579249.91,16739.93,702103.31,3,3,2,15
IND96585,6843,30-03-2021,BE09,92423.37,13855.5,1,4596.02,574061.39,1308502.52,600077.59,287037.11,23301.78,523167.49,3,1,3,16
IND94165,36258,25-10-2009,BE44,312212.97,72542.92,2,505.19,1409597.8,1658877.64,1068216.66,226210.59,63056.51,1972699.29,0,4,4,17
IND95121,32813,11/6/1999,BE23,50219.56,31359.12,1,1701.71,106207.96,107267.61,101521.13,108934.09,23889.57,410415.53,3,2,1,18
IND40107,13729,4/5/2008,BE37,308349.82,51800.38,2,3156.4,288820.54,624747.14,552937.12,120569.02,19588.35,101492.8,2,2,1,19
IND50027,4728,7/8/2005,BE04,39753.54,23677.8,3,290.26,161169.95,141670.9,119301.81,55027.96,14756.1,450450.47,1,1,1,20
IND21031,90,26-05-2015,BE09,126956.13,17432.82,3,707.47,133026.34,65263.55,41867.18,46324.8,1979.5,226266.87,1,1,2,21
IND12811,19475,29-11-2006,BE28,202723.95,27261.15,2,1405.61,510642.72,222820.01,304520.68,33423,15783.98,423152.44,2,2,2,22
IND77134,39779,11/2/2002,BE20,325675.36,38257.1,2,8324.58,2044065.54,1713018.72,927348.48,382273.65,103068.96,2354614.1,3,4,3,1
IND65796,22689,26-11-2009,BE20,144361.23,11675.43,1,4375.31,568871.55,748509.94,209582.78,373656.16,1861.28,1032174.49,3,1,3,2
IND52319,15677,19-10-2021,BE01,127999.76,17654,1,1920,631693.8,1013382,560738.04,96473.97,41443.2,1344723.6,0,1,3,3
IND54844,35368,12/8/2020,BE28,48752.34,3059.1,2,374.59,35853.89,195007.86,185866.86,102196.3,13103.04,259100.93,2,1,3,4
IND89924,31839,14-06-2020,BE05,41508.44,6276,2,1241.98,355617.84,886831.78,487463.83,116815.13,27834.59,903306.92,0,1,3,8
IND69892,24878,20-01-2004,BE32,60175.24,17120.25,2,378.45,277923.62,117928.08,54208.87,40485.47,38974.07,788714.71,1,1,3,9
IND21947,41481,8/1/2018,BE12,274655.13,31008,1,178.43,549718.53,265852.33,107513.81,51020.19,8100.81,2060880.9,3,2,3,10
IND47171,1801,2/10/2018,BE43,320186.66,43513.04,2,3126.72,540883.97,350343.26,213845.88,192916.29,33196.64,175297.83,3,3,4,11
IND81366,11840,11/2/2003,BE08,129850.89,9748.53,1,1225.01,630519.3,1040645.14,533439.95,371746.43,20198.33,1007029.18,0,1,4,12
IND37255,24107,24-12-2021,BE36,341878.19,31381.92,2,8791.29,1393979.88,1675743.29,1122019.42,237955.55,45753.21,1025028.05,3,5,1,13
IND54288,20085,29-08-2020,BE07,291815.01,21378.81,1,2704.21,46810.43,136662.31,189409.17,43300.38,21668.45,656784.8,1,2,2,14
IND81264,17844,2/6/2019,BE23,45380.86,6995.77,1,929.95,113121.34,504109.24,216046.82,287822.37,15711.89,95000.43,3,1,3,15
IND44868,32251,19-07-2021,BE47,182832.96,20587.84,1,1077.86,110000.26,855843.88,387316.21,185162.14,608.39,1634060.38,1,2,4,1
IND58718,28322,23-11-1999,BE39,142307.11,14116.98,3,3532.58,722607.51,169559.47,69906.1,70947.25,37690.36,273266.08,0,1,1,2
IND13491,38792,13-02-2010,BE35,66498.89,10865.88,1,4972.43,1484824.13,2101187.05,437159.72,486516.46,40551.04,1722917.34,0,2,1,3
IND67285,8617,5/12/2007,BE25,112668.96,51096.46,1,8106.11,901801.47,2377830.11,1256853.06,428349.11,60066.1,820184.92,1,3,1,4
IND80508,16826,5/3/2016,BE49,190381.92,36638.46,1,2749.99,329956.16,1589656.94,365873.42,976377.39,23240.23,1065150.93,3,2,2,5
IND80012,41273,20-05-2020,BE27,255812.79,4390.4,1,6332.29,514660.2,425839.2,209184.17,177507.71,53165.95,534141.62,1,2,2,6
IND24103,24007,6/1/1995,BE09,238171.36,45622.7,1,2980.02,201655.5,188913.44,134938.17,121444.35,5926.36,661552.8,2,2,3,7
IND96193,34985,29-08-2009,BE26,37275.34,10682.43,1,242.2,68771.24,231512.59,260911.01,130014.53,9377.33,154414.81,2,1,3,8
IND95777,2534,21-11-2011,BE06,79121.7,69313.5,2,10155.91,0,720791.32,213794.03,484396.2,16555.52,2421699.84,2,4,3,9
IND99904,30668,5/5/2015,BE27,130468.46,23267.82,1,123.41,39228.59,199009.08,111372.05,89006.35,31024.26,926495.04,2,1,3,10
IND51561,10258,14-05-2019,BE41,141218.68,8747.31,1,2090.5,206256.08,360033.2,134412.4,286874.46,11659.93,650341.28,0,1,3,11
IND36643,6907,4/6/2010,BE04,90613.74,8845.9,1,8057.68,1638755.11,1394833.04,543026.6,365212.01,77278.34,272120.67,0,2,3,12
IND52909,1987,25-08-2001,BE21,355219.51,68599.8,2,10479.75,1716149.48,1715747.33,544017.45,723264.22,83960.19,2642293.92,0,4,3,13
IND40382,37276,25-09-2020,BE06,272405.89,35236.8,1,6903.14,1577746.19,2112808.81,730845.82,442493.92,70445.27,1879077.01,1,2,4,14
IND29277,29750,2/5/2021,BE39,78098.59,26604.85,1,2732.39,89938.11,548877.97,310235.37,183277.51,2893.4,863972.64,3,1,4,15
IND28276,14811,10/12/2014,BE29,117073.79,6334.02,1,1473.54,168139.06,177175.28,136288.68,128792.8,17924.96,176031.27,3,2,3,16
IND63171,6833,29-04-2000,BE49,80037.92,10018.32,2,3484.21,0,209303.42,38870.64,102887.58,30046.74,898556.2,1,1,1,17
IND75976,34649,4/3/1996,BE21,129586.91,3422.4,1,3438.3,0,188879.38,90273.23,51039.1,10569.48,155743.07,2,2,2,18
IND95034,12739,8/6/2007,BE42,80380.19,54620.64,1,2089.86,1454398.43,364665.33,210769.87,149780.43,35430.77,1414547.3,1,3,3,19
IND34886,21258,17-11-2002,BE42,224850.89,63336.5,2,6048.78,1151893.39,884874.66,941597.4,133071.54,13026.78,1822095.29,1,5,4,20
IND65740,1987,22-12-2015,BE25,235712.19,55798.82,1,940.63,785428.34,402601.34,241560.8,251223.23,32737.94,1180041.63,1,3,1,21
IND22943,16542,13-09-2017,BE43,52279.49,22587.84,1,657.07,394385.11,202809.74,165627.96,101709.09,16321.61,329634.36,1,1,1,22
IND62166,2353,4/8/2017,BE46,256807.65,32283.7,1,481.58,772072.06,1348164.87,413147.3,626896.66,58361.72,2219570.28,2,2,1,1
IND31625,40524,2/1/2001,BE40,230457.29,5469.96,1,1370.38,671647.15,1119286.51,202769.3,401483.21,10071.27,1975799.99,3,3,2,2
IND53168,34073,24-04-2021,BE17,96755.93,28798,1,654.93,775939.72,266295.05,118881.72,303148.38,35883.23,692126.76,2,4,2,3
IND62132,8435,15-09-2016,BE09,248529.35,21217.3,1,7681.08,553605.92,95583.93,35215.13,34086.81,48739.65,596317.4,1,2,3,4
IND49496,33294,7/1/2007,BE38,18691.14,20922.84,1,4093.77,110858.56,463704.68,206423.37,76047.57,11768.22,170488.11,2,1,3,8
IND39167,25431,21-03-2020,BE43,114270.39,8836.8,1,1749.52,347361.93,224120.46,82103.53,102052.47,16559.56,45556.35,2,1,3,9
IND56356,30487,8/9/2006,BE19,392435.57,65592.24,1,4168.2,1739906.03,1492675.37,664621.88,373931.52,83552.68,1938114.07,3,3,3,10
IND84445,3149,8/9/2019,BE38,151080,13218.5,1,4291.47,816970.31,1347664.84,591657.74,564485.31,32393.9,916837.08,2,2,3,11
IND83697,21376,9/8/2019,BE27,122483.75,8072,1,690.59,84067.65,224401.81,125023.87,217060.67,17024,494940.1,3,1,3,12
IND92276,25238,21-01-2004,BE15,321374.91,34968.9,1,3046.41,386988.31,410883.32,367304.78,303742.38,7836.58,574104.42,1,3,3,13
IND63929,19642,20-03-2017,BE32,51004.69,9524.75,2,2530.84,238781.5,619282.97,124747.65,301532.89,511.17,0,0,1,4,14
IND20154,37431,30-10-2021,BE13,476122.14,15591.4,1,9973.27,1983384.25,745858.45,401133.96,126357.2,11033.68,276114.45,3,5,4,15
IND73329,10871,23-02-2012,BE22,27917.09,3643.12,1,434.62,455450.22,87804.1,39760.35,43935.19,13067.85,377382.66,0,1,3,1
IND55336,7419,7/9/2004,BE02,409782.33,59260.02,2,654.56,918905.32,994183.25,422898.84,277555.19,29895.56,452268.6,0,4,1,2
IND50934,15083,1/6/2017,BE19,105811.2,60161.6,1,3015.12,1077036.77,672373.9,243900.34,344690.5,19340.02,618072.67,2,3,2,3
IND15178,19143,19-10-2021,BE06,113585.69,9166.85,2,2641.91,251175.96,127040.6,57874.05,43306.73,25822.76,326192.58,0,1,3,4
IND67097,42369,16-05-2017,BE39,40206.61,7429.87,2,3871.31,115456.39,295042.6,191107.14,139843.49,3365.08,253766.37,2,2,4,5
IND71917,37246,9/10/2007,BE28,210939.88,53516.97,2,1750.81,806505.55,188426.92,92022.45,128349.4,11835.83,378424.44,1,3,1,6
IND29396,40562,4/5/2013,BE28,52928.95,10125.05,1,6562.99,744464.6,709304.83,307012.54,142284.43,65392.07,389438.91,1,2,1,7
IND17042,42375,20-04-1996,BE28,133671.38,20608.56,3,7017.53,289554.54,852991.32,423288.92,115570.7,46077.56,1825563.85,3,2,1,8
IND96714,31470,12/7/2012,BE23,96822.57,40904.64,1,8615.55,625975.51,1360829.73,468857.3,829877.42,56068.56,690465.7,1,3,2,9
IND74213,34502,21-02-2012,BE33,161596.71,55051.27,3,3190.17,140288.81,284761.28,154498.14,152892.57,4558.34,599263.8,3,2,2,10
IND33290,35844,21-03-2010,BE28,61489.89,16091.79,1,9.9,156150.52,10157.04,7448.5,6446.34,2534.8,156018.65,1,1,3,11
IND82331,19479,13-11-2009,BE32,57992.44,36221.64,1,3441.2,239980.57,721232.97,641095.98,176301.39,38318.9,278197.92,3,2,3,12
IND41616,5295,27-05-2019,BE17,57084.92,14015.4,1,1009.45,601682.31,74432.03,28945.79,55824.02,19961.54,647294.57,3,2,3,13
IND13977,18122,19-08-2011,BE07,77407.75,35767.47,3,1688.36,1005492.83,615712.78,381155.53,54827.76,25887.43,733526.16,3,2,3,14
IND37918,33576,30-11-2000,BE27,62999.27,6722.56,3,1472.27,508656.14,118423.6,99725.13,17950.52,22549.2,244181.01,0,1,3,15
IND93832,17864,8/2/1995,BE21,426380.23,36426.75,1,5173.85,245461.57,52572.32,50381.8,27162.36,43105.61,135989.46,1,4,3,16
IND40270,2865,21-07-2008,BE39,220825.61,8343.79,1,6108.18,1751103.57,786746.12,248800.05,313488.07,78834.65,2319718.32,3,4,3,17
IND27859,14708,6/10/2005,BE48,149251.47,6881.37,1,9479.45,419338.09,2001516.82,1065742.72,147384.42,85131.26,1307145.7,0,2,4,18
IND76060,37,28-11-2015,BE43,375589.51,20373.08,2,5709.36,1662748.71,1145916.75,494317.03,660587.31,26923.37,2220047.41,3,4,4,19
IND24265,453,13-06-2019,BE30,222087.6,24721.74,2,5802.07,150173.05,678567.87,379795.45,75959.09,25681.49,1634412.61,1,2,1,20
IND48804,29699,16-09-2007,BE11,261370.56,38045.28,2,6539.82,93927.94,283273.74,56291.58,101488.27,38087.09,218325.56,2,2,2,21
IND99895,21253,3/4/2017,BE13,76595.96,25636.32,1,1940.25,288700.04,250220.19,293226.79,122177.83,13420.26,480319.76,2,1,3,22
IND26169,33691,3/2/2016,BE24,332196.92,15011,1,8508.5,1418337.34,673120.46,200641.67,272419.62,58162.78,1016434.69,0,4,4,1
IND46964,10680,9/10/2003,BE41,71177,7326.8,1,1704.89,70025.09,97662.16,66821.48,48728.28,12845.19,343348.38,1,1,1,2
IND33681,23254,15-08-2021,BE10,329847.84,10693.44,1,3311.67,256430.28,313186.08,295030.37,108026.5,19640.99,220764.01,1,2,1,3
IND95665,22092,10/1/2007,BE10,85181.04,28180.8,2,3689.95,57099.33,0,0,0,1915.97,777429.31,0,1,1,4
IND34612,10773,25-01-2011,BE30,122089.65,9183.68,1,3729.94,551115.81,158143.36,47128.82,39745.3,57568.27,1058450.32,3,2,2,8
IND56244,21379,20-02-1996,BE03,68556.13,39398.32,1,1885.44,318418.37,26319.36,12943.95,26276.22,15409.89,161082.09,0,2,2,9
IND98780,2686,26-06-2013,BE29,477264.42,17267.4,1,1199.52,272381,1027401.63,859662.59,233995.96,61002.65,1137544.51,3,4,3,10
IND80677,16674,21-09-2014,BE33,82543.13,7449.75,2,4819.31,114752.9,1221609.51,260343.01,807664.12,84473.72,601287.68,2,3,3,11
IND85232,22376,15-12-2021,BE37,128308.5,31224.76,1,2594.76,418068.43,115235.22,30155.01,87621.84,37199.09,697802.93,1,2,3,12
IND84182,11356,21-01-2015,BE06,84773.48,6005.25,1,7284.48,713747.5,1029891.96,401730.91,368131.6,38749.9,2635585.4,2,4,3,13
IND22162,12608,19-02-2015,BE10,265344.07,50281.14,2,10514.42,1186879.32,3056394.35,779483.12,737637.19,54256.14,2892226.51,0,3,3,14
IND48448,14830,16-05-2005,BE12,275925.06,58748.04,1,414.65,1180099.44,373370.77,239579.58,57965.81,16091.71,252006.77,1,3,3,15
IND28042,41727,11/9/2013,BE41,304090.89,25814.83,1,7524.84,353086.87,1998613,1075011.54,276626.21,86335.5,1776040.65,2,3,3,1
IND39614,9433,3/12/2008,BE43,69342.69,24300.21,1,4153.55,409135.32,836097.32,139349.55,305175.52,45134.1,111123.05,2,1,4,2
IND39056,34313,9/10/2008,BE21,327746.23,26743.5,3,6001.72,981805.9,816157.07,221330.73,343339.3,70846.85,745503.82,2,2,4,3
IND20248,42863,2/4/1996,BE30,44822.84,12362.85,2,1808.24,969274.45,1225648.65,274271.03,326382.52,23678.87,102978.66,3,2,1,4
IND67058,35993,7/11/1995,BE19,79840.12,43337.31,1,1060.5,92092.01,106324.34,53835.11,78330.08,11777.57,1007005.84,2,4,2,5
IND81182,19234,6/8/2013,BE22,245301.8,42010.89,1,2188.89,129219.73,90933.06,116114.52,25922.92,28666.6,165347.07,2,5,3,6
IND72540,37953,8/7/2011,BE41,318320.43,61019.11,1,10566.32,1035646.78,2156888.49,511262.46,1108161.38,14528.4,2046162.98,3,3,4,7
IND79266,30384,19-03-1999,BE42,349019.92,13351.5,1,2532.25,321041.3,27001.69,33752.12,15477.76,17430.55,944056.88,2,4,1,8
IND45633,2201,23-11-2014,BE10,17871.56,11860.25,1,3459.75,135110.15,645257.48,327237.72,104255.17,12160.05,481101.25,1,1,1,9
IND50255,41547,6/3/2016,BE21,31801.86,14629.21,3,1059.83,50941.29,268103.61,247158.02,140838.18,17310.27,178377.42,2,1,1,10
IND35529,2197,16-06-1995,BE24,119733.29,9049.48,1,1186.13,438554.1,230097.35,133604.91,163888.69,14179.6,198120.73,0,2,2,11
IND76818,11576,14-03-2021,BE11,230267.66,54916.4,1,3467.76,0,557684.66,196457.09,459139.24,30163.65,831192.95,3,4,2,12
IND65466,13996,17-05-2014,BE12,87229.38,9115.5,1,558.6,301282.2,211625.76,95231.59,160835.58,14167.6,222853.8,1,1,3,13
IND62602,20785,1/12/2016,BE46,125156.65,27157.63,1,1265.37,155520.8,153846.13,214285.68,56208.78,7941.35,452745.26,3,1,3,14
IND67173,31460,12/7/2002,BE09,169754.68,54407.76,1,9020.95,835555.85,1895319.07,1100507.85,415136.02,12789.96,553463.19,2,4,3,15
IND60054,33707,4/8/2009,BE19,449829.61,18183,2,7071.28,1996251.44,1019190.52,239809.53,387958.54,113390.44,1980667.01,2,5,3,16
IND78031,19021,9/7/2021,BE44,108447.36,6095.43,1,4070.88,829386.1,0,0,0,17179.54,822033.7,2,1,3,17
IND72496,19146,30-12-2015,BE12,110263.63,55445.92,1,6099.58,324121.01,1072739.03,723673.16,130261.17,38291.17,2080490.33,3,4,3,18
IND91488,6909,2/12/2021,BE01,487056.88,66073.71,1,11003.2,401548.91,154460.7,31872.84,107043.72,21230.67,1420511.03,2,5,3,19
IND21889,33123,21-05-2000,BE07,165191.04,42778.12,2,3115.2,936139.19,598631.92,495641.48,85868.28,57101.93,835404.19,2,2,4,20
IND22592,37471,24-05-2004,BE22,46662.96,18655.56,1,2454.23,75097.76,186230.02,159330.12,27603.43,5044.79,253909.15,2,1,4,21
IND70846,11284,5/2/2007,BE20,74335.23,20350.71,1,1783.37,252228.83,367693.55,204943.94,96444.21,7790.31,73156.45,3,1,1,22
IND97484,28980,9/12/2000,BE49,397914.9,35260,1,6091.69,339359.99,2834869.99,708717.5,1549728.93,42904.37,415308.59,0,4,2,1
IND22626,25667,12/11/2011,BE41,455401.32,12588.03,2,8833.65,2584311.14,1783850.99,715812.82,243830.84,35798.94,3184662.31,0,4,3,2
IND73526,24528,10/11/2006,BE22,117814.84,21607.07,1,2587.85,70291.68,964257.44,197593.74,604636.84,758.05,560618.51,2,1,4,3
IND42840,36782,9/3/2005,BE30,40627.47,10221.3,1,2524.95,709378.43,669212.77,155430.06,210003.29,37652.45,408505.76,1,1,1,4
IND91337,3321,26-01-2021,BE40,341432.42,75963.9,1,713.83,982369.64,2822698.59,1042227.17,1332313.73,88463.05,2246229.12,1,5,1,8
IND71064,4352,10/6/2004,BE33,80536.42,5747.28,1,1052.95,33894.93,102083.15,68470.41,56021.24,16303.67,120441.5,3,1,1,9
IND34987,3860,14-01-2011,BE24,63497.69,35102.76,1,2365.22,98276.77,43137.34,30707.94,29260.28,31787.89,819083.43,0,2,2,10
IND34900,16505,3/2/1999,BE08,34363.3,21982.4,2,3072.26,70584.73,1016709.91,659272.83,93171.93,36630.53,904021.61,3,2,2,11
IND70426,18252,13-11-2002,BE45,81645.45,13505.44,2,703.31,485794.95,202534.19,109209.61,89353.32,10420.77,473250.73,3,1,3,12
IND27490,21362,5/1/2004,BE41,65256.69,29618.94,1,1440.96,433456.33,92083.79,37611.69,57091.95,17036.11,244905.58,1,2,3,13
IND69225,38480,16-08-1995,BE21,20080.71,18277.2,1,197.27,311827.08,136948.97,156796.65,41263.32,7135.91,438282.34,3,1,3,14
IND68596,13498,10/12/2021,BE43,42235.02,40311.96,2,94.77,432957.33,32527.76,17348.14,25501.76,25880.01,778707.54,3,2,3,15
IND19235,39143,28-12-2019,BE06,83769.34,27912.8,2,1570.26,438670.09,582515.43,222726.49,113076.52,2852.11,1321065.13,1,2,3,1
IND53236,20665,14-02-2010,BE20,289369.88,7043.52,1,6581.94,248995.99,3667387.28,623216.14,1507703.66,116058.03,1032660.4,2,4,3,2
IND47522,38973,7/5/2018,BE32,156545.51,39368,2,2456.19,357888.96,855084.96,875940.69,133476.68,73313.25,703335.73,0,5,3,3
IND76422,27658,1/10/1999,BE09,48289.44,23404.32,2,2547.49,237508.74,48551.97,35429.81,31690,10545.53,647506.51,1,2,4,4
IND14568,3957,9/6/2001,BE22,56683.77,34034,2,1396.32,446498.31,27640.08,27171.6,10034.75,35122.85,569593.76,1,2,4,5
IND32670,28437,27-12-2021,BE28,94891.75,9503.46,1,2234.26,104472.16,303439.38,185598.85,73031.67,2525.15,327734.18,3,1,1,6
IND59876,16258,14-04-2006,BE14,69438.85,18824.4,1,2304.89,399840.07,784168.27,510090.04,228626.92,25895.87,1079543.35,3,1,2,7
IND34342,18096,6/7/2014,BE01,109422.09,10715.76,1,2366.55,638101.46,372282.66,376714.6,45205.75,23756.78,150024.34,0,2,3,8
IND90271,16390,6/12/2000,BE16,352712.99,34144.88,2,555.53,458236.2,204597.05,168491.69,272234.43,12230.17,670824.15,1,4,4,9
IND66490,7370,30-08-2006,BE31,291163.37,42939.6,2,1157.38,961957.92,544795.89,483506.35,189588.97,10372.56,1012035.55,2,2,1,10
IND72025,41607,23-08-2017,BE44,282011.73,18801.57,2,4944.12,1556756.06,966718.77,474879.39,376850.72,39550.01,2539696.31,3,4,1,11
IND28746,23081,20-02-2020,BE34,374809.55,53427.36,3,4308.07,1518272.32,257214.8,58538.54,76064.63,21729.12,1014847.34,0,3,1,12
IND36364,29401,16-06-2000,BE17,31650.84,8774.4,1,737.12,124665.38,133076.74,85855.96,90148.76,6191.75,124858.45,3,1,2,13
IND24886,25399,19-05-2008,BE43,271122.56,69209.96,2,1729.81,104967.55,227109.69,365156.76,48093.82,17241.39,362798.64,1,4,2,14
IND41593,659,31-05-2018,BE22,317955.53,32140.2,2,2672.92,440499.86,1871808.49,1408313.06,280771.27,75910.21,1307611.41,2,5,3,15
IND82914,30607,14-03-2008,BE29,255392.76,27418.32,1,5188.12,1902369.51,1913918.68,659097.82,675321.77,26423.31,1298226.61,2,2,3,16
IND94566,16658,30-12-2021,BE33,61123.16,4357.5,1,8451.38,1075924.46,1120243.78,384561.3,546244.24,46823.08,2298221,3,2,3,17
IND84566,1591,2/10/2012,BE19,162603.46,6889.92,1,3443.03,1290650.75,532420.82,277150.56,98023.78,65730.84,1572237.09,0,2,3,18
IND56102,8819,29-10-2019,BE13,121716.35,28527.36,1,3146.36,1418063.04,712489.37,419408.64,74735.59,90316.25,1952481.88,1,2,3,19
IND92786,33288,14-11-2013,BE11,53434.55,22422.05,1,1722.55,87086.66,501310.56,181028.81,336945.68,11446.97,380863.73,1,1,3,20
IND14072,24721,27-09-2000,BE43,33840.75,9465.3,3,2080.45,95921.09,383742.53,156798.02,130472.46,1098.74,61551.16,3,1,3,21
IND63281,26669,2/10/2006,BE25,21255.94,17049,1,629.92,480426.48,659002.47,341185.67,118620.44,17969.04,572149.8,1,1,4,22
IND55583,13475,31-12-2011,BE32,136956.2,35334.9,1,5363.29,100278.58,1206148.13,682165.75,266637.83,14390.17,1264941.46,0,2,4,1
IND46965,7343,7/1/2019,BE29,234074.52,30608.43,2,2457.27,573683.63,189799.42,111348.99,111956.35,4409.66,585351.81,2,2,1,2
IND53170,19213,19-06-1996,BE06,138457.24,21218.82,1,6462.12,490574.48,1579332.67,844993.27,136808.43,17796.55,1570392.09,0,1,2,3
IND88033,469,27-03-2008,BE12,123519.08,6975.78,1,1892.53,544315.48,30171.76,24276.13,11964.66,7325.19,702088.4,1,1,3,4
IND14313,14239,24-09-2019,BE48,160941.08,15836.61,3,2376.69,283464.14,1599208.31,611079.6,351435.78,923.5,1062681,0,4,4,8
IND93676,32550,14-02-2014,BE10,210134.4,28648.34,2,2602.52,1778674.46,1638779.87,316050.4,1025407.98,18196.95,2874058.18,3,3,1,9
IND78744,2052,9/10/2013,BE03,64228.64,2838.43,3,3176.35,293183.78,889337.23,251978.88,523374.96,8040.26,1182322.74,1,1,1,10
IND60784,17528,16-08-2020,BE12,93000.44,8673.72,1,95.97,426347.63,226948.56,158266.76,127718.29,20923.74,741663.42,0,2,1,11
IND56967,33804,19-06-2008,BE02,185163.75,29579,2,706.08,637045.44,634924.34,469579.46,168784.05,40123.68,914883.84,2,2,2,12
IND17406,32694,17-05-2000,BE46,336518.03,37779.54,2,3640.58,923516.36,439061.3,275016.42,112033.01,49597.8,192169.89,0,5,2,13
IND86889,9423,15-10-2021,BE11,46002.31,30977.96,1,2041.41,134519.59,315419.82,188773.99,57205.69,47499.5,273301.67,1,1,3,14
IND20569,26218,29-05-2002,BE39,87389.09,7934.49,2,389.08,208225.11,91350.74,45675.37,9460.43,15216.12,631599.07,1,1,3,15
IND71904,12910,10/2/2003,BE37,75934.17,23153.4,1,1872.23,78656.82,638053.51,188607.01,214811.35,39756.52,1100503.87,1,1,3,1
IND49223,3946,11/8/1996,BE04,32726.27,3991.56,1,1796.2,521733.26,466271.69,172693.22,209822.26,4362.25,660555.71,2,1,3,2
IND45778,33840,24-05-2019,BE44,182033.61,9258.87,1,4892.85,380136.24,1708745.43,547674.82,427186.36,85632.18,1447271.01,2,2,3,3
IND90203,19174,28-10-2014,BE11,448729.19,41536.16,1,845.48,1484029,1221003.76,586081.8,742858.69,43433.2,1266370.8,2,5,3,4
IND45957,19737,30-04-2002,BE29,222609.6,9070.2,3,2346.92,1368748.75,868648.42,267778.84,304418.82,6383.2,1481724.01,1,2,3,5
IND37324,37221,23-09-2005,BE15,180948.98,23193.42,2,4495.85,721455.27,590851.32,259212.19,86607.37,30512.23,1101236.14,3,2,4,6
IND22736,438,8/4/2007,BE23,54454.9,30420.6,2,1502.34,681860.68,0,0,0,11669.45,1308107.72,2,1,4,7
IND95042,17702,15-01-2019,BE33,72376.33,20810.4,1,8141.1,1696224.93,1317356.97,589861.33,475821.47,55491.72,1272788.64,2,2,1,8
IND71261,36448,29-12-2014,BE11,196588.09,54963.12,1,2643.56,1362063.16,468512.75,266409.21,194846.19,38722.59,1001891.46,0,4,2,9
IND38724,4422,12/12/1995,BE01,108386.95,27190.65,1,2039.12,428417.41,239846.5,210774.2,109893.31,4019.68,837359.82,3,2,3,10
IND70825,14307,13-06-2013,BE23,280881.18,15212.7,2,5518.09,1438991.69,802754.77,523143.56,378828.1,27907.64,224260.78,1,4,4,11
IND78133,23667,26-02-1996,BE38,35709.93,6608.58,1,1905.13,66945.46,1146047.71,416081.02,332718.82,43642.42,592806.25,3,1,1,12
IND24135,16784,11/3/2002,BE07,72648.85,14258.76,2,2958.04,241493.51,291092.44,178023.47,37529.27,32627.32,389464.45,1,1,1,13
IND58253,36192,29-11-1996,BE08,310547.55,38248.9,1,5264.39,260831.06,1177321.89,765830.75,335708.19,46410.77,810658.9,1,3,1,14
IND49839,11508,17-01-2019,BE33,52673.13,3385.6,1,1577.99,178705.24,226244.06,214740.12,138353.99,28482.75,628802.18,3,2,2,15
IND50159,25595,18-05-2007,BE29,250467.77,12166.56,1,736.36,1604558.25,1157818.61,482424.42,263725.35,43965.1,2273472.29,2,2,2,16
IND52909,41251,28-12-2015,BE20,235589.53,21968.1,2,695.63,665289.15,110588.52,55294.26,127074.4,25602.89,503879.33,1,3,3,17
IND71789,12990,14-04-2011,BE31,470170.85,29661.78,1,1118.75,224436.21,540636.92,149537.87,429863.86,71860.9,2094135.55,1,4,3,18
IND81334,28096,16-02-2008,BE35,186417.26,19867.05,1,809.22,522443.33,480535.38,433816.67,254617.01,16023.87,74370.44,1,2,3,19
IND23592,15610,16-01-2013,BE07,148649.76,26852.4,2,348.94,74180.52,276215.85,369772.83,44684.6,3223.26,183735.02,2,1,3,20
IND38173,6075,3/2/2017,BE34,235310.46,22356.4,2,1137.87,774951.02,343870.9,200342.17,71046.72,42810.76,1566911.23,1,2,3,21
IND71352,21158,28-02-2015,BE02,70030.36,39675.52,1,7292.77,1671393.27,1255303.36,198623.95,601830.56,77942.28,1376458.59,1,2,3,22
IND63534,2927,7/2/2009,BE13,160020.22,47992.1,1,2942.94,578908.88,322644.27,184368.15,368275.39,25056.67,585362.96,0,2,3,1
IND68727,17222,16-06-2006,BE40,157480.8,12710,2,835.63,63672.38,157256.39,162679.03,106283.63,6612.03,563530.59,2,1,4,2
IND36875,16920,22-12-1999,BE04,67543.93,23202.45,2,2374.47,879483.27,782700.66,208165.07,443391.59,38825.65,889322.96,2,2,4,3
IND44607,39160,3/9/2021,BE28,352563.23,71463.06,2,2121.56,1979607.3,1976402.58,1138407.89,340889.92,90368.1,516537.11,1,5,1,4
IND82641,24998,16-04-2004,BE07,188125.55,28244.7,2,5051.34,1149690.83,563490.92,114331.49,323394.79,71452.01,2849736.09,2,3,2,8
IND41747,37210,24-07-2020,BE44,262109.95,42685.02,1,3688.64,631689.33,1067459.04,417279.44,414853.4,47110.27,270774.34,1,2,3,9
IND48658,12790,1/7/2015,BE30,132381.82,32938.43,1,1467.09,367561.8,92758.87,82613.37,50481.12,15132.42,367462.45,3,2,4,10
IND63683,25006,30-09-2004,BE42,101067.84,35087.4,2,607.7,1401736.52,192492.01,101534.25,103395.71,17622.42,908101.47,3,4,1,11
IND58912,27827,11/8/2017,BE11,85064.68,37142.98,1,52.51,794809.06,576677.74,478519.83,121470.42,40986.95,1054676.35,2,2,1,12
IND34297,28352,15-02-2008,BE24,250558.76,32556.72,3,5972.8,1942324.68,1559826.73,369958.9,428352.42,97581.56,2373523.59,1,3,1,13
IND66416,7949,28-01-2009,BE45,106907.96,8246.92,1,2552.68,630246.31,460917.09,124921.46,293608.5,22214.7,349680.11,0,2,2,14
IND46043,14509,15-09-2018,BE42,98497.36,40174.09,1,3880.17,385879.53,142521.83,54530.09,54827.53,2607.49,1357747.7,3,3,2,15
IND26793,15113,28-06-2020,BE08,428020.8,64848.72,1,11128.31,447741.77,1735991.73,811794.7,271014.54,11001.57,3072791.32,2,5,3,1
IND57827,36477,29-01-2004,BE01,77370.4,15353.04,1,1226.52,250432.85,1572704.65,492937.28,605843.39,58450.88,501286.86,1,2,3,2
IND61268,41100,16-08-2019,BE32,56227.8,4078.08,1,4011.98,85758.91,169677.16,137862.69,68295.06,36289.73,976275.07,2,2,3,3
IND61936,13537,3/1/2018,BE09,180555.77,75076.6,1,5094.43,496902.6,260544.95,187409.52,248111.92,11057.97,303895.22,2,5,3,4
IND87086,37015,27-11-2011,BE31,35261.85,13344.3,1,2166.05,430803.36,24846.15,21222.75,5310.86,20710.08,427273.34,3,1,3,5
IND99616,11399,10/9/2018,BE10,71863.74,26361.51,2,2026.06,379734.4,215398.62,174547.16,246037.22,12585.23,343729.38,0,2,3,6
IND76839,5294,11/9/2010,BE14,78666.97,8234.64,3,1831.24,238802.26,224109.86,301262.44,69437.32,10861.42,69134.03,3,1,3,7
IND51542,31219,14-07-2009,BE38,49999.28,3392.04,1,4131.72,493103.44,763141.84,244205.39,430717.25,10856.46,1019528.82,1,2,4,8
IND31177,3799,9/12/2021,BE29,298316.16,44760.6,2,1226.22,569030.86,1866884.49,790359.86,377737.5,8290.57,2147674.54,3,3,4,9
IND25757,19023,7/4/2020,BE20,169791.17,30070.92,1,1257.93,614394.75,638236.76,208980.18,217056.98,29658.23,262177.68,1,2,1,10
IND83050,9116,16-06-2016,BE47,82765,9832.5,1,2122.23,322434.84,12788.44,14993.34,7831.82,15997.73,127897.24,1,1,2,11
IND88698,37255,29-04-2010,BE02,56874.2,8228.29,1,143.77,185781.51,152556.66,67446.1,108042.23,36945.2,248758.99,2,2,3,12
IND36562,30765,1/11/2002,BE41,273434.54,41010.03,1,2972.33,755360.14,423245.41,302318.15,52905.68,28705.05,1689849.77,3,2,4,13
IND30719,30593,11/4/2019,BE17,253476.23,15105.86,1,4735.13,140675.54,917838.78,604047.75,117279.4,16062.15,1637315.48,0,3,1,14
IND26679,11433,26-02-2019,BE08,130886.17,25539.84,1,2922.95,765990.53,165213.86,172397.07,41566.85,36915.11,156082.64,1,2,1,15
IND54314,16803,9/11/2013,BE44,183339.36,20248.8,3,1280.64,789768.48,1313496.67,314097.03,548432.45,10358.83,1684224.86,1,3,1,16
IND72436,13355,15-11-2006,BE27,133700.24,48330.15,2,9127.06,1662808.9,861107.97,348543.7,341572.83,24721.89,2730628.03,2,4,2,17
IND59337,26375,5/6/2021,BE37,36214.42,33925.15,1,1665.33,387574.32,1167758.98,490655.03,441589.53,19148.42,1106627.59,2,2,2,18
IND78689,30789,29-09-2012,BE43,324327.15,22598.1,2,1379.93,458184.96,291710.7,131740.32,362474.08,32817.65,1111227.43,3,4,3,19
IND31280,36211,18-10-2017,BE45,230734.07,33099.84,2,52.75,687617.29,104154.64,102747.14,25081.56,18674.11,406364.03,0,2,3,20
IND26777,37137,4/2/2005,BE39,263582.2,59045.16,1,5868.59,1599755.13,948718.04,246666.69,239203.44,59724.63,1885029.44,0,4,3,21
IND37741,23441,17-10-2006,BE13,57039.78,50417.61,1,8330.8,391088.54,1529895.32,798206.25,220393.62,56514.97,1285695.67,2,2,3,22
IND28884,18680,13-09-2006,BE11,36633.62,29429.39,2,2438.94,118870,753986.85,547010.07,123003.34,1817.92,717175.78,1,1,3,1
IND21608,16007,5/12/2003,BE35,69789.31,30138.74,3,6081.29,832543.24,1031441.22,279962.62,260365.23,40998.33,596375.56,3,2,3,2
IND30193,17968,10/11/2012,BE29,64385.59,5201.28,1,260.64,175520.16,449340.57,164758.21,217430.91,22500.29,628846.85,2,1,3,3
IND38702,27552,5/11/2009,BE08,263680.77,43179.32,1,9128.93,1539487.49,1424891.08,745916.14,151478.35,21860.8,2131862.97,3,2,4,4
IND14237,3899,27-04-2007,BE49,108075.28,7107.9,3,8089.05,749152.78,1848506.27,545072.36,326332.45,52023.54,405160.42,2,2,4,8
IND35253,35160,29-11-2006,BE34,113729.44,32788.36,1,4.25,442508.77,391283.91,236829.74,191832.09,2429.76,229924.39,3,1,3,9
IND14559,3550,24-03-1996,BE14,217808.57,34263.18,1,468.72,303130.6,1763179.74,1038000.98,195798.27,36567.19,867553.85,2,2,1,10
IND31565,39263,18-08-2007,BE38,240104.65,39235.47,1,5713.88,311027.17,956524.89,255704.67,456290.78,51756.67,1100443.43,3,2,2,11
IND44723,30867,6/3/2013,BE34,62217.75,21449.89,2,3757.78,714905.91,135583.48,179072.53,59093.93,19576.56,876968.13,0,3,3,12
IND25889,39017,21-07-2020,BE36,230504.6,47430.84,1,10775.17,1579998.39,501098.17,219836.62,63106.04,228.53,2479024.43,3,3,4,13
IND80593,8763,30-06-2000,BE12,247365.57,10094.13,2,2248.79,48433.56,283112.89,188741.93,365739.91,5794.64,282126.71,1,2,1,14
IND91319,27489,7/6/2009,BE14,116319.11,15838.9,1,2026.15,197453.59,150388.35,133201.11,96334.48,11288.13,408511.29,1,1,1,15
IND75746,22069,11/2/2020,BE03,356267.87,51367.68,1,855.24,230852.51,1112280.66,217242.32,677796.03,16327.07,2180346.16,0,2,1,1
IND23455,35139,18-07-2021,BE01,231926.06,57530.55,2,659.1,681394.85,1689560.43,465626.89,510194.03,77444.79,1624273.32,2,3,2,2
IND12762,35314,10/4/2012,BE10,126724.19,10407.11,1,3303.22,89262.61,1463854.89,491676.45,312885.01,19804.54,182903.63,3,2,2,3
IND17356,660,21-04-2009,BE26,361526.49,6716.5,1,10141.62,615293.55,1205689.5,901450.09,121695.76,47432.94,1060755.36,2,5,3,4
IND14968,41662,8/1/2009,BE06,133280.53,54309.75,2,2765.44,897532.02,200786.44,74672.64,47458.61,25993.27,1580825.9,3,4,3,5
IND26205,39773,2/10/2020,BE10,86378.66,14626.08,1,2332.03,186543.72,410491.12,391173.89,55971.67,17070.82,0,2,1,3,6
IND40402,15494,12/9/2019,BE04,23800.3,8675.45,1,335.97,912209.21,1274097.83,323010.72,424938.54,18524.68,587768.1,1,1,3,7
IND23534,1979,24-09-1996,BE36,231344.33,8031.52,2,5676.93,360387.21,1260515.58,416611.08,384457.25,44042.31,1864716.59,3,2,3,8
IND13368,6118,25-02-2021,BE13,472444.7,21172.21,2,4135.94,1674541.5,600552.84,406256.33,91260.48,45600.61,1205068.19,1,4,3,9
IND89530,35153,15-08-2020,BE16,50144.97,11484.92,3,3950.37,321223.4,811897.16,433838.17,215679.55,33918.94,579440.67,2,1,3,10
IND46536,26992,20-06-2021,BE23,136851.87,12204.72,1,3257.55,484702.88,52569.96,71529.62,11574.01,31612.3,232154.97,2,2,4,11
IND50842,28782,22-06-2001,BE10,62316.25,10156.25,1,302.82,273325.68,257313.49,136533.69,104605.81,21266.98,353381.14,3,1,4,12
IND78530,12884,6/8/2011,BE45,139421.52,4874.8,2,3468.24,27234.36,147745.3,121479.47,45669.71,11243.16,769523.04,2,1,3,13
IND86823,24396,9/10/2008,BE29,195651.75,38778.5,1,3559.71,677557.65,248235.08,193429.93,147006.75,31873.77,492181.31,1,2,1,14
IND22908,41486,30-01-2008,BE32,120709.62,33245.03,2,1114.07,355659.35,530450.18,335727.96,198079.5,20868.95,761481.44,2,2,2,15
IND63930,6105,4/8/2008,BE37,56697.15,20916,1,937.57,378481.36,39461.18,30492.73,27539.12,10031.71,484459.75,0,1,3,16
IND59614,29340,21-11-2016,BE28,76337.03,44903.76,1,6522.65,646545.16,2507453,1398715.28,276331.55,9770.88,1910017.22,1,2,4,17
IND16937,10489,12/10/2001,BE46,56707.57,15646.37,1,2238.34,444894.8,1290644.58,306528.09,265066.13,30041.22,384301.97,3,1,1,18
IND22152,31037,17-03-2009,BE22,96390.06,7677.3,1,2308.5,264541.85,97403.12,70745.43,18434.82,26040.74,311371.91,1,1,1,19
IND19673,31321,7/12/2016,BE28,191265.88,11937.39,1,4443.81,637807.27,2092998.26,480614.41,599062.61,3275.19,835505.64,3,2,1,20
IND91458,26296,10/3/2018,BE08,74221.73,22967,1,2226.8,207679.1,191303.26,198805.35,208032.92,8075.93,512655.02,0,2,2,21
IND71139,29500,28-09-2007,BE02,170020.82,19180.23,1,273.47,707857.72,137449.45,48870.92,52943.49,45429.57,1630468.31,3,2,2,22
IND44382,41951,3/12/1995,BE46,312246,37318.38,1,8366.73,973588.88,785365.13,257791.61,263127.3,43271.5,538553.29,3,2,3,1
IND32518,22437,3/3/1995,BE31,160046.47,27812.61,1,2686.07,330529.29,153125.32,142379.68,84595.02,8479.07,613079.58,1,2,3,2
IND98549,35594,14-11-2001,BE02,142526.6,44209.95,2,7062.99,644588.13,408574.69,169938.14,237624.14,10592.59,1922516.9,1,2,3,3
IND22303,21140,21-09-2007,BE01,21844.06,19833,2,315.75,190073.9,105557.73,163315.73,20792.88,8771.9,118763.33,2,1,3,4
IND33084,19265,26-01-2013,BE37,124277.75,60250.52,1,3293.77,685460.66,902647.64,250238.95,431125.96,72793.04,1184928.77,0,3,3,8
IND36967,27780,10/8/2008,BE30,265947.34,22048.3,1,4332.91,1506289.03,1995533.94,466697.45,811248.92,15800.15,1260879.67,3,3,3,9
IND20489,1701,9/9/2019,BE03,136288.32,28865.9,1,6034.64,1335258.92,0,0,0,46786.57,1195738.87,2,2,3,10
IND35221,13769,3/5/2005,BE35,338807.39,57559.36,1,2247.65,564042.57,429505.99,355684.65,217638.74,3969.02,999527.19,3,3,4,11
IND67799,32410,7/7/2010,BE34,117951.14,19894.63,1,1485.34,364573.41,195130.64,276730.72,76491.21,5260.22,500503.31,2,2,4,12
IND84095,26092,30-07-2021,BE31,280918.66,73718.1,1,8259.68,103359.62,603246.72,377029.2,227377.61,59522.06,1102516.12,3,5,3,13
IND59330,34474,27-05-2006,BE48,92897.87,27024.8,1,4987.7,1674934.27,1655020.06,698211.59,535295.55,15749.32,1593741.11,2,4,1,14
IND99522,16643,10/11/1999,BE28,234829.64,22215.87,1,10487.3,1361218.72,3179840.77,1829497.43,435594.63,81671.54,2189295.35,2,3,2,15
IND53925,34641,27-10-2005,BE25,118938.78,65018.24,1,5124.47,269071.37,2206729.57,729644.45,892479.74,34529.73,834600.15,2,5,3,1
IND47766,41052,23-11-1999,BE42,271347.46,51908.65,1,119.68,864791.22,1181619.79,1114482.3,182613.97,34690,1763740.62,2,4,4,2
IND74222,22219,29-03-2014,BE37,91058.39,16547.48,1,2139.14,243425.48,235281.48,151694.64,162622.84,9148.03,438798.1,3,1,1,3
IND96627,9753,17-06-2019,BE11,74571.45,25321.62,2,3310.94,528831.55,548418.29,591152.19,148927.62,7480.96,976843.13,2,2,1,4
IND46573,23642,31-10-2007,BE18,41255.76,15167.46,3,7008.33,832450.55,149252.54,46389.3,43021.04,14749.84,1771860.13,3,2,1,5
IND52334,6420,29-07-2021,BE37,271200.04,17507.61,2,5173.44,895088.35,1756146.09,993130.89,183123.65,29229.19,1600338.23,2,2,2,6
IND47388,36251,17-11-2016,BE35,350850.26,12283.04,1,8206.29,123596.53,228896.08,58923.74,134164.83,30900.91,1006128.71,0,4,2,7
IND63480,31240,28-04-2005,BE24,251072.08,3631.32,1,5244.78,641151.14,817895.52,487591.56,280915.65,32017.81,924897.23,3,2,3,8
IND71563,39493,19-09-2001,BE36,161123.83,11458.16,2,3151.38,554732.61,1028685.15,244094.78,633949.02,22002.02,1760849.71,1,3,3,9
IND47672,32361,28-04-2016,BE05,102807.13,19985.18,1,1293.61,218935.78,1015453.76,288879.09,469209.67,35229.59,848191.91,1,3,3,10
IND47218,9008,31-07-2019,BE37,140159.11,28243.6,1,2727.51,2000230.99,2845491.67,1548282.23,435192.84,74000.54,2796260.97,0,4,3,11
IND40866,15439,23-07-2010,BE41,35474.95,2043,1,273.23,39071.78,365564.09,221143.71,170325.79,7597.93,321006.11,0,1,3,12
IND55731,43369,10/7/1995,BE22,227879.19,10781.1,1,4092.9,540899.83,691789.79,472044.8,297388.22,10971.48,479931.78,0,2,3,13
IND18241,32053,22-03-2013,BE45,146037.5,10045.6,1,1429.18,944382.15,757522.01,336676.45,231388.54,38966.36,848752.01,1,2,3,14
IND38340,30188,20-10-2021,BE08,28714.65,19220.88,1,339.38,488326.71,149576.51,78218.91,42485.22,9553.98,422154.17,1,1,4,15
IND31054,32086,20-04-1995,BE09,197781.43,26229.72,1,851.52,542724.02,117251.75,99527.65,24295.65,46165.52,1221165.57,2,2,4,16
IND41463,23932,17-11-2018,BE21,51160.98,4492.2,2,2505.83,307889.82,51067.14,41340.06,5471.48,17087.18,500610.92,1,1,1,17
IND39119,9692,25-03-2017,BE26,173636.42,19622.52,1,2108.71,37396.39,54702.29,30390.16,27114.77,13048.52,489980.29,1,2,2,18
IND63354,3173,16-05-2011,BE31,159742.78,12922.71,1,4174.45,585321.1,358650.44,313187.71,180436.53,5116.62,1213320.81,2,2,3,19
IND64751,15939,20-08-2018,BE34,274290.8,27663.35,3,38.53,312146.99,351795.14,259217.47,340068.64,3524.94,826948.59,3,2,4,20
IND73281,27826,28-03-2019,BE48,148785.03,24981.45,1,2905.29,553970.94,865205.86,523147.73,492563.71,39035.63,764525.29,1,2,1,21
IND91520,12377,18-03-2003,BE18,90295.86,20364.48,1,3516.6,655556.87,230628.4,74188.16,102766.73,5003.86,583640.73,3,1,1,22
IND96624,6225,2/2/2017,BE37,108925.08,30067.87,1,1497.54,145447.37,1170583.66,694414.04,366055.4,18090.14,792459.53,0,2,1,1
IND27565,27673,11/1/2008,BE32,124182.24,20227.6,2,4343.78,728461.22,132191.31,66592.62,20663.59,31010.28,496011.8,1,1,2,2
IND18836,27536,2/12/2010,BE12,357699.43,56809.35,1,257.3,248997.44,1588226.82,384248.42,493118.81,84032.12,1939102.34,0,3,2,3
IND75100,6101,1/10/2018,BE06,157387.45,24678.54,1,4662.92,945129.92,461900.11,98074.68,227027.07,48721.22,495468.2,0,2,3,4
IND94833,13967,19-07-2005,BE46,74911.12,24005.02,2,4068.75,484151.56,657037.31,352953.92,229963.06,12241.62,1013540.67,3,1,3,8
IND33044,5178,1/12/2020,BE41,114076.48,23942.8,2,3128.14,150301.08,192758.59,97162.87,39899.46,14746.22,760470.13,3,1,3,9
IND23940,16932,27-04-2012,BE20,483167.34,21681.09,1,5729.93,435649.85,876651.01,730542.51,232087.73,2961.81,1193750.16,1,5,3,10
IND17023,22801,13-03-2017,BE27,331067.71,25598.08,2,7477.18,1227817.31,696479.15,453049.55,118266.22,43090.98,169513.28,3,3,3,11
IND69409,20038,2/2/2009,BE30,405968.31,7797.3,1,7672.83,2080691.23,1056916.37,262502.11,424009.98,105935.3,890955.74,0,3,3,12
IND30509,2775,19-06-2020,BE22,38161.97,5367.59,2,1877.38,807581.64,859187.79,269406.34,298167.29,17677.5,510650.42,0,1,3,13
IND27469,30929,23-04-2017,BE41,370515.16,29312.54,1,2425.63,334240.4,33627.17,19440.71,20523.08,7215.48,165055.9,0,3,4,14
IND40533,14663,25-02-2020,BE12,56531.44,4754.4,3,286.52,144163.64,1364674.72,423519.74,383050.08,13131.78,1480738.26,2,1,4,15
IND93358,40481,16-04-2003,BE10,138288.55,22771.51,1,984.3,148978.36,28887.89,39052.15,17332.73,8766.71,591285.23,0,2,1,1
IND46908,7570,2/11/2021,BE24,244042.61,43812.09,1,3683.15,836010.44,2323735.38,690385.15,784850.04,4035.26,201503.57,1,3,2,2
IND85219,2492,11/10/2000,BE30,111558.65,24260.07,2,1573.43,444592.5,669180.33,624067.05,144437.69,31590.51,1366854.28,1,3,3,3
IND93026,22857,25-02-2018,BE48,211664.11,11081.48,1,3550.67,123814.21,404394.21,391349.24,310470.4,7217.25,974467.57,1,3,4,4
IND67593,41236,30-07-2011,BE35,172376.68,37392.82,1,234.52,647839.11,1459002.11,808062.71,304819.21,43742.24,1468858.46,0,3,1,5
IND13283,26872,13-12-2015,BE44,216833.85,14481.19,3,1004.94,530725.89,782142.52,301771.52,157044.36,56334.43,504176.13,1,2,1,6
IND15990,20833,8/1/2013,BE46,290141.17,32854.14,1,1689.6,396701.18,1936626.28,738338.77,245467.38,33270.34,727784.64,1,2,1,7
IND45804,10157,5/11/2016,BE36,55214.54,21708.82,1,2394.94,269257.42,260867.38,190741.74,70013.44,13420,216264.07,2,1,2,8
IND33862,6583,17-01-2020,BE05,233085.88,27987.19,1,5277.03,1375393.47,1057007.94,471878.55,320877.41,41169.25,2056978.37,0,3,2,9
IND50358,12972,25-05-2006,BE19,255803.63,55883.25,2,1137.05,1097680.61,1152844.47,729350.58,366557.49,23633.93,691805.52,3,3,3,10
IND31525,36622,20-08-2007,BE40,252152.64,11210.4,3,336,488910.24,507901.82,431716.55,134086.08,9192.96,1001077.44,3,2,3,11
IND78049,7992,4/5/2005,BE30,43063.1,1482.03,2,1445.62,161403.68,168183.13,87059.5,117451.18,9519.43,169312.02,2,1,3,12
IND72258,18425,31-01-2013,BE26,250193.09,72352,2,2762.56,1603655.33,2059977.75,1310894.93,252191.22,53113.17,2592637.48,3,5,3,13
IND76365,15618,18-03-1999,BE26,269309.5,24395,1,500.69,883088.05,610078.86,221846.86,598986.52,44320.12,721317.91,0,4,3,14
IND76509,11754,18-03-2004,BE10,418553.28,23188,3,1400,136859.52,374674.98,347912.48,337207.48,30455.94,1078029.57,1,3,3,15
IND33221,14120,16-05-2015,BE43,184005.91,38858.04,2,787.25,744839.22,964879.4,343431.65,317756.05,13624.99,1399986.08,3,2,3,16
IND45691,42829,8/11/2017,BE49,53646.28,23169.51,1,1274.49,541134.32,48977.7,58341.09,10674.26,11687.18,705451.42,2,2,4,17
IND48905,41736,19-06-1996,BE13,291120.64,23503.92,2,1917.95,234804.66,448853.2,495487.3,70825.54,35766.1,1080066.79,1,2,4,18
IND64966,36583,2/12/2011,BE28,335306.3,42497,1,476.88,834959.29,895456.59,443620.7,359004.16,16345.75,974238.08,1,2,1,19
IND21667,31254,29-08-2000,BE32,384161.97,55375.32,1,715.68,652417.08,157233.09,232704.97,46603.89,6863.22,531618.36,2,4,2,20
IND65854,30995,31-03-2016,BE27,73202.02,23433.76,2,3548.51,870770.26,355418.82,171028.6,92355.45,19705.45,605994.98,0,2,3,21
IND53772,12743,9/9/2008,BE40,249497.48,59905.01,1,6824.52,991335.4,195027.48,66309.34,109410.42,30405.96,329428.16,3,4,4,22
IND51069,24297,16-07-2014,BE11,152813.06,11142.75,1,4128.7,152412.5,542700.3,304804.28,364055.25,25102.33,717216.24,0,3,1,1
IND83107,29792,29-05-2018,BE17,155016.47,58870.01,1,5151.08,1133879.46,234545.72,220748.91,61257.82,19782.39,1103015.97,1,3,1,2
IND19058,31073,10/5/2002,BE14,180510.67,26862.21,1,2830.87,73509.16,98532.89,65102.09,60967.23,11551.09,160281.58,3,2,1,3
IND65820,36282,23-10-2019,BE11,209173.89,41508.92,1,4262.54,557126.68,185439.75,111903.3,199507.59,30238.88,180722.27,2,3,2,4
IND71996,23320,5/1/2017,BE37,258753.8,54229.88,2,3595.08,725874.43,180850.89,164703.49,159826.97,25770.76,636208.28,2,3,2,8
IND45882,8127,26-08-2007,BE08,96488.25,14451.86,1,190.43,691066.84,941649.2,154876.51,362411.04,27180.17,233634.14,1,1,3,9
IND75924,7222,13-10-1996,BE34,247170.24,52238.7,1,1579.5,710995.16,464391.25,421392.06,460521.33,30882.87,929161.04,2,4,3,10
IND81510,38258,23-03-2020,BE41,296377.2,34470.9,1,10356.43,519449.49,3863355.5,1173677.62,1385917.65,62491.21,3307776.77,1,4,3,11
IND12649,20112,5/11/2016,BE36,298198.79,49925.4,2,1969.78,721788.03,287081.2,315226.42,123838.95,8521.3,643405.39,3,3,3,12
IND20255,20431,7/10/2011,BE30,37980.75,15309,1,1648.22,195587.75,253960.01,213092.88,44136.5,21609.06,1008604.05,2,2,3,13
IND86039,16485,10/10/2007,BE28,163857.92,11498.34,2,1437.03,148813.22,117381.13,57886.58,116287.71,3149.7,725362.56,2,1,3,14
IND98413,12894,31-05-2007,BE22,83457.08,27288.8,2,688.56,1047895.63,672909.67,509582.08,178223.07,14554.83,987653.2,0,2,3,15
IND16961,13033,21-08-2009,BE45,369740.37,47076.14,1,2451.86,701426.46,413197.82,270949.39,35900.79,738.54,2096510.95,1,5,4,1
IND39027,41804,26-10-2021,BE49,165463.53,11687.04,1,2456.06,123209.01,185375.78,147721.33,103607.68,6984.81,301361.36,3,2,4,2
IND43922,6166,7/3/1999,BE25,104251.12,8250.1,1,2816.58,505320.12,372344.36,79433.46,129973,57875.82,1471805.88,1,2,1,3
IND29124,23404,10/1/2000,BE46,279904.84,15820.92,1,6591.05,1208206.85,729409.64,496619.33,178782.96,24833.97,1100336.74,1,3,2,4
IND46526,10315,26-06-2001,BE44,143436.72,15120.8,1,123.49,439803.33,15830.36,6052.78,13609.45,9383.73,317180.83,0,1,3,5
IND69834,17739,23-09-2010,BE12,185424.35,29845.8,3,1964.81,401800.48,132468.29,184108.46,40009.91,29367.59,458559.07,0,2,4,6
IND52128,12385,6/12/2001,BE46,78951.05,32630.07,1,3574.88,985390.73,244487.13,71033.42,79094.89,67565.77,2370468.68,3,4,1,7
IND74305,40037,22-10-2010,BE38,273949.8,15299.84,1,3148.01,57776.86,663967.56,353541.17,524016.99,4461.32,103683.15,2,2,1,8
IND73272,38864,8/11/2000,BE24,424534.08,18303.68,2,2325.82,1143094.9,1446402.95,1004446.49,341511.81,31219.43,583708.53,0,5,1,9
IND49313,11176,20-04-2006,BE20,249651.29,4340.7,1,2409.37,102479.58,1090941.38,707091.64,245461.81,64103.51,1717814.95,3,2,2,10
IND43853,22513,3/9/2013,BE32,53241.04,18142.88,1,1248.83,320085.06,66334.72,48775.53,37557.16,11056.15,348186,3,1,2,11
IND68149,5810,13-05-2014,BE36,28267.3,4179.33,1,984.41,685686.84,775590.38,320352.55,236836.08,21839.58,748494.16,3,1,3,12
IND31637,33809,24-04-2017,BE26,82095.15,18783.52,3,1325.31,580082.91,447626.91,151074.08,84937.21,37783.3,371829.87,3,1,3,13
IND26575,13435,17-01-2019,BE30,91094.4,63260.8,1,3129.72,380404.64,24209.92,29492.09,9006.09,24181.08,1081277.12,0,3,3,14
IND52133,21930,29-07-2014,BE42,94094.4,13896.6,3,646.35,160491.71,197645.51,90447.94,205417.33,13140.59,320104.11,1,2,3,15
IND70060,43190,1/6/2010,BE41,262723.68,52633.68,3,8438.55,682130.4,410349.82,161828.1,125879.14,83921.89,1003712.46,1,4,3,16
IND54963,42471,27-05-2012,BE09,33978.99,2841.75,1,337.89,624624.33,345042.5,112458.3,123090.72,1116.83,59761.96,2,1,3,17
IND66192,26213,16-11-2008,BE38,80367.55,58648.81,1,2118.95,844227.09,476645.88,175318.02,357648.77,41563.09,213113.86,0,3,3,18
IND63630,8255,11/4/2017,BE15,88949.59,32072.41,1,2317.42,430668.44,585929.25,184010.84,282214.52,13363.91,1320578.63,1,1,4,19
IND16203,21075,24-07-2010,BE33,45377.59,18205.76,1,262.64,346595.02,181819.97,203210.56,34011.03,9638.81,464152.12,3,1,4,20
IND34130,5484,13-01-2020,BE26,146653.89,28897.48,2,3903.15,1242776.34,355410.54,58117.45,112479.61,19452.97,1553903.49,2,2,1,21
IND85584,24313,9/4/2015,BE19,108466,18478.56,3,4012.42,368031.84,442832.36,205968.54,349116.68,23605.97,238047.72,2,2,2,22
IND69189,16423,21-05-2014,BE21,111485.05,45239.43,1,2997.39,77814.06,66858.13,51872.69,62765.95,18558.93,338631.18,3,2,3,1
IND92553,12,16-07-2004,BE18,345212.92,19638.61,1,11693.58,1787302.32,2695701.4,646968.34,1368697.46,37933.04,2459833.67,1,3,4,2
IND72590,25822,15-05-2008,BE13,148807.93,22553.08,3,6165.11,267423.41,210336.23,46101.09,99924.11,46611.26,1599475.79,0,2,1,3
IND64087,15953,15-08-2017,BE21,156243.6,27127.75,1,7995.78,1517154.5,1246515.55,820356.39,230339.03,7300.62,1198755.38,3,4,1,4
IND48810,24487,2/10/2014,BE09,104864.61,20844.88,1,599.05,574790.58,392429.76,109008.27,163979.58,18180.14,624287.36,1,1,1,8
IND80350,37710,28-04-2015,BE47,82714.71,7845.3,1,3829.7,160324.63,581438.61,103696.06,287978.76,16438.84,663062.97,1,1,2,9
IND88721,41494,14-11-2001,BE49,215132.18,53135.67,1,2355.22,1167192.46,221946.1,183981.64,125341.14,59040.25,112663.21,1,4,2,10
IND98982,27184,3/10/2019,BE22,96507.57,40549.12,1,1005.66,534302.56,343279.52,199726.26,530522.89,4118.4,123400.64,0,2,3,11
IND65931,377,18-08-2004,BE25,73244.43,24085.8,1,212,572480.11,1337340.9,327692.8,535644.88,7864.53,220103.64,3,2,3,12
IND35242,5395,14-01-2021,BE24,174094.66,23217.14,1,4948.11,1014281.04,2263283.54,1171209.66,283939.21,61321.69,1027001.98,2,2,3,13
IND52234,29515,9/3/2018,BE08,25752.16,19591.2,1,1050,160025.32,73467.27,32535.5,60830.9,21019.6,534722.44,0,1,3,14
IND46113,10403,3/8/2012,BE45,391452.51,38522.84,1,7426.32,1768136.2,1972356.39,1116139.66,326126.84,94730.56,2198522.39,3,4,3,15
IND33767,2872,16-08-2021,BE45,84116.11,14898.87,3,2470.82,75179.01,721069.21,215157.75,249117.78,27835.61,739920.72,3,1,3,1
IND26283,22191,25-01-2013,BE40,65659.83,40530.56,1,875.84,600506.37,1526188.75,1013184.13,164289.73,34518,1402846.64,0,2,3,2
IND67517,3874,17-03-2019,BE07,74280.15,28989.03,1,2928.39,50051.62,123393.78,161361.1,73656.6,23082.64,275544.03,0,2,4,3
IND56906,23933,29-08-2005,BE34,43305.87,17371.53,1,2620.13,263693.78,573777.99,222932.85,125427.14,22260.26,270197.25,0,1,4,4
IND28225,33191,3/7/2009,BE22,264000.64,28646.4,2,3460.61,1428395.53,0,0,0,37996.19,0,2,2,1,5
IND71712,32933,26-12-2010,BE43,83258.97,17045.34,1,228.82,524549.75,149999.47,96710.18,101664.11,16219.01,74362.91,1,1,2,6
IND41594,24345,14-08-2013,BE41,175867.55,22703.14,1,3466.69,305921.92,505169.75,354590.3,98362.38,22269.67,106907.18,2,1,3,7
IND87812,32116,14-02-2010,BE06,40137.56,22634.5,1,411.81,173313.54,798969.59,418507.88,143760.17,14716.3,459472.96,2,1,4,8
IND97969,27544,5/7/2012,BE19,463124.74,7630.77,1,643.8,560115.57,965827.89,260773.53,874267.41,81159.69,1882715.67,3,4,1,9
IND96593,4017,14-04-2014,BE23,88949.54,27995.1,2,4221.28,346791.76,1620734.08,719200.75,361322.4,8257.2,1128023.68,1,1,1,10
IND73558,42660,13-12-2000,BE22,157704.75,24987.6,1,3820.5,302979.15,125832.49,93954.92,76036.38,15133.5,750982.05,0,4,1,11
IND43779,19833,9/8/2008,BE26,432677.4,60611.94,1,6432.44,547731.64,288457.58,94835.37,79108.5,15452.67,2979852.7,0,4,2,12
IND96346,33992,20-10-2005,BE13,93157.5,39555.54,2,2345,86419.08,80956.11,82283.26,61526.64,7154.24,404995.65,2,2,2,13
IND87222,43342,4/1/2019,BE17,21193.44,20000,1,957.66,376712.38,76925.99,68184.4,21923.91,621.28,550777.7,1,1,3,14
IND78803,19738,16-06-2004,BE47,98188.95,25787.58,1,3809.26,295355.3,524154.78,407675.94,130297.47,694.21,768445.18,3,1,3,15
IND31057,31136,18-07-2020,BE12,146247.26,5915.58,2,821.63,746732.91,345229.21,178465.95,75306.78,60025.23,1467341.75,2,2,3,16
IND59891,9837,15-10-2010,BE27,267723.99,31469.9,1,7280.66,470702.79,1932207.61,782986.09,436704.18,38257.62,853877.46,0,3,3,17
IND92500,10656,29-06-2014,BE05,168060.94,18416.95,1,11596.13,1813386.6,3363785.33,919434.66,1574475.78,56295.08,3269918.55,1,4,3,18
IND47276,10398,6/7/2001,BE19,256280.35,32313.96,3,2217.21,1661220.21,2470522.8,1160648.29,397936.56,57061.7,1770913.87,0,2,3,19
IND19673,1860,8/1/2017,BE18,123468.29,19172.34,1,1819,412041.52,74734.72,91466.38,11243.67,12308.89,202210.02,1,2,3,20
IND83985,20166,29-07-2018,BE12,119228.81,53847,1,7809.54,1252648.25,1006135.45,475502.37,239267.28,36279.54,1889471.78,1,3,4,21
IND72250,6149,17-04-2018,BE17,167784.43,9279.14,3,2520.93,1611814.48,930896.89,491513.56,255735.99,20219.69,897231.25,1,4,4,22
IND61248,42057,28-06-2021,BE35,75219.81,7047.04,2,3300.49,795305.3,410358.75,424269.22,249553.76,20209.99,449072.37,3,3,1,1
IND52506,36792,20-10-2013,BE06,362707.7,33908.94,2,320.02,1309449.69,139803.12,96530.73,58717.31,11050.55,693531.45,0,4,2,2
IND45460,13556,8/12/2020,BE23,205453.17,26306.21,1,7043.17,976071.04,560116.24,342293.26,137539.66,56689.17,1733217.78,2,3,3,3
IND29763,2484,11/12/2007,BE08,237293.14,38780.7,1,6009.36,248078.88,1568223.22,914796.88,250915.71,53613.84,1357097.28,1,2,4,4
IND72578,4270,24-02-2021,BE16,502062.25,27454.53,2,402.36,1188446.55,1182517.84,757550.49,169617.4,76815.32,2121779.67,0,5,1,8
IND38948,3749,23-06-2006,BE35,19083.61,17983.68,3,134.35,98574.23,49572.13,18136.14,30468.72,20449.36,537001.34,1,1,1,9
IND46699,42304,17-02-2020,BE03,290195.51,43594.88,2,1423.08,509327.84,259910.4,175361.23,108849.22,4781.86,563496.43,2,2,1,10
IND78763,8115,25-07-2003,BE47,35664.83,3723.72,2,613.55,58257.91,329098.5,110854.23,252054.81,14452.46,220074.04,3,1,2,11
IND51658,26185,10/3/2010,BE20,355808.19,51314.9,1,824.02,516292.58,930137.4,549626.65,421098.57,53762.51,812144.93,1,4,2,12
IND95154,5907,28-10-2001,BE26,62120.6,21625.39,1,396.49,72333.82,306455.37,206857.38,58711.74,17257.39,747957.96,1,1,3,13
IND94518,16444,8/7/2021,BE12,61674.8,40720.32,1,5864.2,193193.54,269765.95,84025.46,165883.95,47141.09,2137968.5,0,2,3,14
IND94947,24588,9/4/2001,BE08,152758.55,6696.93,2,6555.08,1246385.77,1027108.39,717871.45,467720.86,61272.11,1238029.97,2,5,3,15
IND70766,40813,17-12-2008,BE22,157986.73,37394.24,1,3711.21,119599.9,377600.32,107356.95,262839.44,47688.79,412451.77,2,2,3,1
IND31616,40938,28-04-2009,BE18,90161.29,17818.09,1,538.93,197642.69,156466.45,102448.27,55322.07,1549.96,123404.07,3,1,3,2
IND63272,32408,16-09-2021,BE20,114141.01,60781.56,1,478.38,1883366.3,604936.99,252809.49,186717.87,85246.19,2142425.39,3,3,3,3
IND89040,14700,10/2/2020,BE20,133962.18,9026.14,1,6.98,535746.73,881345.76,144010.75,501157.39,44839.31,1431701.57,0,1,3,4
IND59471,10684,15-05-2002,BE24,387252.7,58563.49,1,1020.36,674467.88,496839.12,246221.16,174113.53,60152.8,1171442.9,1,3,4,5
IND86960,17955,30-10-2010,BE42,111258.89,17480.96,1,1525.56,35610.83,103857.78,134690.56,31449.43,2536.04,283934.72,0,1,4,6
IND29637,18608,11/3/2000,BE41,101574.37,11630.52,1,368.13,109020.32,310314.52,334184.86,40738.73,19053.68,98511.1,3,1,1,7
IND76975,11595,28-10-1999,BE38,129276.66,28334.7,3,3221.45,763880.47,707944.29,202269.8,293291.21,45570.03,134110.92,0,1,2,8
IND19165,34241,26-03-2007,BE24,91768.18,26449.56,2,505.08,804999.14,201402.85,137019.97,15435.38,17703.71,374106.17,3,1,3,9
IND21974,2143,27-01-2019,BE46,308772.02,64428.52,1,6579.62,745186.6,1184816.7,417378.61,538822.32,51389.36,495486.53,0,4,4,10
IND17085,42423,23-10-1995,BE02,106018.18,30085.36,2,6850.31,1009636.94,876584.28,424153.68,274757.33,20295.76,1372289.66,1,3,1,11
IND59398,21861,7/6/2013,BE41,117804.72,36002.98,1,979.73,124861.89,756310,283616.25,518244.24,36523.64,725981.78,0,2,1,12
IND84558,29374,10/3/1999,BE33,138815.82,21428.55,1,1521,464660.43,1335604.46,214039.18,719171.63,8841.07,1830665.46,1,2,1,13
IND72037,36534,8/5/2006,BE48,70589.93,24394.83,3,1267.17,425702.48,66767.02,29736.57,26633.87,34257.16,746857.6,1,1,2,14
IND24573,20831,19-09-2014,BE12,148218.47,39699.52,2,3299.81,392489.26,363948.23,110959.83,199727.69,30054.18,1122996.1,2,2,2,15
IND23033,26209,3/1/2020,BE37,75632.92,14030.64,2,762.54,68557.51,822783.56,159454.18,282233.9,39104.34,577920.26,1,1,3,16
IND82305,34976,27-01-2007,BE29,133697.25,23513.4,1,5232.4,725007.11,1168395.31,612400.3,212728.53,61147.08,1336250.84,3,2,3,17
IND84879,18002,9/1/2004,BE42,482954.96,27744.44,2,4984.56,933423.72,505423.79,581237.35,292471.9,28669.78,962448.43,2,4,3,18
IND77110,5707,12/3/2019,BE19,86774.9,18332.48,1,2743.44,398704.82,113314.34,26604.24,76245.77,16493.02,524349.95,2,1,3,19
IND51370,34362,3/12/2020,BE16,126222.11,35815.5,1,2330.5,277444.69,1993409.78,859902.26,367673.36,32194.26,685516.04,0,2,3,20
IND73499,2905,24-06-1995,BE22,275122.64,31249.41,1,2128.73,655645.84,361468.59,418844.55,158013.41,25212.6,820594.49,2,2,3,21
IND79465,17788,17-07-2017,BE26,136604.24,48135.06,1,6524.49,672596.59,1917355.41,648314.42,789564.2,20614.67,2790503.51,0,4,3,22
IND35812,2889,9/8/2020,BE39,162026.28,45881.16,1,5472.43,939667.17,349580.78,141721.94,231479.16,16234.9,1275895.98,1,3,4,1
IND19935,20677,12/4/2000,BE05,177192.75,38444.4,2,5375.23,1710554.11,3368735.54,1768586.16,188649.19,99286.27,253296,3,2,4,2
IND43475,34483,15-02-2000,BE11,206725.55,32434.16,1,3162.54,266597.67,423833.18,383943,87160.05,63738.58,1027509.65,1,4,1,3
IND39658,5695,11/12/2002,BE30,150499.78,13605.3,1,3702.43,235855.22,327401.69,213191.8,122280.72,14547.33,893165.04,1,2,2,4
IND42006,18933,18-07-2021,BE25,29624.93,2992.12,3,1362.11,122207.29,64712.43,43544.81,12700.57,26388.75,173310.81,1,1,3,8
IND13072,722,7/3/2014,BE14,296513.35,6427.36,1,6121.1,1272299.65,0,0,0,75612.89,221965.81,1,2,4,9
IND50762,20664,2/10/1996,BE21,294401.25,17782.4,1,5760.92,1008739.02,711169.74,495278.92,115946.07,45112.52,1579399.99,1,2,1,10
IND79565,18829,16-03-2014,BE29,22120.81,13692.28,1,2942.45,620598.3,674389.19,172643.63,396217.14,1713.6,402013.15,2,1,1,11
IND21206,31976,18-10-2016,BE11,372350.09,61300.8,1,7998.83,250994.47,1252548.2,482633.25,379901.32,9656.16,1735367.37,0,4,1,12
IND62941,31952,24-10-2021,BE44,511043.93,74194.47,2,10915.64,568505.21,1059118.67,437981.4,333264.03,82615.02,1467073.48,0,5,2,13
IND48073,30327,11/7/1995,BE24,143704.18,22279.95,1,2077.15,876345.25,562292.53,328003.97,206173.93,21817.49,1015410.21,0,3,2,14
IND18560,37582,29-01-2002,BE11,93560.2,9736.3,2,1875.3,462439.67,378215.14,191098.18,113862.66,7919.15,92110.48,3,1,3,15
IND83480,16811,22-02-2020,BE49,89107.57,49996.64,1,4900.23,447081.69,2278565.88,656535.93,1414641.84,32874.41,2058655.6,3,4,3,1
IND85295,8380,15-01-2002,BE14,74607.51,22878.68,3,4016.6,470549.51,493046.85,114038.05,250145.81,33777.03,945463.49,3,1,3,2
IND74978,15500,16-07-2005,BE32,77904.11,33876.06,3,3863.74,182644.08,388086.43,450865.12,124644.23,44133.36,267832.11,0,4,3,3
IND27629,2577,10/6/2002,BE28,123963.05,43109.22,2,158.32,440826.57,122419.71,92351.71,77124.42,15937.63,114037.59,2,2,3,4
IND71157,24168,31-08-2020,BE35,81361.42,21465.02,1,2307.75,241077.45,255753.37,162752.14,169395.09,43737.48,123926.36,3,2,3,5
IND99483,29899,3/3/1999,BE10,148433.6,30624,2,3147.68,194129.04,329957.3,198615.07,152164.77,10127.78,992851.2,3,1,3,6
IND35166,4487,4/4/2006,BE33,292133.53,31322.83,1,4422.5,965371.1,62216.39,32885.81,38636.38,39582,1066529.54,1,3,4,7
IND73212,15931,20-06-2003,BE02,62973.43,10720.35,2,5428.01,146974.3,288823.42,136923.7,78559.97,56302.49,1042143.77,1,2,4,8
IND90377,10629,13-03-2016,BE44,53296.28,7048.14,1,469.59,329439.06,175922.72,220648.84,90704.56,10565.53,769853.43,3,2,3,9
IND33047,1789,17-03-2004,BE23,337917.67,36312.85,1,3451.99,851734.65,803847.9,388064.5,359052.06,61148.52,1893392.88,0,4,1,10
IND20303,2257,12/9/2007,BE32,46797.89,10413.27,1,8042.48,95282.57,1491077.4,751318.07,226551.29,12126.3,1603067,2,2,2,11
IND82550,32922,24-12-2010,BE46,42230.54,11345.13,2,1409.97,156919.11,15516.82,6684.17,18906.65,6942.6,394471,1,1,3,12
IND15069,26330,31-08-2019,BE35,74824.17,16606.72,1,933.47,264724.38,263951.93,172013.62,64772.02,10286.42,511396.78,3,1,4,13
IND72898,25722,16-08-2004,BE47,104795.32,11208.98,3,3380.6,203424.74,489611.49,242748.55,172063.47,9191.88,264968.33,0,1,1,14
IND43567,31780,27-02-2008,BE39,50240.71,33252.56,3,982.67,1077165.27,537082.88,278487.42,90707.33,53554.85,1521878.73,1,2,1,15
IND43437,41567,16-04-2011,BE06,253693.57,16016.64,1,1189.45,259315.61,361645.83,186415.38,141675.69,44948.4,897772.4,3,2,1,16
IND62228,23194,7/3/2019,BE17,407571.37,37277.68,1,812.03,1194138.95,72449.06,63786.68,13914.95,44412.23,1094267.5,3,4,2,17
IND76373,20953,13-08-2003,BE30,146540.96,22887.92,2,2192.27,623315.91,249977.32,131932.48,226021.16,31531.91,141891.81,0,2,2,18
IND57417,12723,9/6/2013,BE39,93928.1,19666.64,1,2922.87,446821.23,458924.74,307630.87,173080.19,4099.16,256757.25,2,2,3,19
IND38378,36192,13-07-1995,BE20,146449.6,46244.43,2,940.47,414681.41,319150.19,129385.21,62104.9,41933.22,2273413.16,2,2,3,20
IND77256,20949,11/9/2019,BE27,149706.46,36166.32,1,1326.96,1089480.67,71388.98,44336.31,32658.58,31755.38,1158408.04,2,2,3,21
IND53599,6904,8/3/2019,BE37,26707.69,8541.26,2,219.49,144677.61,191567.38,136370,160072.4,12880.51,55336.37,2,1,3,22
IND80666,41327,24-03-2008,BE36,156845.16,50036.27,2,4489.17,1275318.57,2140826.25,982895.07,396254.82,98999.39,1615706.42,1,2,3,1
IND38255,1849,9/3/2018,BE28,164004.75,3279.5,1,1416,892576,575717.5,189986.78,277726.12,29947,463893.5,3,2,3,2
IND65519,23779,23-06-2019,BE02,185865.95,17603.16,1,2595.57,1092209.21,1448756.02,707789.2,382206.17,34482.65,179563.9,3,2,3,3
IND59539,6258,29-01-2016,BE23,413015.12,53907.38,1,3046.93,483023.83,46434.06,47007.32,9286.81,41929.05,1116113.42,2,4,4,4
IND85074,30570,26-04-2016,BE07,114440.95,39806.56,1,3792.41,220084.75,544268,294198.92,498667.16,22989.67,593855.71,1,2,4,8
IND67670,39681,4/6/2016,BE24,163181.15,32889.56,1,3657.24,599145.38,426895.02,235154.04,122822.76,5290.65,257602.64,0,2,3,9
IND46130,34558,25-09-2018,BE32,128079.37,31635.53,1,6381.32,183650.28,1011443.27,382533.03,210004.15,42183.93,610424.65,3,1,1,10
IND20451,2267,20-11-2015,BE19,181474.51,37963.25,3,4394,926943.88,571620.95,351766.74,49247.34,70674.11,1686633.52,1,2,2,11
IND78694,11720,28-08-2003,BE27,246394.3,35706.54,1,4524.56,339448.25,1325711.68,506889.76,500651.12,19861.2,431800.16,0,2,3,12
IND42335,26061,11/12/2018,BE35,139337.05,9522.63,1,304.59,553308.33,279570.08,71163.29,137243.49,37847.67,927484.27,2,1,4,13
IND15060,36547,30-01-2015,BE04,396219.01,7217.21,2,8639.9,1377169.25,1373494.45,755421.95,202361.52,69776.62,687064.56,2,4,1,14
IND19481,37012,18-08-2020,BE09,86385.43,11743.34,1,2450.37,994548.81,1040580,699700.34,110516.77,36387.26,1140703.77,2,2,1,15
IND36189,13041,25-11-2006,BE34,71898.24,14226.3,1,2691.56,622949.74,571028.48,351753.55,73548.47,21108.26,671717.81,3,1,1,1
IND65594,19864,24-04-2006,BE27,56041.92,10032.32,1,2562.97,51079.43,293506.39,105434.33,172342.39,21220.97,401454.45,2,1,2,2
IND17557,29315,9/11/2013,BE40,82530.07,45451.7,1,3140.53,727372.61,358100.59,326688.26,162841.53,33681.19,538444.12,0,2,2,3
IND79396,16915,5/3/2013,BE19,150098.37,5591.88,1,2055.53,956521.44,1207014.6,359536.26,536222.65,49878.64,466198.2,3,1,3,4
IND25908,36071,21-06-1995,BE20,156938.29,46310.4,1,4860.31,723968.64,1619690.63,828678.93,260406.07,53990.11,587197.27,3,2,3,5
IND47180,30027,23-10-1996,BE27,53693.89,10342.61,1,129.2,653263.32,553673.86,422390.36,118725.94,28402.27,77920.42,2,1,3,6
IND67526,32125,29-07-2016,BE29,133956.9,66262.14,3,2796.77,603502.59,1194875.52,926364.16,403706.82,68102.23,579642.78,0,4,3,7
IND54629,6166,10/3/2007,BE40,254879.14,44810.67,1,8013,824821.2,1755886.45,593368.53,531125.38,42845.41,1274763.06,2,2,3,8
IND96473,42748,4/10/2013,BE12,276078.13,28839.58,1,3502.89,316820.38,95358.5,105953.89,55398.75,4418.68,301499.11,2,2,3,9
IND43465,10813,17-06-2002,BE13,99008,13014.8,1,1651.68,266807.7,89360.51,35744.2,16649.88,24105.6,1040611.1,1,1,3,10
IND88769,11425,28-03-2016,BE15,135470.95,24159.8,1,1588.1,172132.99,607089.96,206762.52,270462.98,38316.39,661025.11,3,1,4,11
IND69918,10548,15-07-2021,BE32,212962.85,11049.02,2,1721.27,1020310.45,301089.99,129737.96,113900.14,10271.75,227929.55,1,2,4,12
IND97771,40115,15-03-2002,BE15,503138.53,55930,1,1173.59,121454.67,774807.12,528277.58,218354.73,24233.86,1022501.92,3,5,1,13
IND94851,41382,5/3/2019,BE10,128959.86,25110.87,1,3790.97,806945.24,245076.81,181912.68,85600.02,41412.81,797732.57,0,2,2,14
IND53003,36032,21-06-1999,BE26,132501.2,14717.4,2,3371.38,133394.92,251158.75,68738.18,166293.53,11044.07,795994.89,1,1,3,15
IND18812,32331,24-03-2004,BE03,41442.1,2332.13,1,896.52,220650.1,58475.92,53797.85,34734.7,7419.85,75226.46,0,1,4,16
IND48530,2392,23-10-2007,BE20,53797.08,10630.4,3,2190.23,598368.72,373578.97,383036.67,72776.97,27516.02,653279.09,1,2,1,17
IND85022,39147,14-06-1996,BE10,514507.79,47984.5,1,3730.42,1236855.48,1284147.66,791393.32,786017.82,12251.73,750199.63,1,5,1,18
IND52278,9456,22-02-2010,BE02,33978.42,19861.45,1,1037.14,657151.11,473402.12,136760.61,179682.4,19459.44,316231.97,0,1,1,19
IND46035,5889,3/11/2014,BE15,104500.25,16395.9,1,4071.01,1156725.66,687505.09,164114.12,220755.67,17851.2,499874.13,3,1,2,20
IND88500,20737,26-11-2018,BE03,96229.97,57912,1,10491.44,838614.5,1785745.06,499403.28,1176170.39,35061.52,1283849.91,2,5,2,21
IND59334,4409,21-03-2005,BE40,92773.75,4323.54,1,3337.91,195565.56,3017361.21,1382146.1,508084.69,31080.74,1310289.37,2,2,3,22
IND43447,20250,14-03-2001,BE03,69441.37,4001.19,1,1463.09,31365.79,93106.15,109895.78,32480.31,7873.9,374900.4,3,1,3,1
IND89715,4392,9/6/1996,BE15,159584.92,29373.76,1,5558.21,674240.19,815830.63,384316.91,339210.24,43670.84,316959.21,3,2,3,2
IND15214,30152,26-12-2021,BE46,36326.86,18414,1,3041.28,751165.61,782751.87,334611.49,136712.69,12228.89,631723.07,3,1,3,3
IND40338,15607,3/7/2002,BE41,181136.14,30762.96,2,2454.61,256129.1,573794.84,558891.07,137859.8,43285.01,1123611.84,0,2,3,4
IND51774,9282,6/12/2019,BE13,141030.82,23341.14,1,4405.63,1036262.08,645661.43,218963.44,287684.27,25856.95,1771415.7,2,2,3,8
IND57665,23628,4/9/2016,BE21,387437.27,17359.55,1,5189.07,375623.85,518662.85,304043.74,259987.21,56830.58,111184.56,2,4,3,9
IND66976,24295,21-06-2003,BE24,156417.86,7530.17,2,2824.71,417821.92,490114.98,207927.57,278523.93,11971.13,670583.6,2,2,4,10
IND40082,18576,9/12/2012,BE34,212764.95,41923.37,1,11015.81,134687.93,1816438.36,491238.05,475358.49,93046.2,2889635.17,2,2,4,11
IND46584,11654,16-02-2020,BE14,49412.97,4016.32,2,764.02,664358.27,103189.39,47023.01,14446.52,20289.35,823954.96,1,1,1,12
IND25515,36896,23-09-2013,BE37,152124.83,31244.16,1,7548.22,302888.82,939245.76,278589.84,315602.49,26011.35,1038657.52,2,2,2,13
IND66087,20927,22-07-2017,BE05,129188.72,48889.95,1,7174.28,118555.03,1234872.76,475822.53,630804.73,16776.34,847056.39,1,2,3,14
IND94271,16959,16-06-2016,BE15,281404.06,51578.8,3,3347.19,68567.73,315547.38,382481.67,115700.7,904.6,495709.37,3,2,4,15
IND13684,19141,18-09-2019,BE07,42385.16,8084.52,1,2287.96,540733.61,0,0,0,20014.07,308688.63,3,1,1,1
IND19447,17367,13-05-2015,BE15,143843.29,17099.12,1,2546.84,283138,1601165.63,785087.67,136357.33,18521.6,177708.12,3,2,1,2
IND70647,38188,20-08-1999,BE38,215594.52,7002.19,1,1351.83,733193.01,44044.29,45987.42,18783.6,22722.33,69448.3,3,2,1,3
IND55928,13258,16-10-2006,BE40,444732.64,24804.57,2,5173.23,1463959.28,849591.13,335364.92,356604.7,2051.04,487926.92,1,4,2,4
IND49649,26950,18-03-2001,BE41,62223.13,5403.25,1,1817.38,19043.33,196999.43,154943.37,54451.53,17116.93,462183.45,2,1,2,5
IND83150,14661,24-07-2009,BE43,196715.22,8588.72,1,3537.8,48536.46,556830.61,295120.22,290498.53,23872.31,1159400.76,2,2,3,6
IND86236,38354,21-02-2001,BE31,310375.37,4999.28,1,3255.6,112540.47,1312646.53,399501.12,845800.94,85558.53,1600952.63,1,4,3,7
IND23104,4088,21-02-2002,BE16,238755.41,18611.45,1,4041.82,1129042.77,1505541.47,547469.63,298160.38,17732.43,1508409.47,0,2,3,8
IND40705,4579,17-01-1995,BE14,231471.25,34530.6,1,687.65,204679.25,544808.01,442656.51,176381.59,41004.89,771748.99,0,2,3,9
IND16827,25414,4/4/2013,BE14,271912.22,47987.28,2,481.8,498543.51,1304703.25,357452.94,284175.09,265.95,2400841.52,1,4,3,10
IND61808,12544,22-12-2013,BE35,126670.72,39311,1,3014.14,347595.64,425301.02,396467.05,298431.56,41444.27,1105772.34,3,3,3,11
IND88808,29644,13-01-2008,BE28,135342.1,34214.11,1,5969.94,1170851.54,553783.57,367182.59,272317.05,40414.44,1378300.61,0,3,3,12
IND63102,7629,2/1/2015,BE42,133539.26,21502.92,2,2129.1,0,724809.53,126714.95,353534.72,18185.7,550483.58,0,1,4,13
IND12601,4796,13-04-2011,BE07,168781.14,66158.9,1,131.2,1150087.28,1056468.66,215605.85,251540.16,74636.38,3207843.85,1,4,4,14
IND82367,32900,11/1/2017,BE45,329938.29,23935.52,2,4935.2,320711.89,603889.38,578008.4,313159.78,41533.79,467754,0,4,1,15
IND25359,17167,2/5/2014,BE42,312138.72,50900.4,1,4689.5,642511.3,1136736.21,329055.22,255466.51,70299.88,2739484.57,3,2,2,16
IND18267,40243,23-03-2011,BE42,214088.86,45225.68,1,9075.06,1117489.89,393421.82,106604.62,79496.59,36316.25,289815.53,1,4,3,17
IND87428,18989,10/6/2011,BE36,441082.48,27620.74,2,1212.17,748824.44,1119155.41,395563.55,654609.43,46764.16,1633122.54,1,3,4,18
IND58778,12017,2/4/2002,BE42,158330.42,59844.16,2,5084.35,604161.37,270036.51,191638.81,219513.55,19726.03,1227061.51,3,5,1,19
IND40038,25572,25-01-1999,BE24,100215.75,25225,2,974.1,523111.2,22559.04,12783.46,18114.91,5793.3,118789.2,1,2,1,20
IND76909,15123,24-08-1996,BE42,402994.13,18494.84,2,987.71,1850625.91,3049414.76,1716707.57,569224.09,82132.6,3119550.93,3,4,1,21
IND62606,18166,13-02-2021,BE38,70434,29576.96,3,4446.19,410803.14,475859.82,333648.84,198384.32,23860.13,990659.81,0,2,2,22
IND51619,37029,12/7/2007,BE23,426222.38,25667.88,2,7175.73,1282622.98,1003542.58,558575.58,322175.04,70054.89,1080812.04,2,3,2,1
IND65893,23860,16-10-2019,BE13,326034.01,14790.87,2,6771.98,1331344.71,1020870.62,938731.6,225295.58,41971.62,1218304.73,2,4,3,2
IND95530,27979,28-12-2014,BE36,129752.45,5854.88,1,1335.65,315975.65,12299.17,11004.52,12899.02,10561.94,295619.23,2,2,3,3
IND89861,10652,17-01-1996,BE41,401797.9,34974.18,1,4459.54,1464990.62,1484238.17,766856.39,549910.24,1841.94,1513425.38,2,3,3,4
IND92174,20617,25-05-2021,BE39,354870.29,18874.44,1,5838.33,861398.58,495556.41,282351.91,349713,34401.87,352937.26,2,3,3,8
IND36400,27322,1/2/2019,BE14,385996.98,61463.58,1,2298.02,639113.19,348199.42,528995.27,98433.3,33124.45,965780.12,3,3,3,9
IND16810,35647,20-03-2006,BE33,62697.4,6794.48,2,5844.52,1398294.55,423507.06,90306.65,117180.67,30112.14,284386.77,1,2,3,10
IND62400,31073,13-03-2019,BE07,96671.07,18183.9,1,771.33,174294.11,287273.49,83671.89,181568,38277.75,460135.42,3,1,3,11
IND25291,13407,13-12-2019,BE24,36835.64,13692.28,1,947.07,315059.23,186137.94,90160.56,122414.78,7164.95,111986.2,3,1,4,12
IND94530,27744,30-07-1999,BE05,218888.31,26806.8,1,8544.43,1424013.96,914426.93,431812.72,245879.24,95534.31,1383168.08,1,4,4,13
IND29475,22107,1/11/2006,BE17,63676.05,24191.09,1,9553.04,920096.1,1388245.06,293291.21,437981.54,39903.63,2453030.87,1,3,1,14
IND97275,32611,3/8/2006,BE41,140115.83,42267.12,1,6843.4,120706.43,511243.39,252167.35,114718.87,74845.61,2123424.55,1,2,2,15
IND73731,6771,10/3/2016,BE46,148213.62,46366.1,2,5667,251193.41,246249.98,194015.13,56363.88,48422.51,449261.74,3,2,3,1
IND36600,21191,5/10/2013,BE44,221981.81,34944.75,2,5115.15,376658.91,1048812.59,262203.15,496243.74,24860.52,1248586.65,2,3,4,2
IND50412,1879,16-09-2001,BE13,71822.34,2133.82,3,1422.46,325091.98,30069.15,22156.21,14274.93,12464.94,371283.64,3,1,1,3
IND77616,6945,7/7/2020,BE34,257023.83,9653.49,3,5757.7,491066.6,1528492.29,738771.27,567070.64,6308.06,1904155.34,1,2,1,4
IND25120,6695,13-04-2008,BE05,47361.01,22384.79,1,2098.86,519939.71,153203.86,104973.02,22129.45,11768.89,608738.38,3,1,1,5
IND89792,3261,17-01-2004,BE01,112050.56,16531.2,1,2087.57,611149.26,705779.7,464328.75,181088.21,11029,822936.54,1,2,2,6
IND15721,34251,7/5/2001,BE30,67982.46,8794.05,1,3555.46,1042319.02,694986.09,418410,151194.93,61585.59,148679.48,2,2,2,7
IND91267,28304,23-12-2012,BE28,353467.78,4487.81,2,3036.95,909814.53,320802.15,217980.95,228098.55,26363.42,763016.58,3,3,3,8
IND14935,31743,1/8/2013,BE35,282954.63,18883.9,1,4110.58,372766.7,74733.11,32414.36,29965.28,16825.18,171225.35,3,2,3,9
IND49907,18553,21-11-2012,BE11,215582.05,31198.12,1,7470.4,0,851935.54,494426.88,218308.48,73963.14,1412228.12,3,4,3,10
IND18734,31500,18-09-2016,BE21,125473.53,35375.15,2,8807.26,811683.04,2683281.65,1092478.96,453282.94,44597.56,2919601.37,1,5,3,11
IND16744,4760,17-12-2011,BE09,215060.45,30716.63,2,1391.16,348258.12,183267.92,107077.88,52385.8,6188.7,1071917.66,2,2,3,12
IND19548,35127,14-07-2021,BE24,88444.07,3905.8,3,4093.89,88278.93,676061.16,448658.77,92927.68,42047.41,1626845.06,1,2,3,13
IND15167,4134,9/11/2015,BE38,218904.13,19883.56,1,4424.85,354944.9,841209.18,424940.72,229988.32,13695.37,181543.71,1,2,3,14
IND32618,11661,16-07-2013,BE19,202276.06,6943.76,2,1574.35,586072.04,962053.57,638604.52,127803.84,13086.63,1527720.9,3,2,4,15
IND93058,4189,3/3/2011,BE28,43011.56,19921.5,2,848.54,165875.8,12790.94,5513.34,19682.61,10782.78,254816.77,2,1,4,16
IND70754,11100,18-05-2010,BE39,202863.47,43941.96,3,740.6,878129.72,45080.56,32962.13,15511.59,23859.28,263453.75,0,2,1,17
IND92418,34167,1/6/2007,BE22,310932.99,8570.52,1,3439.77,179299.11,635861.07,289877.84,767802.25,5633.75,940255.75,0,3,2,18
IND92115,15173,3/2/2010,BE18,140387.6,55330.3,1,332.28,1267435.2,2796610.66,988135.77,1042762.89,32027.75,2487114.74,2,2,3,19
IND24672,27249,22-04-2005,BE33,262799.91,58301.88,1,8892.62,1557602.43,247721.87,61514.83,62844.88,87239.02,1867597.47,1,3,4,20
IND54908,25451,19-05-2001,BE34,115893.22,3897.32,1,2213.66,479711.5,61914.64,16776.87,19924.53,169.14,409422.04,0,1,1,21
IND37750,11581,25-08-2011,BE22,136105.54,42499.8,1,8163.02,1495245.96,2146327.17,588509.06,811103.96,56098.49,273110.64,0,3,1,22
IND59881,32372,8/11/2017,BE09,172611.65,20654.19,2,691.18,62672.07,32128.28,24800.78,28723.81,22005.81,193132.18,0,2,1,1
IND32319,8062,2/7/2009,BE08,238307.99,31326.96,2,5725.3,109711.87,1395620.04,988564.19,116883.18,2954.52,432897.38,3,2,2,2
IND58635,39991,20-03-1995,BE09,23597.68,4617.34,3,1786.93,309177.9,104217.47,46187.29,65017.49,15891.99,260989.41,0,1,2,3
IND55883,21128,27-09-2017,BE16,183024.41,22223.25,1,1303.23,235700.94,2006627.38,818492.75,436441.46,78315.08,1728187.62,3,3,3,4
IND26855,28563,15-04-2016,BE21,40981.63,5466.72,2,2242.78,0,331611.66,172619.77,174618.52,3762.29,285859.43,1,1,3,8
IND89144,42583,21-03-2020,BE38,91420.58,42986.58,2,5813.52,375074.92,536225.46,272301.99,170084.01,45547.17,2725502.71,0,4,3,9
IND36784,8100,4/11/2001,BE24,376968.38,12973.5,1,10157.22,1144147.98,1016581.36,264589.67,306506.24,12775.37,1491093.26,3,3,3,10
IND47240,42734,6/5/2004,BE10,327029.22,25006.88,1,2560.88,549067.86,905498.81,796042.91,159208.58,15846.21,1509686.85,3,3,3,11
IND34868,23304,29-06-2016,BE17,39044.99,17828.37,1,1543.78,59876.89,39778.78,57308.41,6978.14,4056.73,383326.14,2,1,3,12
IND53254,20632,14-01-2015,BE42,121504.38,40011.84,1,6995.09,1228216.03,674893.23,364660.05,152667.38,38104.7,1091008.74,2,2,3,13
IND26959,24495,30-03-2015,BE45,152363.88,19332.12,1,1856.23,747292.85,871947.7,444871.27,275820.19,47592.16,1323280.39,1,2,4,14
IND13792,22655,28-01-2020,BE38,194156.82,25462.8,2,6404.31,1694406.78,129195.69,78691.92,19766.94,48734.73,516239.46,0,4,4,15
IND83479,7059,3/1/1995,BE08,56797.44,18400.8,1,20.13,310733.07,26910.57,26119.08,14935.37,24534.67,95254.4,3,1,1,1
IND84488,6059,25-11-2015,BE20,408120.18,18073.38,1,5415.01,329166.04,328323.97,138578.3,83573.37,23624,1307746.44,1,3,2,2
IND36106,8760,15-12-2018,BE49,166689.87,31920.69,1,1222.32,628951.86,49633.48,35205.14,15755.74,23300.63,1122124.12,3,2,3,3
IND49489,42214,10/3/2002,BE23,57164.17,21107.25,1,2038.51,65968.99,1157983.47,201713.25,447205.75,20836.28,310994.46,1,1,4,4
IND71209,42164,3/6/2020,BE27,66959.86,22881.78,1,774.88,890834.85,567479.9,140942.72,229959.18,1853.11,585921.24,2,2,1,5
IND33607,20573,21-07-2021,BE06,129727.97,12115.65,1,4535.98,592524.62,1298008.53,547459.38,228166.94,76994.56,1050664.57,1,2,1,6
IND36407,6904,19-06-2020,BE49,203298.54,35660.08,1,497.68,471372.32,302699.03,210350.17,211889.32,24361.55,283947.15,0,2,1,7
IND90197,20306,5/2/2014,BE26,31634.79,15708.81,1,2247.59,139653.1,284516.15,248501.45,130625.33,4096.5,688482.11,2,1,2,8
IND21018,27682,17-11-2008,BE06,305348.02,51505.84,1,7415.95,239042.4,1291352.74,484257.28,431733.99,77112.73,641559.73,3,3,2,9
IND77703,11892,15-06-2019,BE49,19662.72,24617.6,3,175.34,810408.88,283729.31,97588.43,88118.73,4629.11,1028343.97,1,1,3,10
IND70508,26691,4/2/2015,BE29,105509.99,42235.52,1,4025.57,1328738,528227.02,126143.77,268055.5,49428.63,1459059.75,1,2,3,11
IND35314,33931,17-01-1995,BE45,93027.81,27700.42,1,1406.11,36983.65,642034.66,131564.48,272338.47,7690.95,789869.2,0,1,3,12
IND65265,38911,10/9/2007,BE08,287612.73,40792.8,2,3400.62,1092748.53,497932.04,173193.75,349634.89,20724.32,119395.72,2,2,3,13
IND65658,6213,18-11-2014,BE10,337642.83,25559.55,1,380.9,869897.43,257445.07,222215.75,46827.9,46891.02,660501.86,0,3,3,14
IND28776,13921,21-05-2013,BE31,136612.5,7610,1,2770.52,781474.89,624483.37,509635.86,133223.12,2622.18,73545.89,3,2,3,15
IND66161,42392,14-08-2010,BE01,74853.5,27744.29,2,2065.56,41043.83,226872.99,112290.67,112199.01,36351.45,220870.88,1,2,3,16
IND15278,27177,23-06-2018,BE39,60765.2,27461.04,1,4526.79,662455.37,904884.79,331055.41,210404.11,59849.61,1808460.91,3,2,4,17
IND22373,11311,11/3/2008,BE06,256845.42,74548.4,1,12549.82,1575353.28,3386869.41,1089482.47,741795.45,66039.4,1291547.69,3,5,4,18
IND60609,13037,24-12-2017,BE10,139304.56,15802.16,1,531.95,234198.36,184050.28,112981.36,63014.44,31654.17,1097467.13,3,2,1,19
IND24232,12655,4/6/1995,BE32,162100.55,23201.51,3,2074.35,201708.59,204249.01,300592.88,50869.56,1915.5,245486.36,3,1,2,20
IND89674,7551,14-02-2019,BE38,25072.56,12405.91,1,1304.77,111518.43,33252.22,12250.82,36857.47,2117.6,449389.43,3,1,3,21
IND62679,17215,29-03-2003,BE23,351000.81,48637.6,1,6601.8,382440.46,845860.82,260264.87,622404.84,31525.89,717931.61,3,4,4,22
IND45614,34979,9/5/2009,BE32,206314.58,28171.08,1,4469.51,312920.53,350286.78,135594.88,188024.91,4690.06,870305.43,2,2,1,1
IND35674,12191,2/8/2016,BE42,121719.63,24659.52,1,4550.14,217964.03,271006.11,66057.74,72324.75,3055.62,296392.19,3,1,1,2
IND90385,40548,12/4/2005,BE07,191665.02,19524.84,3,1458.38,246196.36,240122.72,198039.36,57926.51,17416.08,972737.18,3,2,1,3
IND64752,7727,25-08-2021,BE07,97563.08,9176.76,1,2519.7,765725.46,1259138.56,718241.01,160052.47,40524.36,1204313.59,2,1,2,4
IND48640,22625,5/9/2021,BE03,91093.44,1758.51,1,1008.16,332428.17,32106.07,26834.92,17078.51,4242.83,352941.69,2,1,2,8
IND20725,9069,17-06-2021,BE19,94763.85,54354.3,2,5371.77,722990.92,1233460.62,842074.08,196049.08,54034.84,1761769.84,3,3,3,9
IND87256,7825,17-04-2013,BE06,260184.04,18881.84,3,6592.3,689412.98,2435334.3,595693.28,1318234.19,44074.48,2616405.59,2,3,3,10
IND65022,26156,24-03-2014,BE11,93421.36,14248.52,2,579.24,369735.43,146402.02,48226.55,117810.57,6313.53,263523.72,2,1,3,11
IND97042,554,26-03-2020,BE10,161007.26,12394.36,1,1038.56,244729.89,247721.88,317257.84,144330.59,3366.24,219686.25,1,2,3,12
IND99554,29848,4/10/2020,BE30,259370.68,56458.62,1,10316.57,812424.33,2438133.21,487626.64,1422244.37,44822.57,706271,2,3,3,13
IND75060,5897,14-09-2012,BE40,242230.66,49757.55,2,325.24,224641.42,519093.79,506432.96,131672.57,27583.18,799213.28,3,2,3,14
IND62770,35043,30-03-2020,BE23,271898.88,3548.4,2,2907.35,466668.82,814077.78,415125.76,115318.7,77605.24,2260098.54,0,2,3,15
IND67268,18798,5/12/2016,BE02,212867.66,33481.5,2,3374.64,576469.6,95070.79,51038.01,47565.42,5204.91,336494.28,1,2,4,1
IND57973,24721,6/12/2017,BE26,165420.58,12589.42,2,9621.16,1772435.65,2604860.92,907754.56,948406.18,64273.44,2187287.2,0,5,4,2
IND89653,13410,15-03-2004,BE22,21380.4,24069.96,2,1846.22,575073.58,308369.87,235251.24,96707.33,9708.65,343847.83,0,1,1,3
IND21489,3579,3/7/2007,BE10,237510.45,24532.2,1,2757.89,1257273.74,1393358.99,419055.34,358292.31,5785.1,273302.63,1,4,2,4
IND30571,20702,23-05-2019,BE07,150279.96,29544.74,1,4577.01,732127.19,611167.11,244466.85,282495.02,21425.82,1071248.33,0,2,3,5
IND59366,3730,5/5/2019,BE39,341681.11,7059.15,3,1290.15,131948.07,2646971.31,1224718.07,675570.29,54910.43,2767797.56,2,3,4,6
IND83619,2953,7/10/1995,BE12,306885.6,57248,1,765.74,438755.2,177800.71,248250.05,96817.52,32810.82,488406.87,2,3,1,7
IND67029,5863,13-08-2021,BE19,304782.62,7490.16,1,3823.14,627444.42,206647.94,101982.1,161400.09,26484.8,322676.32,0,2,1,8
IND95869,25211,25-10-2020,BE15,71815.31,6737.21,2,3282.91,769275.63,484750.9,400727.41,299640.69,17095.1,493064.03,3,2,1,9
IND66671,10331,2/8/2000,BE02,295262.98,16664.32,1,4472.5,759216.99,336955.03,193086.59,179949.13,39324.04,1341895.58,2,2,2,10
IND86149,20345,16-08-2011,BE31,229131.69,17152.18,1,3523.03,457350.84,3466323.35,849808.3,1566778.15,119004.85,284163.08,0,5,2,11
IND95415,26418,6/2/1996,BE18,44050.06,16904.71,1,2706.98,439352.06,581228.14,300301.2,224547.8,28908.94,417986.96,1,1,3,12
IND99553,16414,17-09-2008,BE17,209915.06,16256.5,1,2649.6,353071.58,2248046.72,1162255.45,458785.04,50477.15,1377314.07,2,2,3,13
IND73319,19074,13-05-2016,BE07,80085.64,22494.52,2,207.17,189393.85,347282.58,356797.17,121311.04,1011.79,355533.71,3,1,3,14
IND34968,14542,24-09-2020,BE15,138504.19,4599,1,4919.24,171726.99,380570.3,160804.35,258895,44954.18,499117.58,0,3,3,15
IND14715,36764,15-12-2021,BE34,109316.44,26015.9,1,625.5,297293.53,568679.98,127842.79,159627.15,62604.89,868200.06,1,2,3,16
IND16798,17405,8/10/2013,BE30,265028.36,45402.12,1,1547.03,478689.94,1108827.79,559903.14,285111.46,75594.89,718720.48,2,3,3,17
IND93663,17593,21-10-2019,BE03,299641.49,9720.62,2,362.98,797452.44,870565.34,556194.52,783508.81,26740.02,1645955.44,0,4,3,18
IND67391,25349,28-05-2013,BE18,157834.48,22631.63,1,350.96,269137.89,194535.85,189348.23,67931.92,1691.6,611983.05,1,2,4,19
IND96220,39466,12/6/2005,BE12,56129.11,15281.45,2,2272.44,172354.64,334083.2,106093.99,145958.24,28780.98,99605.94,0,1,4,20
IND44913,1516,2/12/2004,BE15,146613.19,41363.52,1,2540.54,234631.6,153198.48,109427.49,45959.55,6098.49,1428173.95,2,2,1,21
IND87824,12710,26-12-1995,BE36,159264.12,21781.76,1,1800.2,424822.11,219285.14,124402.15,99416.29,74616.26,1990441.02,3,4,2,22
IND46155,35011,16-10-2004,BE21,207384.19,53205.75,1,3357.59,610026.26,1157055.65,720622.38,232527.59,42135.26,1260155.43,3,3,3,1
IND35684,36285,2/1/2017,BE15,205225.24,10022.88,1,3599.77,602116.67,483549.19,410756.84,76431.97,11436.77,331962.09,1,2,4,2
IND96387,31231,24-07-2021,BE44,119065.27,25859.35,1,4260.6,453298.88,585623.4,504632.93,144412.24,34346.9,659102.62,2,2,1,3
IND83308,4004,7/4/2000,BE17,419145.55,39600,1,3865.31,2210291.07,2847399.63,1063269.48,820159.22,54966.68,2369179.03,2,4,1,4
IND69120,4131,4/3/2015,BE17,182769.56,18068.76,1,3497.65,967509.43,277509.67,158249.32,70386.54,5442.71,300184.83,3,2,1,8
IND47860,7168,7/1/2005,BE45,235533.89,47571.93,3,2692.25,925870.68,1492857.11,521477.48,400821.91,3163.19,1303721.76,2,2,2,9
IND13419,17622,4/4/2005,BE38,202929.55,43977.3,1,579.46,710672.35,124384.23,83468.36,40097.55,60366.12,778678.71,2,4,2,10
IND56121,11596,28-06-2011,BE17,213666.88,29340.5,1,5451.6,673674.75,2856010.5,1599365.88,265037.77,71299.2,2655115.05,3,2,3,11
IND38822,5169,31-05-2004,BE22,58715.5,14719.62,2,6588.95,1061278.69,888439.61,506739.63,108981.93,64661.85,917115.05,3,2,3,12
IND58923,30197,24-09-2002,BE24,71704.22,37631.52,3,2471.43,190642.84,144206.48,83487.96,152555.27,5275.56,477246.23,1,2,3,13
IND66682,11059,22-04-2013,BE25,66091.96,17906.91,1,4769.18,77087.72,452216.52,249046.78,394149.3,6508.81,1069796.59,0,2,3,14
IND96115,28034,16-12-2017,BE31,37278.93,13131.9,2,3824.28,239843.18,599402.15,128116.49,401919.73,19662.58,765189.08,3,1,3,15
IND40991,19819,19-04-2009,BE06,92216.16,40090.4,1,4887.96,1555706.2,86683,40703.32,25658.17,84028.2,1975937.36,2,3,3,1
IND57646,22044,6/1/2004,BE07,114508.96,9772.35,2,3269.18,418626.6,671422.5,353615.85,83659.24,15418.2,1164363.9,2,1,3,2
IND76683,25702,18-10-1995,BE38,86172.32,2564.96,1,1796.81,118018.7,128075.88,106327.15,142091.73,23100.05,109644.42,0,2,4,3
IND69465,24393,22-12-2008,BE18,81162.89,11099.2,3,461.59,415774.53,162136.22,54045.41,130994.88,17879.68,423140.44,1,1,4,4
IND45293,7458,22-12-2008,BE34,47428.51,21055.44,1,2420.8,192982.01,83150.49,56397.73,12407.5,18277.36,279713.67,3,1,3,5
IND31182,9712,21-08-2011,BE44,289744.18,33890.56,2,6774.14,659253.5,1961308.54,1010828.25,328594.62,31477.06,1390700.48,0,2,1,6
IND43704,4938,20-06-2014,BE36,153481.1,16824.24,1,5475.64,458409.1,195432.81,74659.72,111594.33,60153.18,872486.37,0,2,2,7
IND90107,10587,3/3/1999,BE44,184517.05,11338.82,2,4505.58,67647.56,232227.41,221426.14,56868.71,7776.4,1034413.94,3,2,3,8
IND65206,27795,7/12/2015,BE31,142534.02,5158.5,2,51.9,847748.91,599816.8,164281.03,206879.49,51537.89,400565.59,3,1,4,9
IND97608,22788,5/5/2010,BE32,133713.43,17667.93,1,789.68,936515.91,789183.24,342366.26,292636.11,15525.12,1344158.12,3,2,1,10
IND99978,14512,18-10-2019,BE37,442113.95,21945,1,13749.83,2538730.13,1528432.2,478908.76,675057.56,47344.2,1886286.75,2,5,1,11
IND51034,19781,3/1/2005,BE04,210223.41,29360.74,2,7510.1,121701.28,1030505.47,253781.2,427659.77,54330.37,711150.97,3,2,1,12
IND77398,27415,17-10-2009,BE09,223156.5,25586.19,1,1107.52,787973.99,657031.99,263889.9,291140.57,9479.84,269938.98,0,2,2,13
IND48157,39907,17-06-2001,BE14,346125.01,6635.21,3,3076.64,561119.35,100838.16,93368.66,74694.93,35345.94,341892.6,0,3,2,14
IND46455,12805,6/11/1999,BE47,96650.09,7967.12,1,187.15,95472.51,211848.57,154720.87,65815.88,13697.78,211659.52,0,1,3,15
IND52005,16909,25-10-2000,BE42,309043,38055.5,1,7.64,251126.15,2588381.1,1277598.36,320561.04,90415.42,2316850.54,1,2,3,16
IND50424,27486,19-08-2014,BE24,204852.96,25979.2,1,4597.76,607243.26,1309431.56,675175.65,285210.56,91763.71,1849181.18,3,3,3,17
IND48222,32800,22-12-2016,BE17,18687.5,11913.61,2,1934.47,99325.79,24813.98,18265.85,13120.39,6652.25,234551.51,0,1,3,18
IND48333,22276,9/9/2006,BE06,121744.14,18388.3,1,69.08,673353,531829.43,209735.55,436849.19,6280.59,782398.27,2,2,3,19
IND62022,34882,12/4/2018,BE28,105503.3,23746.94,1,2309.69,139718.12,1311121.92,467531.85,504934.4,58343.89,1024519.99,2,2,3,20
IND82740,18725,6/2/2019,BE14,101046.99,56550.8,2,4228.42,961441.02,1667275.46,622292.95,612547.61,50695.85,1073375.39,3,3,3,21
IND48400,21186,26-10-2003,BE26,201990.14,30222.41,1,4434.92,1174154.65,428170.13,178640.52,84981.85,42678.52,217613.89,2,2,4,22
IND40646,8167,5/8/2021,BE22,165248.58,8481.88,1,294.8,25841.42,108209.2,97388.28,88082.29,8075.1,235244.02,1,2,4,1
IND40950,18051,17-10-2006,BE38,429407.79,16539.6,2,149.95,656065.34,741521.09,370760.54,182908.54,67940.93,341071.1,0,4,3,2
IND37853,40683,23-09-2012,BE16,140967.36,52781.6,1,2087.01,359976.85,677419.08,677419.08,143665.63,19850.6,818477.97,0,3,1,3
IND91954,8393,6/8/2015,BE05,115916.64,19367.2,2,3469.94,209574.56,375760.72,189991.38,276331.9,6797.9,494876.64,3,1,2,4
IND30253,28262,4/6/2018,BE11,114733.13,7229.12,1,1232.85,91949.02,550649.8,258235.77,78989.76,36592.9,999849.01,1,1,3,8
IND82997,23468,18-04-2001,BE19,251704.69,30770.25,1,9856.35,136945.2,2214193.38,553548.35,1141100.37,27807.15,726660.9,3,3,4,9
IND75882,11651,25-09-2001,BE38,282952.68,52922.58,1,8432.63,727530.48,481184.56,126627.52,246923.66,92195.92,2413215.1,2,3,1,10
IND31953,14561,18-03-2001,BE10,180332.33,43263.48,3,8812.4,2226593.54,869859.48,325495.81,155564.55,16334.8,2847340.08,2,3,1,11
IND69875,3160,12/3/2019,BE10,45199.26,29204.84,1,1838.56,268609.52,67632.21,97690.97,27278.32,10005.98,82071.45,0,1,1,12
IND57328,42666,17-04-1996,BE03,51431.35,24151.17,3,3418.04,587904.04,788559.56,314191.7,265646,28252.95,208792.19,1,1,2,13
IND70068,3115,24-04-2004,BE30,111317.58,33229.8,2,3369.47,745633.35,229870.48,200614.23,215158.77,6517.67,898980.39,2,4,2,14
IND57357,33955,10/4/2010,BE27,108265,9449.46,1,2555.93,410837.33,145605.38,44314.68,100277.79,7987.31,429344.11,0,1,3,15
IND79088,17836,13-02-2003,BE36,134574.35,58154.06,3,10211.3,356455.55,2100661.04,380744.81,997420.12,106490.02,1097745.28,2,4,3,1
IND57637,7753,9/1/2018,BE18,188217.24,29859.52,2,589.9,164965.57,166547.67,164465.83,38909.7,13642.5,849630.67,3,2,3,2
IND94614,4604,12/2/2020,BE12,368461.72,8461.26,1,5088.7,1183891.59,189500.54,69111.96,186134.12,62583.96,1661704.39,1,3,3,3
IND16622,3111,14-05-1995,BE35,180788,8935.04,1,6572.48,1157401.14,869732.47,463475.86,57619.78,54093.61,1228270.66,1,2,3,4
IND36995,26859,28-06-2018,BE40,94643.61,35530.34,1,1454.71,225598.78,448672.11,265124.43,101359.11,16672.17,250634.32,1,2,3,5
IND86491,25211,22-02-2012,BE12,208842.24,26716.8,1,3752.95,93611.27,49719.32,40781.02,17195.07,41560.69,1280085.58,1,2,3,6
IND59827,2982,24-03-2011,BE30,166815.54,17196.58,1,2543.32,0,253759.07,253759.07,167218.48,31805.15,656415.92,3,4,4,7
IND74969,40049,20-10-2003,BE08,29881.25,6799.49,2,4244.89,328365.97,974755.48,287085.52,395777.43,2712.88,121018.85,0,1,4,8
IND21853,4150,28-05-2019,BE15,295246.07,48798.54,3,3319.84,572098.56,635126.82,518321.89,122791.19,44293.61,675214.26,2,2,1,9
IND23903,13340,26-07-2011,BE21,427085.65,23309.91,1,7634.6,1276408.77,913709.35,338791.11,405830.68,26682.38,1760206.12,2,4,2,10
IND68777,29201,9/4/2001,BE06,184915.93,27065.2,1,2620.92,529717.71,541630.84,594289.39,154816.15,14453.67,872754.89,1,2,3,11
IND81707,410,21-07-2019,BE05,129198.45,5012,2,1833.12,66204.96,355267.56,199588.52,219547.37,24483.4,1117017.07,3,2,4,12
IND97656,16855,27-08-2014,BE28,78862.17,33395.73,1,1133.32,113710.55,1044347.89,357785.85,749319.61,27711.23,745831.41,0,2,1,13
IND55034,1115,23-06-2010,BE12,108125.22,6694.92,2,1120.2,49795.48,75106.64,84017.6,37222.34,14035.82,358276.32,1,1,1,14
IND96166,42425,30-09-2014,BE12,84951.92,13223.6,1,681.79,214777.3,170981.82,158912.52,51535.93,19774.86,325713.78,0,1,1,15
IND96324,41943,7/5/2011,BE43,336120.73,22770.02,2,7766.16,1430031.8,198246.62,173465.8,63213.64,68913.64,1320916.4,1,4,2,16
IND47674,6454,4/2/2012,BE36,140323.21,8938.05,3,4899.02,889037.57,784312.33,424109.63,125489.97,41828,1016663.67,2,2,2,17
IND70317,4165,2/3/2009,BE35,72442.64,23670.24,1,2554.29,107623.47,420518.01,134675.7,140172.67,35107.21,80798.64,0,1,3,18
IND38895,41840,23-10-2021,BE27,291925.85,43220.44,1,2687.78,488765.65,397013.28,292055.74,118282.58,56625.83,443851.66,2,3,3,19
IND61906,28843,6/12/2020,BE04,180724.34,26183.52,1,6063.21,1175056.16,1980490.17,414220.17,809800.42,4968.95,1612431.75,3,2,3,20
IND91852,14423,18-07-1996,BE38,427268.01,27324.85,1,7808.32,1257605.59,1122750.57,793247.69,504017.38,17792.02,1572554.99,0,5,3,21
IND49429,41723,21-01-2011,BE18,283418.58,30792.3,3,3031.8,123176.18,259129.27,110561.82,192653.98,33826.89,282955.29,0,2,3,22
IND50848,15833,30-07-1996,BE38,229460.79,12437.9,1,3347.03,438345.76,256292.32,221487.19,78786.16,16752.95,457903.72,3,2,3,1
IND25130,31186,24-06-2019,BE39,92389.02,15887.04,2,737.1,946087.51,1117595.61,335278.68,277802.34,14745.82,979922.58,2,1,3,2
IND51890,28409,2/11/2003,BE45,275308.09,7913.36,1,10883.25,2290528.53,1114463.81,221311.96,478033.84,10609.95,462554.98,0,4,4,3
IND29870,34292,14-03-1999,BE39,185240.18,5908.95,1,2658.02,204594.66,1843725.89,606488.78,394217.71,55984.72,592412.4,0,2,4,4
IND24996,32121,8/12/2008,BE15,253601.62,49237.65,1,6694.69,335206.22,484219.57,285434.69,134562.07,12308.22,1488519.84,0,3,1,8
IND28319,11176,18-03-2004,BE40,169841.6,23901.6,1,878.57,294747.03,135130.51,76884.6,98342.39,19026.58,292525.92,0,2,2,9
IND24921,12722,13-05-2018,BE30,161884.01,11589.76,1,4719.34,273447.38,437316.13,197497.61,163640.88,8871.46,126209.78,1,2,3,10
IND97391,15759,14-08-2001,BE01,196246.44,20241.21,1,1802.49,1226915.48,1378832.7,998950.22,501866.96,38252.58,1971775.95,1,3,4,11
IND59368,35127,7/3/2007,BE21,108561.76,2012.43,1,2532.03,488439.1,389075.57,253087.99,112189.75,36120.28,946926.03,3,1,1,12
IND23354,40668,22-10-1999,BE27,117375.9,6336.09,1,1327.7,178624.7,99007.56,59675.79,44811.09,8087.51,118523.04,3,1,1,13
IND29589,36410,18-10-2012,BE19,104350.96,24810.88,1,1619.36,366249.66,153984.34,179265.35,32359.69,5476.2,519730.47,1,1,1,14
IND48477,9379,4/7/1999,BE13,79692.87,34412.04,2,4136.36,1411246.75,2844789.79,1511916.25,386732.26,45795.58,406621.87,2,3,2,15
IND70337,1168,17-10-2020,BE42,51567.23,13658.75,1,962.78,127945.09,487858.7,180295.61,349985.59,16788.76,821012.42,0,1,2,1
IND69809,9100,28-12-2017,BE45,96948.99,14055.06,3,3136.96,578529.62,224955.85,202949.3,41152.25,38982.32,973704.35,0,2,3,2
IND23817,21854,26-08-2020,BE05,79643.42,39162.42,1,935.39,227140.25,309391.57,114432.5,182541.02,4764.35,767080.35,0,2,3,3
IND36692,1346,14-03-2006,BE27,224615.26,53741.76,1,3521.46,415665.01,219556.12,132335.2,117898.63,43711.49,611524.1,0,2,3,4
IND39952,17738,11/6/2015,BE47,405658.2,7958.92,1,4448.5,125897.63,2182842.98,422485.74,719634.04,28226.37,2701599.47,2,3,3,5
IND30232,36187,28-08-2004,BE27,282804.76,49807.36,2,6825.77,1890430.08,364617.94,111279.5,81565.51,63673.27,1726033.36,3,3,3,6
IND31886,24633,24-12-2004,BE29,31366.69,10557.68,1,205.82,271792.29,107355.61,94171.59,62153.25,8563.05,58053.18,2,1,3,7
IND16521,11951,25-05-2016,BE37,143641.46,14785.44,3,3175.17,566354.19,593952.76,449086.23,145880.59,37314.07,87414.62,0,2,3,8
IND22770,26678,7/10/2004,BE11,304744.13,42528.75,2,314.25,477185.63,339201.75,271361.4,236084.42,34078.5,329440.13,2,3,4,9
IND74369,28055,2/2/2011,BE05,69280.85,2951,1,995.13,143005.48,59107.82,25699.05,61763.38,14433.09,241575.02,0,1,4,10
IND31020,3805,17-08-2014,BE08,192746.06,14270.78,1,4643.78,756193.56,879489.48,777653.86,97762.2,27008.24,88303.33,3,2,1,11
IND83621,4094,21-10-2016,BE37,163869.5,16638.75,1,1687.23,422732.93,260002.59,86667.53,224468.9,7039.31,427554.86,0,2,2,12
IND87099,11886,8/5/2004,BE42,303730.88,56672.25,2,3246.18,907795.61,779074.22,350880.76,277968.92,18711.71,972113.99,1,3,3,13
IND68353,24879,1/10/2016,BE49,106992.56,8102.52,1,5281.42,794105.57,480600.23,167400.08,365148.17,58105.73,598191.29,2,2,4,14
IND34739,36722,28-07-2018,BE08,74335.22,21749.8,3,1133.9,685556.88,159081.75,127265.4,131719.69,36057,233827.35,1,4,1,15
IND49852,19497,31-08-2003,BE19,29126.28,20856,1,222.47,72179.35,541414.86,295824.61,215114.73,11335.7,266840.16,2,1,1,16
IND15739,24390,8/11/1999,BE33,205568.33,22084.6,1,3975.54,119101.88,606081.5,661179.81,65488.29,23952.42,1007604.78,2,5,1,17
IND35208,38924,13-11-2004,BE17,470262.68,27056.95,1,12294.43,962473.9,656372.92,213216.68,141350.12,81767.01,1104006.81,2,5,2,18
IND23172,24247,10/7/2000,BE16,279238.44,29395.85,1,7439.36,2667556.66,891713.77,428485.84,88823.96,12415.02,1303515.44,1,5,2,19
IND89615,22162,29-01-2007,BE47,292010.27,30493.32,1,7061.8,1220492.39,1204591.47,558492.41,622445.26,66410.85,203262.58,3,2,3,20
IND78041,1413,25-12-2011,BE36,26996.11,8835.5,3,837.86,303226.55,594754.67,347994.75,301806.36,10935.34,754076.72,0,1,3,21
IND25027,33534,10/7/2017,BE34,144581.55,33769.84,1,37.38,639113.19,351609.98,342708.46,61420.48,33538.53,464417.62,3,2,3,22
IND70133,13998,7/8/2013,BE09,158603.63,32769.66,1,1717.25,309892.97,95126.02,134905.99,38050.41,3524.37,507150.57,1,1,3,1
IND96246,12896,17-11-2012,BE13,342068.37,39111.12,1,1136.27,834035.83,1436044.53,779567.03,717475.2,17553.56,350589.71,1,2,3,2
IND74738,29985,18-12-2002,BE34,308171.08,12327.54,2,2943.1,1486877.41,1486770.8,582653.42,438798.3,21152.12,1676630.67,3,2,3,3
IND94482,43083,1/12/2020,BE26,103215.16,20290.12,1,2321.56,227116.49,1719422.75,854304.38,274783.22,5576.67,984930.52,2,2,3,4
IND54803,13993,1/8/2020,BE42,53067.71,8824.74,1,4588.8,844190.96,968531.37,384210.79,357956.39,40855.99,773156.92,2,1,4,8
IND22264,24568,16-08-2000,BE05,16653.97,4538.43,1,2908.65,238129.23,446980.04,152458.31,112541.95,1473.66,878113.76,2,1,4,9
IND66283,14208,3/7/2008,BE11,98173.6,31953.2,1,603.86,596226.08,90491.87,48151.64,33473.69,28781.23,478424.54,1,1,1,10
IND45825,167,17-10-2000,BE42,410110.87,14944.16,1,1866.16,1482143.31,382944.19,139615.07,202242.4,19862.09,874667.06,1,4,2,11
IND94895,33987,8/12/2020,BE45,160073.1,25457.4,1,6022.3,1097639.3,924637.87,292487.49,787734.86,64209.6,189631.76,1,4,3,12
IND66583,41467,9/10/2015,BE16,117125.42,49597.2,1,647.72,153107.12,454769.73,360679.44,155562.61,35199.79,321595.12,3,2,4,13
IND73582,3926,10/4/2003,BE17,155135.69,9966,3,3955.72,657469.34,613776.68,268778.02,136354.7,1902.46,971004.83,0,2,1,14
IND62295,7348,15-01-2012,BE16,173146.19,20433.78,3,2343.86,88510.51,840866.85,518534.56,169434.67,23216.84,1767385.45,0,2,1,15
IND39698,7541,20-09-2008,BE21,341330.13,11338.71,1,3415.76,1880586.03,1771992.83,479637.16,622462.44,53199.99,2148499.81,3,4,1,1
IND96489,16245,10/9/2002,BE46,113038.07,21105,2,6217.31,874240.76,1153249.45,655045.69,326415.73,58641.98,814075.76,3,2,2,2
IND62970,13785,9/3/2019,BE19,204694.71,21047.14,1,1101.12,440353.61,78211.37,32327.37,66917.65,36275.12,791117.99,1,2,2,3
IND53584,12555,8/10/2013,BE03,55512.32,8663.46,2,832.9,108096.9,98876.79,80220.79,90388.31,4904.11,142258.88,1,1,3,4
IND34425,28523,17-08-2020,BE27,71909.93,19065.63,1,1349.18,172488.87,86942.18,117627.66,36464.57,20616.89,430296.1,0,2,3,5
IND53485,27810,9/11/1999,BE07,43256.08,30778.8,2,3315.88,321822.64,95899.27,29507.47,31921.71,17592.43,747541.08,1,1,3,6
IND40496,26623,22-03-2021,BE03,91589.48,32407.92,1,257.93,672627.05,280502.98,126423.88,198801.55,40677.75,798973.85,2,3,3,7
IND72603,15770,4/12/2013,BE28,22388.51,14415.44,2,1184.02,146552.66,148409.63,140459.11,127049.24,12347.61,292069.96,1,1,3,8
IND56984,34644,13-11-2010,BE39,48321.55,18298.98,2,3041.34,730394.54,209527.5,173479.76,45600.39,31444.1,110925.93,1,2,3,9
IND31180,16360,29-10-2013,BE23,67296.92,14652.9,1,4151.61,1648965.24,570772.51,235318.49,175137.04,53942.26,2139037.63,1,3,3,10
IND80616,7702,20-05-2001,BE12,223595.51,3596.62,1,1228.39,125055.22,98975.53,66552.51,20460.63,59807.23,794722.47,0,2,4,11
IND54495,26334,15-09-2006,BE06,155330.89,33724.8,2,1763.28,39701.88,136113.78,117161.22,47415.84,1055.12,292601.03,1,2,4,12
IND88782,22276,25-03-1996,BE06,338592.73,38743.36,1,8449.34,724817.06,2168648.47,1216939.43,398157.62,47583.23,2251103.86,0,3,1,13
IND25223,6336,16-06-2009,BE32,193487.42,28433.34,1,2278.66,774008.1,300687.96,135887.83,93473.48,40427.77,199674.45,1,3,2,14
IND26937,16522,3/3/2002,BE24,62204.5,40020.38,1,182.96,1447905.65,516071.89,127033.08,167366.08,40382.21,979165.88,1,2,3,15
IND14766,31099,27-06-2019,BE38,268215.7,21790.44,3,1445.63,1100717.95,1399302.31,742992.37,252617.41,16392.68,605027.67,3,4,4,16
IND45041,11888,18-04-2019,BE07,151886.04,40525.92,1,1610.27,205461.29,166878.16,189895.84,76303.6,36408.46,734636.49,2,2,1,17
IND54922,36622,18-03-2016,BE35,244088.88,56280.84,1,5725.94,1016360.35,358570.12,298808.43,85658.42,39496.46,643953.24,0,3,1,18
IND89369,25884,18-11-2020,BE13,229762.92,29699.68,1,3262.49,378430.32,213097.67,117476.92,180641.26,16162.88,1116008.81,0,2,1,19
IND94380,16790,1/8/2010,BE25,373997.68,38700.86,2,6360.53,131305.18,1620762.64,699874.78,638850.61,47829.38,789924.38,0,4,2,20
IND76782,24331,26-10-2017,BE46,125061.12,67656.8,1,7810.11,1608721.45,268710.53,157426.37,119698.33,39547.85,1478636.44,1,5,2,21
IND44357,14847,15-05-1995,BE21,108917.56,12134.6,2,2455.31,117837.38,519994.31,152725.6,162398.22,9633.08,440403.36,2,1,3,22
IND63865,12018,30-05-2015,BE47,249962.86,12598.74,1,724.04,683692.81,676425.11,629775.11,138861.52,39836.46,566903.12,3,2,3,1
IND14540,3210,6/11/1999,BE21,110074.98,34598.44,1,6574.96,357739.16,843027.1,912317,123682.47,6388.26,1722652.66,3,5,3,2
IND20140,24592,15-08-2013,BE06,258076.57,28850.94,2,3986.31,487349.91,188758.85,69814.92,105704.96,30918.79,138932.78,3,2,3,3
IND75181,16233,1/9/2014,BE27,80408.25,24034.92,1,2514.94,255694.05,115585.79,67425.04,72984.17,33606.18,744597.66,3,2,3,4
IND60750,12190,22-11-2020,BE05,147770.44,7103.25,2,8315.43,865952.28,2674642.69,549584.11,1166950.27,40199.64,1182318.59,0,3,3,8
IND40048,547,4/2/2014,BE20,101645.35,11282.13,1,2361.06,137078.9,100101.98,64216.36,90998.36,13008.73,56590.16,3,2,3,9
IND91899,6502,21-08-2001,BE18,59875.58,26395.32,2,2352.17,280231.77,487406.17,138723.3,278721.35,36995.32,605368.76,3,1,4,10
IND49097,29476,7/7/2021,BE30,149870.9,7271.68,1,1549.27,291910.74,14079.18,11732.65,11615.33,16342.24,340859.2,3,2,4,11
IND30559,19655,29-06-2000,BE31,144204.97,23540.58,1,2387.44,72118.28,187124.17,134495.49,102625.91,1663.65,69536.1,2,2,1,12
IND40540,20897,11/5/2019,BE26,36313.8,2913.3,2,1255.92,56507.39,165720.27,127127.88,73915.78,9357.52,422697.9,2,1,2,13
IND32711,1541,19-02-2017,BE36,29506.65,26180.46,2,3503.47,454195.93,490080.03,107473.69,216022.12,10174.24,0,3,1,3,14
IND71842,17051,23-08-1995,BE29,54920.14,11627.84,1,2230.54,183537.82,141038.37,64108.35,64749.44,19642.39,64320.87,1,1,4,15
IND98821,19583,21-01-2013,BE05,79160.51,50359.88,3,7012.64,305168.61,1086576.22,657664.56,366385.88,46669.5,525028.87,2,3,1,1
IND60303,13881,27-08-2004,BE16,69198.52,24858.21,2,1811.33,260871.21,167605.97,157599.65,84228.26,21688.95,491162.21,1,1,1,2
IND21271,11755,10/2/1999,BE41,77057.74,15035.54,1,469.14,43233.46,82808.38,45687.38,55338.84,9449.28,331817,3,1,1,3
IND71938,29745,16-12-1996,BE24,315879.56,30141.45,2,3991.04,100474.26,963526.3,329008.98,854483.33,7856.17,1112977.01,2,3,2,4
IND48166,35810,26-03-2010,BE33,304130.87,6349.5,1,7215.98,599869.22,1334851.75,301418.14,447821.23,56792.54,1527415.14,3,3,2,5
IND35417,29967,31-07-2016,BE29,187639.73,29519.35,1,6791.21,1013646.2,354828.55,200846.35,92389.32,65609.07,2574028.95,3,5,3,6
IND36167,40251,25-06-2014,BE28,204251.61,33054.12,1,8897.67,1319951.79,728029.16,354176.35,96414.67,88889.78,1843702.19,0,2,3,7
IND53489,28424,24-07-1995,BE44,45140.55,11706.09,1,2462.72,1111816.82,71222.11,49721.09,14849.14,15651.8,634584.01,1,2,3,8
IND46654,14964,11/6/1996,BE21,62086.04,13054.4,2,1742.54,173701.43,336511.16,252383.37,37977.69,4177.87,777754.88,1,1,3,9
IND57483,4294,26-05-2009,BE13,233362.42,57088.08,1,5030.23,513458.62,414811.81,251607.16,381286.86,30522.64,394715.55,3,4,3,10
IND26697,2419,4/3/2021,BE09,100790.48,29680,3,2256.06,377251.76,110150.2,50243.95,88661.25,13828.43,357866.52,1,1,3,11
IND21028,20249,26-11-2006,BE41,137250.19,5786.8,3,1801.89,549960.86,415274.04,343829.04,58540.24,39367.44,693670,3,2,3,12
IND86154,25014,11/1/2009,BE10,107355.9,27348.24,3,9794.39,1168454.83,742185.41,332030.32,176562,7084.29,2345714.89,3,2,4,13
IND47039,28411,21-08-2002,BE01,121627.32,6358.5,1,1417.88,204346.57,164323.6,132312.51,64064.86,36208.28,533141.67,1,2,4,14
IND18081,38335,20-04-2013,BE28,216600.38,33745.6,1,3753.39,514287.24,235217.95,117608.97,112904.61,23203.35,852915.17,0,2,1,15
IND13675,32245,23-02-2005,BE38,56742.37,5989.66,1,2306.88,306206.15,259379.02,151518.44,52646.24,22486.23,381291.36,2,1,2,16
IND54772,30967,17-11-2017,BE21,74534.17,28053.56,1,2592.42,510240.61,770470.05,309628.15,352976.09,27093.64,1011219.49,0,2,3,17
IND61012,25681,7/7/1999,BE43,100179.13,41945.04,1,4780.49,852440.7,288932.9,278231.68,72197.55,31464.81,210438.39,0,2,4,18
IND63638,11973,6/12/2013,BE43,87532.19,58158.72,1,1337.22,2331797.04,1769278.68,660530.71,487849.11,50168.52,1431166.26,1,5,1,19
IND73710,8973,4/1/2009,BE02,428779.47,49066.36,1,4997.75,756177.5,79273.69,55705.83,52963.39,34618,1254015.22,2,4,1,20
IND93494,28369,21-11-1995,BE06,189556.55,4872.09,1,6370.09,1936734.44,1808858.54,508372.01,808666.17,47581.45,1028434.44,0,2,1,21
IND97314,1339,12/3/2020,BE03,111666.93,10063.04,1,232.45,178379.26,141104.54,58205.62,145355.31,21976.83,371360.77,3,1,2,22
IND43915,18769,3/8/2004,BE49,72740.57,44633.4,2,259.46,1132307.03,914948.33,316712.88,433544.75,46741.97,1904675.14,0,3,2,1
IND62101,24639,6/6/2010,BE41,60561.36,20678.56,1,1351.6,143868,63866.95,51344.02,68713.33,9230.45,271539.91,3,1,3,2
IND12706,14163,12/4/1996,BE19,127646.31,31475.04,2,547.77,101437.25,39450.13,33987.81,13352.35,6495.18,439850.83,1,2,3,3
IND96211,43165,24-03-2013,BE07,46550.39,9612.22,2,2451,349238.86,252327.87,311204.37,133397.33,7888.87,445175.9,0,1,3,4
IND99855,36627,4/1/2003,BE29,437883.8,22488.33,1,12970,806029.27,2785992.89,1049270.05,949770.3,70184.96,1103518.69,3,5,3,8
IND20615,28973,2/6/2019,BE17,85048.46,13002.66,1,417.38,192796.81,199916.46,135078.69,76994.85,8554.24,480302.82,2,1,3,9
IND42387,11761,23-01-2018,BE35,245950.08,31151.4,1,3690.04,294596.57,86517.21,100250.11,27809.1,10175,524150.68,0,2,3,10
IND51003,29416,21-10-1999,BE31,287479.63,44967.51,1,607.07,143952.23,1026866.94,273831.18,482969.75,22363.24,1046379.6,1,2,3,11
IND38386,21471,4/9/2003,BE26,333416.5,37405.71,2,1143.55,670224.59,385630.11,322412.06,223033.29,15409.23,308617.43,3,3,4,12
IND31075,37647,27-05-2006,BE10,471737.72,10652.46,2,3087.18,1851796.4,1301697.82,667827.57,306295.16,86545.55,2077692.84,0,4,4,13
IND29987,20225,31-12-2014,BE18,98291.31,1761.3,1,2649.84,128914.72,637259.95,172373.59,227480.91,21819.82,610220.45,0,1,1,14
IND53122,41519,4/7/2005,BE13,76876.5,7009.92,1,221.62,329447.09,521113.4,451631.62,108275.78,22084.16,606561.37,1,1,2,15
IND71679,13634,16-11-2003,BE03,33431.02,14261.98,1,1914.57,138563.48,200745.02,73803.32,223624.05,1144.44,126374.61,3,1,3,1
IND96476,29954,25-05-2015,BE38,136945.39,2702.16,2,880.63,288959.82,1278524.3,516489.95,402862.16,13357.88,1250406.93,0,2,4,2
IND59444,17648,30-05-2019,BE22,84410.51,14225.76,1,2768.07,39076.97,496487.76,139637.18,339783.81,21135.11,86754.4,1,1,1,3
IND96722,6946,31-03-2006,BE28,172838.3,30257.88,1,2214.03,148146.82,78331.55,71578.83,78074.95,8087.8,200516.17,3,2,1,4
IND91553,38245,30-03-2009,BE27,220066.39,10927.53,1,5578.1,734254.66,194915.48,150296.27,99759.15,3964.8,1280407.15,0,2,1,5
IND43964,30800,10/9/2010,BE15,75290.16,7814.52,3,308.02,490077.18,0,0,0,17807.3,147852.84,3,1,2,6
IND42604,18764,23-06-2007,BE19,73990.2,26321.46,1,2554.67,61514.11,96217.43,98535.92,13215.41,2571.65,100259.73,0,1,2,7
IND80050,3483,10/5/2020,BE38,65249.03,34583.1,2,2461.32,494176.65,1564149.28,346422.32,759609.68,20684.48,784783.69,3,2,3,8
IND15192,16456,31-10-2018,BE33,242808.69,22946.34,2,11040.56,1462141.88,161117.14,42796.74,43199.53,102445.26,955582.64,1,5,3,9
IND61862,30065,9/9/2003,BE13,28009.1,3422.79,1,2000.51,305036.67,336806.3,242079.53,100059.54,11972.45,300771.79,0,1,3,10
IND32146,13271,17-05-2021,BE38,193730.98,19243.32,1,4011.46,71875.73,681503.62,212969.88,142689.82,50113.82,825636.96,2,2,3,11
IND91035,10528,5/7/2019,BE30,31697.22,10588.25,1,4194.2,719621.41,215052.59,112369.82,96018.08,35144.19,439788.62,0,1,3,12
IND65273,34468,23-12-2016,BE14,168229.69,55000.5,1,5369.33,987210.9,1638584.71,491575.41,730430.64,5526.3,2081371.5,1,3,3,13
IND34196,42914,28-03-1995,BE44,69206.32,11412.24,1,2836.85,264579.84,687309.24,469661.31,70105.54,596.4,449243.76,2,1,3,14
IND31640,1755,29-11-2016,BE29,341626.91,44359.14,1,7977.95,2348592.06,1338614.55,607598.09,225570.79,28764.68,3336500.57,3,5,4,15
IND15111,18192,30-06-2012,BE37,346235.31,26283.46,3,10135.91,2092196.45,482897.73,159899.91,83147.95,89851.22,2314479.35,1,3,4,16
IND22504,16229,16-05-1999,BE33,87521.39,14406.84,2,1151.95,197807.72,0,0,0,10225.98,281898.17,0,1,1,17
IND33992,7472,31-10-2006,BE36,87223.65,28271.26,1,948.36,1280884.95,778015.33,386431.46,87591.13,436.16,874975.19,0,2,2,18
IND89837,42444,2/5/2003,BE06,20835.63,17758.98,1,3220.07,369469.71,439865.44,142402.48,203635.55,85.94,696209.65,0,1,3,19
IND39449,17141,21-06-1996,BE03,88044.48,32454,1,797.94,1378713.96,1800941.06,914323.92,343841.21,37149.84,1556729.46,2,2,4,20
IND74203,14142,1/12/2005,BE22,308476.77,45987.12,1,7131,501679.15,1472296.81,686408.65,317638.09,22795.32,2438528.63,0,2,1,21
IND51348,40298,8/4/2009,BE18,216752.38,16555.86,1,42.6,48703.85,188233.4,61662.67,83504.23,19594.42,902074.88,3,2,1,22
IND66999,5219,9/8/2018,BE09,85439.62,4171.3,1,232.05,577537.8,289254.18,474376.85,101007.56,12560.8,623384.65,1,2,1,1
IND42138,42635,19-01-1999,BE15,353717.03,31925.19,1,1137.47,790745.24,408104.61,222914.28,90023.08,59105.19,1978040.82,2,4,2,2
IND23112,33558,26-06-1996,BE46,464731.12,52498.9,3,201.13,2252516.18,3170634.08,1163903.65,497267.8,82766.64,3825961.94,0,5,2,3
IND93187,8786,3/11/2020,BE49,103645.13,12807.68,3,315.52,75436.92,195183.26,203794.28,99887.9,13910.95,166460.95,0,1,3,4
IND35276,30391,1/8/2005,BE26,347361.13,40479.12,1,1948.72,118671.54,431263.66,499357.92,177499.04,17560.51,944809.75,0,4,3,8
IND52692,12576,27-03-1995,BE40,87143.84,19565.65,2,1164.74,399335.51,476989.04,303538.48,149745.65,48907.29,415459.69,3,2,3,9
IND92250,41581,8/10/2006,BE28,35192.71,13999.46,3,3474.81,265143.35,862058.45,298404.85,434013.28,22859.4,406651.8,2,1,3,10
IND42511,25175,29-08-2001,BE17,291604.58,72974.08,1,3032.63,1882435.78,94983.71,44992.28,29128.34,67470.08,1139808.41,2,5,3,11
IND88769,801,12/8/2015,BE33,106468.98,20277.27,1,1540.27,67922.59,267912.34,233343,230577.45,3653.11,529449.63,1,1,3,12
IND34775,10084,4/3/2017,BE02,452587.98,46947.1,1,8298.25,1511425.06,936493.67,442025.01,211947.25,44945.69,2893659.63,3,5,3,13
IND89996,30093,8/5/2010,BE37,84560.85,41988.42,3,5094.57,750123.76,628956.63,647187.26,309282.59,10685.34,725223.24,2,4,4,14
IND64241,40635,10/3/2008,BE37,179780.6,36389.68,1,979.34,275392.11,166278.85,229464.81,96907.31,5632.93,215303.46,2,2,4,15
IND87995,22283,8/9/2005,BE31,452924.39,66014.6,1,10513.17,1421149,1848766.47,667223.99,831249.89,108653.23,633801.55,0,4,3,1
IND40619,13117,9/6/2021,BE38,394018.58,10300.29,3,2433.9,209188.24,152238.45,63902.56,91794.15,44748.6,557429.66,0,4,1,2
IND83760,2875,2/4/2006,BE43,280497.83,35418.65,1,1336.15,521602.55,160756.05,133963.37,181743.64,366.28,675118.31,2,4,2,3
IND70928,14000,31-07-2020,BE41,169503.63,12138.51,1,1358.24,1115260.68,686288.95,242219.63,334493.77,22528.13,97121.6,2,2,3,4
IND38406,4193,30-09-2021,BE20,112823.2,8768,2,665.6,274672.4,407859.6,130515.07,199688.06,36479.6,876854,2,1,4,5
IND37475,25258,3/10/2001,BE23,77915.62,67612.16,1,6047.43,515246.09,871132.94,189682.17,364119.52,56082.22,275673.13,3,4,1,6
IND46069,16950,26-12-2003,BE08,116590.79,38810.35,2,4881.5,398191.49,1393024.72,737483.68,342169.01,66497.14,951852.74,2,5,1,7
IND84868,4610,2/7/2007,BE40,54649.32,24291.12,2,3712.26,697889,1542258,749708.75,359860.2,49325.67,951282.06,3,1,1,8
IND53486,31441,21-10-2020,BE34,130303.8,63305.2,3,4553.58,327538.77,154279.1,199804.09,45145.61,48332.23,161678.35,1,5,2,9
IND18304,491,16-12-2003,BE23,435965.85,27665.4,1,1785.84,588309.12,298830.63,292854.02,167643.98,35978.88,408969.96,2,4,2,10
IND47238,17906,7/6/2015,BE27,186960.09,44350.86,1,3059.34,546974.99,339973.41,428114.66,161172.58,8286.8,369822.8,1,4,3,11
IND97355,15772,2/11/2007,BE06,249247.9,23695.98,1,5708.06,384541.78,711965.6,221759.78,445036.86,35409.48,577821.18,1,2,3,12
IND77366,10078,3/12/2009,BE19,61572.93,22273.86,3,3102.7,1093201.31,176252.26,69021.86,57485.35,24617.99,746369.82,3,1,3,13
IND46865,39048,23-09-1995,BE27,142319.85,21429.66,1,3573.9,730441.53,459302.34,240763.32,102417.01,32473.18,1526808.27,1,2,3,14
IND32633,33032,29-11-2020,BE12,169516.59,41713.6,1,4112.75,0,1517817.47,962518.4,181891.3,50582.2,570214.91,3,2,3,15
IND37253,22542,8/7/1996,BE33,221535.36,45449.6,1,5489.02,744578.39,259142.88,124246.58,163828,22263.25,126688.87,3,3,3,16
IND66559,17648,5/9/2014,BE08,394720.77,52648.05,1,309.35,439377.44,342667.57,342667.57,177132.78,294.57,990902.09,2,4,3,17
IND62312,30284,15-11-2019,BE37,228140.83,52079.72,2,2337.85,217282.07,103753.79,101964.93,71536.45,37695.35,81631.26,1,3,4,18
IND59076,28331,20-05-2001,BE23,184260.29,19082.67,3,1897.1,336147.63,0,0,0,44824.21,1552857.18,3,2,4,19
IND23792,10353,16-03-2005,BE23,40845.84,22674.99,1,3423.67,687135.83,914994.54,359687.51,160092.49,66224.72,1168043.92,3,2,3,20
IND18657,13821,22-10-2001,BE18,139358.03,11286.88,1,213.26,231925.55,286708.17,268210.87,106821.92,30905.16,836814.73,0,2,1,21
IND55471,313,30-09-1999,BE05,270692.57,38827.1,1,1345.56,835384.76,1263252.44,400543.46,545047.21,54201.3,770874.7,3,2,2,22
IND28379,36599,3/11/2006,BE28,54700.24,29622.4,1,3541.35,265582.1,435820.85,201648.45,77862.32,15949.75,893129.83,2,1,3,1
IND29049,24484,18-06-2008,BE10,411125.76,9998.4,3,3822.75,653284.3,280994.88,142594.42,177152.59,7156.67,1239015.99,3,3,4,2
IND22892,38952,28-08-2020,BE01,126016.12,31082.22,2,732.66,203806.66,33299.91,33820.23,10562.32,43534.26,905489.57,2,3,1,3
IND92064,36787,30-10-2021,BE03,169727.32,53766.3,2,2239.1,398582.88,267088.44,121760.9,322509.29,45080.06,1048504.72,2,2,1,4
IND54924,36121,10/3/2010,BE45,209992.76,16531.71,2,2378.68,546984.4,1146228.68,501475.05,253284.7,5082.39,1261583.55,1,2,1,8
IND87020,13519,8/10/2002,BE12,466402.02,67065.24,2,3628.3,104756.9,237131.98,146795.99,154474.55,24173.18,136213.73,3,5,2,9
IND70196,33144,2/7/2005,BE13,82630.86,23365.26,1,1937.1,806062.44,890641.96,608985.95,152246.49,28605.38,1704234.69,0,3,2,10
IND95448,7672,7/3/2013,BE22,197079.31,4499.2,1,2994.28,174709.53,333012.01,208132.51,380882.49,20689.51,425680.26,1,3,3,11
IND68024,13696,25-12-2015,BE30,82356.13,27260.9,1,482.19,332169.78,115980.83,161935.49,55758.33,9475.15,298593.23,2,1,3,12
IND87284,30616,11/5/2010,BE09,119002.98,42132.86,1,8976.81,449082.34,532750.14,146318.7,260897.5,16498.31,1261270.8,2,3,3,13
IND60030,13121,3/9/1996,BE47,164075.79,19486.72,2,2610.7,408043.6,304826.37,383491.24,98429.42,1193.5,663236.27,1,2,3,14
IND88473,28151,5/9/2004,BE02,154599.34,19384.68,1,2164.41,858079.61,2264886.4,1215304.9,719976.08,94639.59,1048858.39,2,5,3,15
IND48318,38500,12/8/2016,BE10,311977.56,5713.37,1,2022.24,451985.22,1397639.79,962525.52,288362.1,47955.67,1789597.76,0,2,3,1
IND27796,11908,27-11-2007,BE39,149541,26054.34,2,2337.96,247974.36,430087.04,360718.16,64096.84,14247.94,477028.12,1,1,3,2
IND91449,43082,12/7/2012,BE41,57241.14,18617.2,1,2953.65,196928.9,383668.25,168814.03,162982.27,28674.1,171255,0,1,4,3
IND19945,27603,15-02-2019,BE15,40099.99,12527.2,1,4019.53,206729.85,303177.14,151588.57,81560.59,50014.84,711181.7,2,2,4,4
IND23675,43206,24-09-2004,BE30,99307.79,15352.04,2,2125.41,334195.32,260018.7,156805.17,24592.61,9826.81,79778.23,2,1,1,5
IND27188,42824,11/9/2020,BE04,30532.88,7660,1,1443.49,929386.97,1646094.21,708445.61,206699.42,52040.78,1296770.46,3,1,2,6
IND76385,42929,4/8/2017,BE01,97862.34,42803.09,1,361.24,841109.57,403053.66,317297.56,117057.07,27709.56,401526.79,3,2,3,7
IND50214,21340,31-10-2021,BE49,298069.65,57630.5,1,1967.73,238783.15,563604.79,338162.87,433715.56,10461.54,670696.73,2,3,4,8
IND86957,6267,6/6/2021,BE38,44796.75,11829.5,1,3608.09,306349.22,359209.21,187551.71,148579.1,47774.71,998172.51,1,2,1,9
IND96568,28072,18-08-2009,BE04,174889.48,36223.6,1,746.2,497514.27,554546.14,459867.53,266182.15,18409.79,226629.44,3,2,1,10
IND74432,41029,4/11/2014,BE13,393650.35,41991.38,1,5581.13,166158.24,630755.22,227071.88,632353.14,19709.52,1197555.06,1,3,1,11
IND71551,2864,21-09-2004,BE42,144148.44,9082.92,1,794.53,552717.35,651520.2,201798.29,378515.94,23396.24,590584.6,2,2,2,12
IND85827,14946,27-12-2009,BE46,439928.18,63045.7,1,6965.24,1589129.5,953947.79,219054.68,550957.84,104839.54,2311407.14,3,3,2,13
IND20637,23011,2/2/2013,BE01,151421.25,4918,3,2228.28,192468.15,594917.14,262275.3,215129.71,22225.14,361838.82,2,2,3,14
IND37323,4129,13-11-2006,BE45,188204.44,41312.98,1,1152.16,459810.55,183174.36,269941.16,36506.33,4446.56,227628.02,0,2,3,15
IND37456,20440,1/12/2000,BE31,86005.36,18062.4,1,5543.91,818029.82,220878.1,104387.59,33298.13,11336.02,1086248.76,3,1,3,16
IND34064,35585,31-01-2002,BE46,89364.75,39622,1,1411.88,294246.88,1238231.25,614162.7,255967.16,46099.38,504091.88,0,2,3,17
IND47756,12057,5/8/2019,BE04,330149.93,14865.43,1,384.89,390786.08,501416.02,241754.15,164750.98,58429.54,274437.53,0,3,3,18
IND99980,25059,27-06-2018,BE18,89200.25,5597.73,1,2191.56,105791.02,309048.59,260759.75,277660.84,5524.57,96138.11,0,1,3,19
IND51488,4293,2/3/2016,BE46,129036.15,9152.55,2,536.28,395870.81,117544.13,44852.37,91143.1,7191.56,303880.86,1,2,3,20
IND20002,41683,4/3/2004,BE45,279877.46,47796.45,1,3379.45,288749.23,26183.52,12902.03,14025.26,5133.53,645523.36,1,2,4,21
IND27704,1523,25-04-2013,BE20,141549,30838.5,2,992.97,900799.23,183434.48,88120.49,57781.86,30755.55,146344.5,2,2,4,22
IND18899,849,21-11-2016,BE21,74899.51,14461.16,1,1206.52,108088.12,310841.16,155420.58,85481.32,19600.28,308273.84,2,1,1,1
IND40674,38349,11/2/2007,BE26,63218.12,11853.45,3,1878.42,309301.05,0,0,0,34711.56,264123.13,3,2,2,2
IND49390,22708,16-09-2021,BE45,199522.9,10202.04,1,5646.66,768462.63,914288.18,240927.29,309004.7,37545.26,851385.72,2,2,3,3
IND58018,36561,3/10/2003,BE18,332158.75,39265.8,2,4983.89,717717.5,302394.07,191696.24,69685.63,11267.65,417029.98,0,2,4,4
IND31659,15606,9/8/2002,BE04,236135.04,36389.4,3,678.97,660778.67,1667020.54,730081.99,321236.07,20291.89,1944674.45,0,2,1,8
IND62967,35638,18-05-2020,BE48,95425.4,21074.73,1,5764.87,781565.07,1651345.59,658055.01,542709.14,25565.13,1380915.02,1,2,1,9
IND85018,3747,14-03-2018,BE15,26233.91,4819.5,1,2928.65,293246.33,589372.99,292210.14,227428.64,8724.9,202155.53,0,1,1,10
IND15294,12094,5/4/2002,BE01,66477.68,7540.83,2,1939.61,232533.11,569217.38,359745.38,49726.83,21058.31,226707.86,3,1,2,11
IND76668,40309,19-12-2021,BE31,147317.84,20100.96,1,1311.94,204350.01,323213.56,92725.2,180814.14,33590.35,784757.53,2,2,2,12
IND24384,31717,26-02-2015,BE40,63442.79,14667.84,1,3286.06,331693.91,521012.09,109686.76,169230.99,38674.27,238850.98,2,1,3,13
IND20755,32629,7/10/1996,BE27,241146.8,11445.84,1,1104.26,95355.84,19577.68,24549.79,3719.76,32380.69,476097.96,2,2,3,14
IND70347,15035,12/5/2005,BE48,50180.07,30793.46,1,860.89,332227.16,1003245.95,441680.6,189291.69,55879.36,1193842.39,0,2,3,15
IND84219,33784,3/2/2015,BE33,135310.88,16960.05,2,3381.89,444838.53,399816.79,138779.38,214645.45,49777.1,1393780.06,1,2,3,1
IND30192,11873,25-08-2000,BE33,31882.91,15895.6,1,1935.07,60573.72,108607.09,95978.36,19700.82,21957.83,84417.26,0,1,3,2
IND27266,4417,5/7/2018,BE12,215081.7,10420.92,2,7017.87,1476984.8,144968.6,41419.6,32683.83,6734.3,2088728.06,3,2,3,3
IND88327,26793,15-04-2012,BE48,168035.75,27763.15,1,2059.74,254923.04,135917.43,118927.75,142349.24,6375.07,226957.99,3,1,3,4
IND27052,11142,4/5/2003,BE26,64108.75,20876.31,1,864.01,226693.68,32563.93,43813.29,9544.19,2223.51,374480.11,1,1,4,5
IND58319,9376,29-08-2015,BE14,224773.67,22141.44,1,2086.31,650006.67,935505.52,254312.18,582011.59,47460.75,680615.41,3,2,4,6
IND45051,17171,29-09-2013,BE19,65898.23,13763.61,1,7471.15,1279521.38,227354.43,114558.44,48114.54,6104.19,1630255.88,3,2,1,7
IND12704,26956,23-08-2020,BE05,45810.98,18919.41,1,4601.97,582740.22,319216.36,235784.81,63480.53,7853.71,865551.18,3,2,2,8
IND80231,36329,12/12/2020,BE43,57744.84,7563.78,2,2413.34,648104.3,609698.13,248960.07,279851.44,5495.16,1394768.76,0,2,3,9
IND91902,41106,1/1/2013,BE20,106275.03,28488.75,2,4931.53,1322088,1012792.3,428172.35,466378.5,7746.17,1059456.99,3,2,4,10
IND86434,1276,17-09-2002,BE45,87806.88,13886.36,2,1428.19,204238.4,605981.98,207309.63,369649.01,15754.08,737892.59,3,1,1,11
IND96193,21076,28-07-2009,BE35,59897.65,4594.86,1,125.21,756748.22,1498393.77,926487.75,265135.63,6216.63,1601429.81,0,2,1,12
IND15796,8663,3/7/2011,BE12,410710.56,32365.02,1,9844.08,0,1699245.61,1014474.99,131881.75,6388.48,490663.71,2,3,1,13
IND98793,10650,16-10-2004,BE08,168418.92,12056.88,1,6654.69,817681.51,787307.45,284489.25,467620.93,27763.1,369280.94,1,2,2,14
IND34695,10152,17-02-2019,BE14,86127.46,19549.32,1,3961.25,594368.12,557125.87,267269.85,75324.92,18824.53,842638.89,3,1,2,15
IND16655,35922,14-02-2019,BE39,176353.61,8156.85,2,2873.65,876493.51,888786.2,389373,242257.72,45692.18,240577.3,1,2,3,16
IND18544,24025,1/8/2004,BE23,263795.04,25800,1,339.34,76861.42,314269.05,197964.76,27220.15,22091.9,1956634.14,3,3,3,17
IND32922,12562,5/7/2020,BE35,31019.08,19674.9,1,312.74,237786.12,39702.86,28914.04,9541.63,15875.74,219435.81,2,1,3,18
IND77237,1375,4/4/2013,BE03,383780.43,42927.2,2,1184.04,703401.69,94039.36,85358.8,62876.16,23204.79,457061.57,3,5,3,19
IND26295,38842,28-01-2017,BE10,120861.21,19354.83,2,2701.22,419898.82,523836.09,217336.25,207361.07,27609.04,715354.7,1,1,3,20
IND36962,9600,21-07-2020,BE49,34790.13,3728.64,1,860.08,313934.98,193911.29,158899.53,78399.41,7278.11,98574.8,2,1,3,21
IND32434,40304,11/12/2021,BE41,27539.46,19192.32,2,2156.04,481823.31,200763.09,48260.36,97003.32,17716.9,130619.51,2,1,3,22
IND23721,18963,5/10/2007,BE17,141027.42,19663.48,2,2029.4,264240.74,207162.43,76323,115792.9,25234.48,457641.72,2,1,4,1
IND23827,41443,19-08-2020,BE29,228548.88,8979.77,3,2896.68,860931.46,525947.01,568362.09,165164.33,20047.79,1133260.35,3,3,4,2
IND30551,20017,11/7/2021,BE24,316713.75,42890.4,1,7342.34,894287.82,744622.59,554137.74,202606.61,10649.55,1838172.81,3,5,1,3
IND27518,8597,15-04-2016,BE03,336871.57,7570.55,1,4649.33,215789.6,379581.89,228420.96,67720.1,79203.9,693683.89,1,5,2,4
IND45324,39551,13-06-2014,BE26,44224.88,17692,1,4697.11,762270.09,729015.73,254656.18,190842.34,3881.85,785649.94,2,1,3,8
IND47775,40638,28-11-2018,BE36,137731.78,11108.16,1,7701.51,1449640.85,2077864.55,790173.84,538488.84,40259.39,1262692.51,2,2,4,9
IND64118,23884,4/11/2013,BE32,94397,33143.46,1,3804.32,474383.35,868683.64,637565.97,149828,13164.5,487920.04,1,1,1,10
IND69719,3487,21-01-2016,BE40,87687.32,44036.8,3,2984.52,859192.44,207515.08,163827.69,198231.51,43955.29,243249.04,0,4,1,11
IND36598,2882,24-06-2012,BE05,101645.44,23677.35,2,4525.42,53021.33,770258.34,575256.23,279828.03,41470.12,614036.62,0,2,1,12
IND91994,13896,19-04-2012,BE34,52296.26,46332.7,2,1772.69,631681,172082.84,86041.42,182025.41,31993.39,92358.32,0,2,2,13
IND74106,4760,16-01-1996,BE30,277253.05,38829.05,2,1605.76,100554.48,976917.76,390767.1,226400.69,41096.64,214084,0,2,2,14
IND70950,22794,7/11/2021,BE24,255576.67,25252.5,3,5523.65,174909.07,456995.64,422720.96,148523.58,11069.76,169578.24,1,3,3,15
IND48642,26628,5/6/2015,BE28,270928.49,29568,1,2521.61,485193.8,264557.54,183155.22,181323.67,27704.04,240601.73,1,2,3,1
IND30520,12086,22-04-2001,BE30,126351.9,47758.72,1,5420.42,815068.74,1020976.76,662548.75,275337.88,52366.87,699367.22,1,2,3,2
IND94062,29597,26-12-2014,BE39,85500.85,11324.96,1,2592.85,196662.47,336743.01,270342.98,244731.54,9086.27,587666.47,2,1,3,3
IND89076,31009,15-04-2017,BE49,252503.57,25967.52,1,6347.98,1156608.23,689154.21,492253.01,142753.37,48764.62,1019597.64,3,2,3,4
IND44502,24866,24-06-2008,BE04,367602.48,65369.46,2,11370.21,1433459.95,473855.64,261104.13,47159.92,79138.92,1423811.57,3,4,3,5
IND88994,2938,23-07-2011,BE26,144158.23,3163.86,1,4648.39,687574.17,628718.3,262421.55,329776.42,454.02,755723.05,1,1,3,6
IND64701,24440,3/7/1995,BE06,184903.8,37937.12,1,5112.17,237716.76,1553374.78,830874.88,354627.03,56720.84,1240572.82,2,2,4,7
IND23199,25019,3/2/2020,BE32,277766.36,18008.42,1,7988.18,851536.08,2632942.22,469569.31,712403.73,80786.78,426974.26,1,2,4,8
IND26254,31324,4/11/2001,BE33,105404.43,17980.9,1,4819.45,380188.84,1356428.64,563045.85,176932.89,34240.52,189334.34,3,1,1,9
IND26157,28935,24-08-2019,BE14,50428.6,31048.08,1,3796.18,833551.24,363898.11,266184.73,43162.36,40967.34,392059.18,1,1,2,10
IND15640,38027,9/7/2005,BE42,98968.44,16991.7,1,2510.51,314046.53,54931.97,19316.74,21344.99,12134.82,738231.09,1,1,3,11
IND30423,23952,7/9/2021,BE19,44111.91,14483.42,1,5583.31,155020.93,1616824.9,469753.18,404752.45,31626.7,1067838.14,2,2,4,12
IND96496,13022,15-12-2008,BE15,315769.17,33274.08,2,10279.55,923741.3,1485080.78,847123.54,242423.75,76188.91,1716789.88,0,3,1,13
IND86268,29091,22-10-2021,BE45,91082.66,18031.8,1,6843.47,1480193.09,1139558.39,575534.54,656109.38,2065.22,655237.06,1,3,1,14
IND94102,39181,15-05-2005,BE25,226527,38478,2,2464.02,156791.7,289123.04,236302.48,50040.53,12450.36,1649984.7,0,3,1,15
IND89960,26475,14-08-2017,BE44,259991.82,60147.9,1,482.52,297362.58,511215.38,519329.91,341783.99,30607.23,561820.46,1,4,2,16
IND16977,41718,13-03-2004,BE21,118779,26405.44,1,4337.29,864529.79,357572.13,130896.94,99832.86,26691.72,1227305.59,2,1,2,17
IND49418,18528,8/2/2000,BE20,84498.12,12012.35,1,82.31,83669.95,369716.66,269793.24,188455.57,28525.38,337037.79,2,2,3,18
IND90745,28611,1/12/2013,BE32,92136.04,2445.8,2,422.09,55529.61,379297.08,254024.65,109926.56,11912.26,0,2,1,3,19
IND26350,22320,4/3/2007,BE40,192675.55,10407.63,1,2947.15,28459.91,340772.82,289140.58,138580.95,5345.43,255465.38,0,2,3,20
IND13447,42504,14-10-1996,BE03,84509.08,39052.02,2,2304.55,123482.47,227737.08,67778.89,101668.34,6252.62,745954.2,0,2,3,21
IND52771,18680,3/10/2008,BE44,46499.9,31092.6,2,187.6,1057156.48,970917.69,411904.48,271856.95,21346.72,711112.93,1,2,3,22
IND36809,31469,14-03-2008,BE24,417931.79,30222.36,2,4863.9,1890417.11,1586142.66,445423.62,455092.58,13918.41,699281.02,0,3,3,1
IND79287,14645,7/10/2021,BE43,88340.51,38996.01,1,3161.29,1289173.51,1084092.57,519271.23,423069.4,8990.35,1844060.82,0,2,3,2
IND28199,30301,28-02-2002,BE23,159658.34,46425.08,1,7303.15,505419.33,672708.9,396030.24,92280.47,18714.1,587672.13,2,2,4,3
IND34414,41705,30-04-2013,BE14,30131.94,22158.76,2,1388.25,898475.82,243778.1,153965.11,41313.97,26473.74,592878.76,1,1,4,4
IND36046,13992,26-11-2019,BE03,72194.17,5631.99,1,5416.7,1010095.41,688654.25,319243.69,95773.11,42546.26,1258668.34,1,1,1,8
IND96031,9870,28-07-2020,BE34,255872.4,61134.84,2,1307.55,474724.09,247129.87,213933.32,188999.03,44099.08,574296.11,3,3,2,9
IND43923,10246,10/11/2021,BE14,333480.27,3496.56,1,1386.18,900474.16,336146.63,253977.45,92029.48,4713.01,610168.28,2,2,3,10
IND73608,42372,29-05-1995,BE18,167464.75,8805.35,1,2834.43,741852.72,439503.76,166383.56,151974.12,57747.48,1970082.35,3,2,4,11
IND31048,27841,24-08-2000,BE30,238459.67,20385.28,1,595.8,463876.86,104868.5,76678.04,23815.3,21465.89,953332.44,0,2,1,12
IND57498,18352,1/12/2012,BE38,95532.94,17243.2,1,5413.4,890014.52,866277.32,794936.83,199549.53,7012.33,1310695.75,2,2,1,13
IND79604,19032,1/12/2021,BE24,110486.1,22062.3,2,2893.55,476369.9,316284.64,182471.91,240862.92,16569.77,651320.79,3,3,1,14
IND53269,10900,7/10/2000,BE19,106918.07,35970.53,1,2429.31,446184.01,631578.07,231845.11,482477.67,23025.34,996484.51,2,2,2,15
IND28717,18331,18-02-2002,BE24,331238.88,8925,2,10573.18,573374.91,563684.97,228997.02,78915.9,96109.57,1239125.38,2,2,2,1
IND14040,22539,30-03-2017,BE44,372641.06,29141.25,1,3392.01,2021102.08,518507.01,254170.1,43208.92,88126.85,1361037.13,2,3,3,2
IND33384,3603,27-01-2015,BE41,207638.81,49963.5,1,7462.89,1057710.13,308029.91,125041.84,122358.02,38567.36,608444.45,2,3,3,3
IND43946,33270,25-09-1999,BE27,279296.1,30254.64,3,9442.3,1786786.54,568965.62,135078.17,211172.2,20722.31,2354992.99,1,3,3,4
IND85232,33822,12/2/2007,BE33,162784.58,34174.16,1,2618.78,442697.45,58207.68,32741.82,65774.68,39250.05,557886.69,3,3,3,5
IND43081,42699,5/7/2003,BE24,113891.52,56913.94,1,9281.5,1248671.29,745329.34,379565.87,236020.96,36202.77,1881374.49,2,4,3,6
IND71997,14287,29-10-2004,BE28,461480.83,9069.36,1,12607.68,2015852.94,2769328.8,1384664.4,466170.35,117791.28,1768358.22,2,5,3,7
IND97485,15417,2/5/2000,BE48,26242.27,25467.42,1,387.94,175431.66,88257.43,137289.34,32164.93,14540.94,215948.28,3,1,3,8
IND50522,12258,11/3/2019,BE02,105422.83,27422.6,1,1198.96,144323.82,191149.27,139017.65,173076.98,28835.3,392190.58,1,2,4,9
IND53714,40018,13-06-2006,BE19,84024.49,11405.94,1,452.09,57322.36,31912.55,31456.66,12012.8,8583.85,126598.84,0,1,4,10
IND80089,18443,31-12-2009,BE43,49460.08,6300.03,2,1767.15,266081.8,1062716.4,180592.33,555113.04,12721.97,996771.06,3,1,1,11
IND62555,25447,5/5/2004,BE06,34449.05,4568.48,1,1172.34,191498.29,60424.78,73560.61,13030.74,2439.73,207921.84,3,1,2,12
IND34231,12247,12/6/2011,BE10,361904.2,32874.82,1,1657.56,137593.12,133990.39,151989.1,32637.66,9074.76,1217782.7,3,3,3,13
IND50427,4016,9/5/2004,BE48,269208.19,5071.04,1,703.25,302274.92,268683,133062.06,100717.74,41230.81,1011803.86,3,4,4,14
IND93386,28538,6/10/2001,BE28,133980.14,18944.32,1,3539.4,71586.24,166042.89,125963.57,77868.39,2258.01,540310.06,3,2,1,15
IND34216,39519,3/6/2021,BE16,188137.99,25467.44,1,3128.65,34893.65,354346.84,383471.23,69316.07,2860.01,122603.27,2,2,1,16
IND19004,21289,2/4/2021,BE30,85056.25,13654.25,1,2557.8,184405.2,116331.16,70199.84,16547.1,17304.3,356630.11,1,1,1,17
IND68883,7439,27-08-2020,BE09,47530.5,16986.58,1,524.53,294164.58,806418.6,173604,378680.74,17498.33,751371.38,0,1,2,18
IND54095,24211,23-03-2003,BE43,87354.96,24324.48,1,3154.76,633456.88,440233.96,344711.5,60719.06,6205.65,148044.75,3,1,2,19
IND38266,2153,26-10-2000,BE27,356554.05,56073.06,1,5081.16,366610.73,467088.25,344170.29,194702.05,21227.12,1526518.71,2,3,3,20
IND20371,35055,26-11-2021,BE37,268794.77,63134.64,1,679.8,826351.89,194305.07,207705.42,71289.86,15595.95,994980.49,1,3,3,21
IND46101,11767,2/5/2020,BE47,40905.2,17747.2,3,4751.21,295892.52,459765.97,161216.64,108492.83,55837.94,271131.17,3,1,3,22
IND25443,15302,9/2/2006,BE28,138824.95,33081.12,1,6020.66,230104.9,832390.54,164287.61,233836.03,9360.77,1184698.94,2,2,3,1
IND87264,27493,18-03-2019,BE46,261310.76,53906.58,2,4370.73,239312.89,56422.66,48362.28,36755.33,28253.86,963979.38,2,3,3,2
IND93571,17409,31-01-2021,BE06,132736.5,5535.5,1,4982.45,735646.95,594521.88,178745.14,251797.5,46966.41,1909515.74,1,2,3,3
IND62324,30536,19-07-2021,BE23,119770.6,7387.2,3,1087.15,237403.06,758957.5,469173.72,205332.5,39506.02,1331721.07,1,2,3,4
IND78256,28972,4/9/2003,BE29,354554.29,31096.71,2,10373.69,243447.75,964355.02,259897.1,453725.62,77374.99,2161598.99,3,3,4,8
IND83513,4237,16-05-2003,BE25,54958.09,2458.8,2,2719.99,518893.62,918754.76,599526.41,198778.04,33308.99,406620.68,2,1,4,9
IND99892,1379,6/7/2019,BE34,474482.25,70427.7,1,1070.78,1601301.31,1020310.16,637693.85,429217.02,850.82,2141715.89,3,4,1,10
IND80022,43271,15-05-2019,BE16,64821.2,26607.36,1,810.8,1119510.36,197108.91,106844.08,83559.44,21577.36,262611.21,2,2,2,11
IND24501,20935,1/2/2003,BE16,353210.83,32236.84,3,2521.03,774648.5,324112.57,324112.57,87369.48,19955.59,177248.76,2,2,3,12
IND93719,35434,11/5/2018,BE29,61624,22007.78,2,279.5,92992.31,278099.95,113034.17,79662.18,59926.94,481021.17,1,2,4,13
IND19589,27490,22-05-1996,BE05,322668.5,8959.3,1,4241.51,895255.97,1184493.52,762894.13,134911.8,36303.53,913863.27,3,2,1,14
IND54576,7006,17-09-2002,BE01,52402.1,3479.97,1,897.39,308856.13,203854.76,254818.45,73047.96,7316.95,373986.05,2,1,1,15
IND47226,14369,17-04-2017,BE35,188476.49,14241.42,1,5056.36,438838.19,1363870.19,556681.71,296896.91,50779.55,657055.21,1,2,1,1
IND33338,21725,8/11/2007,BE43,174099.34,28920.28,1,5063.31,518109.48,951121.85,260677.84,301822.67,3154.95,923459.51,3,3,2,2
IND24309,6198,21-01-2019,BE41,297850.41,53289.54,1,4327.91,990326.11,838261.6,630618.82,83057.11,13537.02,180596,3,5,2,3
IND66827,8760,9/10/2014,BE30,297617.14,61177.6,1,649.85,223935.14,1089957.03,532867.88,657849.62,12947.31,1238859.91,1,3,3,4
IND40556,32837,5/2/2009,BE38,42397.46,33356.88,1,1639.04,595902.02,136891.32,56581.74,93195.61,23205.69,277171.07,1,2,3,5
IND72414,36088,29-12-2009,BE11,48339.88,18889.92,1,2352.84,880493.03,214860.89,158726.06,35539.15,30291.81,502947.22,2,2,3,6
IND46652,24871,13-02-2006,BE29,107265.87,11283.09,2,3578.61,268625.03,742630.22,404638.26,56411.33,6413.14,1538368.6,3,1,3,7
IND40216,38518,8/12/2005,BE19,56826.53,8855.3,1,1494.69,285640.66,65617.66,77769.08,32371.38,8992.36,329412.55,1,1,3,8
