Client ID,Name,Age,Occupation,Nationality,GenderId,Properties Owned,Fee StructureId,Loyalty ClassificationId
IND81288,Raymond Mills,24,Safety Technician IV,American,1,1,1,1
IND65833,Julia Spencer,23,Software Consultant,African,1,1,1,1
IND47499,Stephen Murray,27,Help Desk Operator,European,2,1,1,3
IND72498,Virginia Garza,40,Geologist II,American,1,0,2,4
IND60181,Melissa Sanders,46,Assistant Professor,American,2,0,2,2
IND78532,Samuel Hudson,23,Help Desk Technician,American,1,1,1,4
IND95683,Timothy Alexander,46,Account Coordinator,Asian,2,1,1,3
IND40785,Carl Martin,78,Automation Specialist II,European,2,0,2,3
IND13570,Philip Day,67,Software Test Engineer II,Asian,2,0,1,4
IND53299,Jason Sims,51,Geologist III,European,1,2,2,4
IND76263,Amy Martinez,55,Administrative Officer,European,1,3,1,1
IND56452,David Johnston,73,Database Administrator II,American,2,0,2,1
IND28766,Wayne Foster,45,Staff Scientist,African,2,3,3,4
IND17897,Carlos Moore,44,Programmer I,American,2,0,1,1
IND86325,Lisa Johnston,36,Software Test Engineer I,Asian,1,1,1,2
IND74197,Andrew Mills,55,Actuary,European,1,3,2,4
IND28503,Jack Coleman,61,Staff Accountant II,Asian,2,1,1,4
IND56539,Aaron Day,56,Assistant Media Planner,Asian,2,3,3,1
IND53604,Kevin Weaver,43,Staff Accountant I,American,2,3,3,1
IND32064,Mary Fox,63,Compensation Analyst,Australian,2,2,2,1
IND72934,Carlos Little,41,Geologist I,American,1,2,3,1
IND16101,Roger Boyd,58,Web Designer II,European,2,3,1,1
IND93121,Aaron Marshall,26,Media Manager IV,American,2,0,2,1
IND93310,Cheryl Stewart,21,Accounting Assistant II,European,1,1,1,3
IND71301,Anne Nguyen,41,Programmer II,American,2,0,1,1
IND21279,Christopher Evans,36,Administrative Assistant IV,European,2,3,1,1
IND98618,Maria Clark,34,Help Desk Operator,Asian,1,0,1,4
IND35589,Jimmy Simpson,52,Geological Engineer,European,2,1,1,1
IND40198,Louise Sanders,78,Junior Executive,European,2,0,3,1
IND49616,Angela Alvarez,34,Biostatistician IV,Australian,1,0,3,1
IND55475,Henry Grant,75,Software Test Engineer I,European,1,3,3,1
IND61272,Larry Foster,47,Internal Auditor,European,2,0,1,3
IND33884,Carol GoPKRalez,34,Chemical Engineer,European,1,1,1,2
IND53121,Timothy Stanley,79,Accountant III,American,2,3,1,1
IND25680,Billy Wilson,73,Registered Nurse,European,2,3,1,2
IND55454,Kathleen Riley,80,Cost Accountant,European,1,2,3,1
IND96454,Bobby Jenkins,73,Developer IV,European,2,2,3,3
IND14292,Arthur Burns,51,Accounting Assistant II,Asian,1,2,3,2
IND67206,Lawrence Richardson,49,Junior Executive,European,2,2,2,3
IND90177,Julia Roberts,81,Software Engineer I,European,2,0,2,2
IND60970,Philip Fisher,27,Accountant I,Asian,1,3,1,3
IND24003,Jeffrey Taylor,56,Automation Specialist IV,European,2,1,2,4
IND87800,Mark Mccoy,33,Biostatistician I,European,1,1,1,4
IND75987,Timothy Cook,79,Nurse,European,2,0,3,1
IND70083,Larry Green,56,Human Resources Manager,European,1,2,2,1
IND31444,Edward Gordon,55,Analyst Programmer,European,1,0,2,3
IND70450,Edward Evans,77,Database Administrator III,Australian,2,1,1,3
IND47520,Joseph Morrison,49,Web Designer III,Australian,2,2,2,4
IND69076,Kathy Wheeler,67,Senior Editor,European,2,2,1,1
IND53190,Amy Sims,66,Health Coach III,European,1,0,3,3
IND58356,Sharon Warren,64,Web Developer I,African,1,0,2,4
IND33691,Nicholas Gilbert,49,Systems Administrator III,African,1,2,1,4
IND20398,Melissa Miller,65,Biostatistician III,Australian,1,1,1,1
IND54314,Kevin Gomez,32,Project Manager,European,2,2,2,1
IND74305,Ronald Larson,29,Software Engineer III,Australian,1,3,1,3
IND37195,Christine Williams,31,Engineer III,European,2,0,1,1
IND52609,Angela Roberts,22,Health Coach I,European,1,3,1,1
IND26283,Joshua Hughes,58,Human Resources Assistant I,European,2,3,1,1
IND61913,Joshua Stephens,75,Software Test Engineer II,American,1,1,1,4
IND35876,Evelyn Ramirez,18,Web Designer II,American,1,0,2,1
IND19011,Lillian Burns,47,Sales Associate,European,2,2,2,4
IND86703,Lillian Bell,41,Biostatistician I,European,2,2,1,2
IND23640,Phillip Perez,36,Accounting Assistant III,European,2,0,3,1
IND93407,Karen Morrison,84,Dental Hygienist,European,2,3,1,1
IND40136,John Cruz,26,Developer IV,European,1,0,2,4
IND76215,Joseph Thomas,74,Engineer IV,American,2,1,3,2
IND93216,Anthony Green,47,Software Consultant,Asian,1,2,1,1
IND54572,Terry Hanson,82,Software Test Engineer II,European,2,0,1,3
IND18649,Norma Perez,25,Accountant II,European,1,0,2,2
IND51790,Ann Bradley,44,Software Engineer II,European,1,2,2,1
IND17740,Daniel Morrison,38,Health Coach IV,Asian,2,1,1,3
IND49489,Keith Weaver,74,Associate Professor,American,1,3,1,3
IND50658,Patrick Richardson,35,Computer Systems Analyst I,Asian,2,0,2,1
IND14798,Beverly Griffin,74,Health Coach I,American,1,0,1,4
IND60926,Virginia Greene,62,Electrical Engineer,American,1,1,2,1
IND57710,Antonio Ruiz,23,Statistician I,European,1,1,3,1
IND71795,John Chapman,68,Programmer Analyst III,European,1,2,2,2
IND98220,Ruth Bishop,79,Human Resources Assistant II,American,1,1,1,1
IND91662,Alice Chavez,29,Assistant Professor,European,2,3,1,4
IND18901,Heather Palmer,52,Accounting Assistant III,European,1,1,2,4
IND49888,Louis Banks,68,Administrative Assistant I,American,2,3,2,1
IND76081,Bobby Gordon,41,Geologist IV,Australian,1,0,2,3
IND93705,Randy Gardner,70,Help Desk Operator,American,1,3,2,3
IND52847,Eric Burke,32,Assistant Media Planner,Asian,2,3,1,1
IND24592,Martin Shaw,47,Technical Writer,American,1,0,2,1
IND31656,Phillip Hansen,83,Human Resources Assistant I,Asian,1,1,2,4
IND85060,Randy Wheeler,24,Software Consultant,European,1,3,1,2
IND89139,Matthew Brown,84,Administrative Assistant IV,European,2,3,3,3
IND81423,Dennis Hanson,29,Recruiter,American,1,1,1,1
IND85541,Alan Bennett,85,Staff Scientist,African,1,2,1,1
IND59219,Helen Jenkins,51,Web Developer III,European,1,3,1,1
IND43444,Katherine Myers,59,Senior Developer,European,2,2,1,1
IND85299,Scott Hughes,84,Health Coach IV,American,1,0,1,4
IND58136,Barbara Larson,69,Office Assistant II,American,2,1,2,1
IND35725,Tammy Willis,17,Operator,European,2,3,1,1
IND15648,Aaron Williams,78,Software Engineer III,Australian,2,2,1,2
IND48116,Lawrence Gibson,25,Dental Hygienist,African,2,3,1,1
IND28531,Ronald Burns,61,Web Designer I,Australian,2,3,2,3
IND45135,Benjamin Boyd,61,Editor,American,1,2,3,4
IND72586,Craig Wagner,48,Analog Circuit Design manager,Asian,1,3,1,1
IND80929,Mary Austin,35,VP Marketing,European,1,2,1,4
IND40714,Steven Wilson,21,Senior Editor,European,1,0,3,4
IND48405,Joe Lawrence,23,Civil Engineer,European,2,2,1,3
IND52634,Willie Price,24,Media Manager I,European,2,1,2,1
IND18163,Kevin Perez,50,Nurse,European,2,2,2,3
IND94008,Ruth Cook,20,Accountant III,American,2,2,2,1
IND53034,Bruce Vasquez,49,Senior Quality Engineer,European,1,2,1,3
IND91806,Joe Lawrence,42,Engineer IV,American,2,2,2,3
IND25702,Christopher Cox,76,Administrative Assistant IV,American,1,1,2,4
IND67912,Russell Lawson,66,Internal Auditor,European,2,2,2,4
IND76171,Jacqueline Williamson,42,Software Test Engineer III,European,2,2,2,4
IND34798,Craig Myers,29,VP Accounting,European,1,2,1,1
IND93920,Paul Riley,22,Statistician I,European,2,3,2,1
IND18628,Patrick Ruiz,36,Accountant II,Asian,2,3,1,2
IND42134,Ann Henderson,35,Biostatistician III,American,2,2,3,4
IND92265,George Nguyen,84,Information Systems Manager,Asian,2,1,2,1
IND77317,Michael Perkins,48,Programmer Analyst II,European,2,2,2,2
IND60176,Eugene Ryan,25,Accounting Assistant IV,Asian,1,3,2,1
IND51597,Janet Gordon,20,Programmer Analyst IV,European,1,1,3,2
IND33238,Ruby Oliver,79,Health Coach IV,European,2,0,3,1
IND18364,Peter Riley,24,Computer Systems Analyst IV,European,1,2,2,3
IND92467,Philip Hanson,32,Speech Pathologist,Asian,2,3,2,4
IND60476,Carolyn Ross,76,Statistician IV,European,2,3,3,4
IND61025,Pamela Bailey,40,Paralegal,Asian,1,0,2,3
IND55955,Shirley Chavez,43,Editor,American,2,0,2,4
IND75964,Daniel Harris,71,Programmer Analyst IV,European,2,3,1,4
IND17939,Ryan Gray,29,Civil Engineer,Asian,1,1,1,1
IND49363,Phillip Morales,66,Administrative Officer,European,1,3,1,4
IND93355,Henry Wood,61,Health Coach III,European,2,1,2,1
IND65845,Norma Austin,24,Administrative Officer,African,2,0,1,4
IND26284,Kathryn Johnson,23,Systems Administrator IV,Asian,2,0,2,3
IND24774,Dennis Berry,48,Budget/Accounting Analyst I,Asian,2,1,1,1
IND12731,Rachel Adams,26,Senior Financial Analyst,Asian,2,0,1,1
IND93115,Adam Robertson,70,Software Test Engineer II,European,2,3,3,3
IND85411,Jack Morrison,85,Product Engineer,Asian,1,2,1,1
IND58620,Raymond Collins,37,Staff Scientist,Asian,2,2,2,2
IND86466,John Hart,31,Systems Administrator IV,African,2,0,1,1
IND67594,Christina Alvarez,85,Data Coordiator,European,2,0,3,1
IND34060,Rebecca Perkins,37,Assistant Professor,European,2,2,1,3
IND93556,Jonathan Hanson,71,Dental Hygienist,Asian,2,0,1,4
IND98512,Christine Graham,72,Account Representative I,European,1,0,1,3
IND52571,Katherine Young,35,Health Coach II,African,1,3,1,3
IND37643,Jeremy Freeman,56,Help Desk Operator,Australian,1,3,1,1
IND54218,Joseph Butler,19,Administrative Assistant II,Australian,1,3,2,1
IND61793,Brian Smith,26,Staff Accountant III,European,2,2,2,1
IND36608,Kimberly Schmidt,34,Account Representative I,European,1,2,1,4
IND48488,Carol Warren,75,Mechanical Systems Engineer,Asian,2,1,1,1
IND67225,Jean Austin,68,Registered Nurse,European,2,1,3,4
IND82919,John Simpson,62,Staff Accountant III,Asian,2,2,2,1
IND77016,Heather Phillips,83,Automation Specialist III,Australian,2,0,1,1
IND75034,Doris James,30,VP Product Management,American,2,1,1,1
IND90860,Anna Welch,51,Business Systems Development Analyst,European,1,1,1,3
IND73867,Jack Harris,32,Accountant II,European,2,1,3,1
IND27930,Joshua Porter,22,Teacher,African,1,2,1,4
IND35620,Anna Duncan,58,Marketing Assistant,Asian,2,2,1,3
IND91353,Mark Garza,31,Human Resources Assistant I,American,1,1,1,2
IND97689,Paula Ray,57,Structural Engineer,European,2,0,1,1
IND77331,Rebecca Murray,64,Programmer Analyst IV,Asian,1,0,2,1
IND71401,Michelle Rose,82,Research Associate,European,1,2,1,4
IND66104,George Thomas,84,Quality Control Specialist,European,1,0,3,2
IND36471,Carlos Martin,24,Environmental Specialist,European,1,2,2,1
IND81572,Christopher West,19,Automation Specialist II,American,2,2,1,1
IND94055,Joan Bishop,48,Administrative Assistant IV,Asian,1,0,1,3
IND88778,Albert Bryant,17,Structural Analysis Engineer,European,1,1,1,1
IND68221,Paula Perkins,61,Programmer I,Asian,2,1,2,1
IND58681,Andrew Williams,73,Software Test Engineer II,European,2,2,2,4
IND54970,Amy Ryan,28,Structural Analysis Engineer,European,1,3,1,3
IND26450,Albert Cruz,81,Statistician I,Asian,2,1,1,1
IND28733,Chris Larson,74,Speech Pathologist,European,2,2,1,1
IND91334,Sean Myers,49,Pharmacist,European,2,2,3,1
IND61397,Carol Duncan,74,Developer I,European,1,1,1,3
IND65691,George Price,43,Paralegal,Australian,2,2,2,1
IND19666,John Daniels,50,Web Developer II,European,1,2,2,1
IND76794,Carolyn Tucker,74,Payment Adjustment Coordinator,European,1,1,1,3
IND77195,Bruce Banks,83,Information Systems Manager,American,2,3,1,2
IND36167,Norma Sanchez,57,Account Coordinator,American,1,3,1,1
IND76489,Tina Franklin,40,Account Executive,European,1,3,1,4
IND23438,Lillian Ellis,21,Software Test Engineer IV,European,2,2,1,4
IND82705,Andrew Long,27,Social Worker,European,1,0,3,1
IND67912,Mildred Patterson,56,Senior Financial Analyst,Asian,1,3,1,1
IND33202,Fred Ford,82,Engineer IV,European,2,0,3,1
IND19321,Maria Gardner,69,Engineer IV,European,2,3,2,1
IND81583,Judith Matthews,64,Media Manager I,European,1,1,1,3
IND46105,Jack Sullivan,38,Statistician III,Asian,2,3,3,1
IND21098,Jason Woods,83,Community Outreach Specialist,Asian,2,2,2,1
IND47710,Jesse Richards,41,Financial Advisor,Asian,1,0,2,1
IND42043,William Cruz,40,Health Coach IV,European,2,0,1,4
IND49707,Gary Garcia,36,Actuary,European,2,1,2,4
IND27394,Nancy James,50,Research Nurse,European,2,0,2,2
IND86832,Laura Gray,68,Analyst Programmer,European,2,0,2,2
IND34869,Shawn Lane,50,Engineer III,European,1,0,2,1
IND24876,Albert Woods,31,Research Assistant II,Asian,2,1,1,3
IND87901,Daniel Welch,79,Web Designer III,European,1,2,2,3
IND56584,Barbara Gomez,30,Information Systems Manager,African,1,2,1,3
IND43476,Richard Reynolds,42,Systems Administrator III,European,2,3,1,4
IND92423,Larry Kelley,24,Research Assistant I,European,1,1,1,1
IND64291,Victor Black,65,Media Manager III,African,2,1,1,1
IND49463,Shawn Bennett,49,Media Manager II,European,2,0,2,4
IND58198,Jeffrey James,69,Senior Financial Analyst,European,2,2,2,1
IND90041,Richard Sanchez,55,Developer II,Asian,1,0,1,4
IND55402,Howard Simmons,70,Automation Specialist IV,European,2,0,1,1
IND58643,Lillian Fisher,33,Software Engineer IV,European,1,2,2,3
IND17528,Bobby Bradley,66,Quality Engineer,Asian,2,0,2,4
IND98400,Mark Henderson,28,Speech Pathologist,Asian,2,1,2,1
IND43327,Juan Hamilton,74,Human Resources Assistant IV,European,2,3,2,3
IND77723,Bruce Peterson,65,Tax Accountant,American,1,2,1,4
IND33585,Philip Cox,64,VP Marketing,European,2,3,1,1
IND27105,Bruce Greene,43,Database Administrator I,European,1,3,2,1
IND86081,Alice Gibson,22,Marketing Manager,European,2,3,2,4
IND47439,Samuel Myers,51,Office Assistant II,American,2,1,1,1
IND27269,Kathleen Bradley,75,VP Quality Control,Asian,1,2,3,3
IND97061,Bobby Ryan,50,Chemical Engineer,European,2,2,3,1
IND94872,Steven Miller,34,Programmer Analyst IV,European,1,1,3,3
IND86593,Gregory Johnston,73,Web Developer I,European,1,2,1,4
IND84908,Craig Bell,63,Safety Technician I,European,2,3,2,1
IND32885,Stephanie Mills,77,Budget/Accounting Analyst II,European,2,2,3,3
IND70495,Melissa GoPKRales,66,Chief Design Engineer,Australian,2,1,2,2
IND45220,Donald Alexander,73,Civil Engineer,Asian,2,2,2,1
IND49684,Ralph Cunningham,70,Web Designer I,Asian,2,3,1,1
IND26273,Gregory Cunningham,55,Product Engineer,European,2,2,2,4
IND99234,Diana Meyer,85,Systems Administrator IV,European,2,3,1,4
IND41611,Terry Bowman,34,VP Accounting,European,2,0,1,3
IND96915,Mary Arnold,81,Product Engineer,American,2,2,2,2
IND59595,Charles Porter,81,Social Worker,Asian,2,1,2,2
IND20812,Jason Morgan,47,Budget/Accounting Analyst IV,Asian,2,3,1,1
IND59202,Kathryn Campbell,41,VP Sales,European,1,1,3,1
IND19395,Jeremy Fowler,52,Administrative Assistant II,Asian,1,2,3,1
IND38441,Stephen Stewart,73,Business Systems Development Analyst,European,2,2,1,1
IND80195,Jane Price,31,Civil Engineer,American,2,0,2,1
IND90057,Roy Snyder,17,Office Assistant I,European,1,0,2,4
IND21309,Joshua Wheeler,81,Web Designer I,American,1,0,1,1
IND33489,Thomas Barnes,64,Marketing Manager,European,2,2,1,3
IND27091,Rose Myers,47,Tax Accountant,European,2,1,3,4
IND37844,Scott Patterson,22,Food Chemist,African,1,1,2,4
IND47299,Carl Price,58,Database Administrator III,European,2,0,3,3
IND19507,Benjamin Wood,30,Administrative Officer,African,2,0,1,3
IND73841,Carlos Ray,66,Automation Specialist III,American,1,2,1,4
IND79955,Beverly Arnold,28,Office Assistant II,European,2,3,1,1
IND95385,Johnny Campbell,79,Assistant Manager,European,2,2,2,3
IND73492,Lori Wilson,81,Geologist I,African,2,3,1,1
IND38646,Mildred Mason,70,Actuary,European,1,0,2,1
IND89482,Sean Hernandez,40,Health Coach I,European,2,3,2,3
IND27026,Wanda Henderson,57,Human Resources Assistant I,European,2,1,3,1
IND69949,James Payne,51,Systems Administrator IV,Australian,1,3,1,3
IND84825,Christina Powell,48,Developer III,European,2,2,2,4
IND41067,Louis Ramirez,45,Office Assistant I,European,1,1,1,1
IND98674,Jesse Rice,39,Paralegal,American,1,3,1,4
IND97660,Anne Burton,65,Developer I,Asian,2,3,1,4
IND82676,Chris Wallace,78,Computer Systems Analyst II,American,2,1,1,3
IND88784,Joshua Webb,34,Web Developer I,European,1,2,1,4
IND28479,Betty Hall,53,Safety Technician III,European,2,2,1,3
IND23784,Robert Simmons,22,Statistician IV,Asian,2,2,2,1
IND42646,Chris Ross,17,Recruiter,European,1,2,1,1
IND53717,Rebecca Bowman,50,Junior Executive,European,1,0,1,1
IND96295,Tina Smith,48,Executive Secretary,European,1,2,2,2
IND41811,Phillip Ramirez,65,Librarian,Asian,2,1,2,2
IND45638,Timothy Johnston,26,Geologist II,European,1,1,1,4
IND70297,Matthew Snyder,38,Web Developer I,American,2,1,2,1
IND79201,Christine Allen,52,Human Resources Assistant I,European,2,2,1,4
IND17019,Charles Richards,28,Assistant Manager,Asian,2,0,2,3
IND20282,Timothy Tucker,23,Programmer Analyst III,American,2,0,2,3
IND30151,Jose Thomas,65,Statistician IV,American,1,2,2,4
IND45419,Bobby Kim,75,Health Coach IV,African,2,2,2,1
IND78162,Nicole Sanchez,75,Media Manager III,European,2,3,1,3
IND66784,Adam Cook,33,Developer II,European,1,2,1,1
IND97262,Angela Gilbert,72,Software Engineer II,Australian,2,0,2,4
IND33193,Scott Ward,27,Accountant IV,European,2,0,1,1
IND94106,Steve Price,49,Help Desk Technician,American,1,2,2,2
IND15556,Lawrence Morales,22,Paralegal,European,1,0,1,1
IND20631,Catherine Weaver,50,Associate Professor,European,1,0,3,1
IND13898,Evelyn Taylor,70,Nuclear Power Engineer,European,2,3,1,2
IND46880,Judith Schmidt,71,Analog Circuit Design manager,European,1,2,2,4
IND57163,Philip Hansen,74,Staff Accountant III,European,1,3,1,3
IND42982,Anthony Wagner,41,Biostatistician III,Australian,1,3,1,1
IND51913,Kenneth Cole,18,Community Outreach Specialist,European,2,3,1,1
IND76764,Matthew Marshall,63,Dental Hygienist,European,1,2,1,1
IND82314,Scott Tucker,49,VP Product Management,American,2,1,2,1
IND82248,Bruce Hicks,72,Analog Circuit Design manager,Asian,1,0,2,3
IND49091,Howard Hill,71,Director of Sales,European,1,2,1,3
IND24529,Earl Murray,40,Programmer I,Asian,2,1,2,1
IND93171,Jesse Wright,79,Statistician II,Asian,1,2,3,1
IND71818,Beverly Taylor,47,Statistician III,American,2,0,3,4
IND35821,Irene Barnes,36,Chief Design Engineer,European,1,3,1,4
IND44974,Donna Martin,77,Media Manager III,European,2,3,2,4
IND24341,Jacqueline Wells,46,Accounting Assistant I,Asian,1,3,2,1
IND60293,Frances Cox,66,Statistician I,European,2,0,1,1
IND46675,Jose Williamson,31,Data Coordiator,Asian,1,0,1,4
IND17984,Gary Bell,18,Office Assistant IV,European,2,1,1,1
IND23002,Phyllis Berry,44,Account Representative II,Asian,1,1,2,1
IND70737,Russell Moore,74,Structural Analysis Engineer,European,2,1,2,1
IND17926,Ryan Austin,21,Safety Technician IV,Asian,2,2,1,1
IND30891,Douglas Freeman,28,Geological Engineer,American,1,3,3,4
IND51261,Ernest Davis,32,Help Desk Operator,Australian,2,3,2,3
IND69251,Carl King,76,Media Manager I,European,1,1,1,1
IND56740,George Cooper,62,Programmer Analyst I,European,2,0,3,3
IND95612,Nicholas Meyer,57,Compensation Analyst,European,2,0,2,3
IND35099,Thomas Hanson,56,Account Representative II,African,1,1,3,4
IND42857,Joe Baker,27,Research Assistant II,Australian,2,0,1,1
IND32603,Fred Baker,18,Human Resources Assistant IV,European,2,2,2,1
IND62569,Karen Reynolds,20,Research Assistant IV,European,2,3,2,2
IND35181,Patrick Stone,71,Health Coach III,American,1,3,2,2
IND99256,Ronald Riley,83,Geologist III,African,1,3,1,3
IND65151,Jose Martin,47,Programmer I,European,2,1,3,1
IND81182,Jonathan Larson,49,Statistician II,African,1,1,1,4
IND89708,Jose Romero,61,Developer II,Asian,1,3,3,1
IND63717,Karen Carr,40,Human Resources Assistant IV,European,2,0,3,4
IND71868,Earl Richardson,74,Environmental Tech,European,2,0,3,4
IND32785,Aaron Wilson,18,Programmer I,European,2,0,2,4
IND79142,Mark Patterson,31,Programmer II,European,2,3,2,1
IND59824,Daniel Porter,37,Payment Adjustment Coordinator,American,1,0,1,1
IND37278,Charles Thompson,32,Administrative Assistant III,European,1,0,3,1
IND34859,David Fernandez,38,Recruiter,European,1,0,1,1
IND50054,Catherine Walker,28,Office Assistant II,European,1,3,2,2
IND62645,Jimmy Evans,28,Structural Engineer,American,2,2,1,4
IND41646,Joseph Gray,64,Computer Systems Analyst IV,American,2,1,1,4
IND92575,Bobby Warren,85,Software Test Engineer I,Asian,2,0,1,4
IND36120,Christine Butler,28,Recruiter,Australian,1,0,1,4
IND85936,Timothy Price,34,Staff Scientist,Asian,1,3,3,3
IND49172,Jean Cooper,41,Graphic Designer,African,2,0,3,4
IND34576,Patrick Howard,48,Web Designer II,Asian,1,1,2,1
IND75884,Samuel Gomez,59,Account Representative III,European,1,2,3,4
IND41393,Barbara Smith,66,Quality Engineer,Australian,1,0,1,4
IND67868,Philip Robinson,71,Teacher,Asian,1,0,1,1
IND82789,Charles Kelly,76,Administrative Assistant IV,Asian,2,3,1,4
IND77478,Ashley Greene,53,Social Worker,European,2,2,1,3
IND57043,Richard Knight,69,Professor,American,1,3,3,1
IND68936,Thomas Hernandez,51,Accountant IV,European,2,3,1,1
IND44846,Jessica Thompson,47,Geological Engineer,European,1,0,1,2
IND55021,Brandon Morrison,75,Tax Accountant,European,1,2,1,1
IND30407,Stephanie Oliver,81,Account Representative I,Australian,2,2,1,4
IND15466,Karen Meyer,76,Associate Professor,Asian,1,2,3,1
IND15083,Frank Ferguson,82,Cost Accountant,European,1,2,1,3
IND37063,Jesse Dunn,71,Safety Technician III,Australian,2,0,2,1
IND78066,Linda Long,76,Biostatistician I,American,1,1,3,1
IND87900,Joan Martinez,22,Senior Editor,European,2,1,3,1
IND47950,Justin Hart,52,Office Assistant III,European,1,1,2,1
IND84355,Brandon Davis,59,Administrative Officer,European,1,0,1,4
IND45102,Lisa Alexander,21,Physical Therapy Assistant,American,1,0,1,1
IND56828,Justin Miller,61,Accounting Assistant II,Asian,2,1,2,3
IND28199,Wayne Lane,56,Accounting Assistant III,American,2,3,1,4
IND67109,Terry Watson,56,Computer Systems Analyst III,African,2,3,2,1
IND85846,Johnny Torres,28,Professor,European,1,2,2,1
IND76900,Jose Fox,70,Web Developer III,European,1,0,3,3
IND87656,Carolyn Rose,27,Food Chemist,Australian,2,1,1,4
IND76306,Louis James,21,Developer IV,Australian,2,0,3,1
IND42135,Kevin Kelley,30,Environmental Tech,European,2,0,1,1
IND15894,Kevin Medina,43,Human Resources Assistant IV,Asian,1,2,2,1
IND81866,Mark Nelson,47,Safety Technician I,European,1,1,1,1
IND69783,Judith Greene,26,Legal Assistant,Australian,2,2,1,3
IND67788,Shirley Henry,40,Computer Systems Analyst II,American,1,2,2,4
IND29999,Jerry Oliver,19,Speech Pathologist,Asian,2,0,1,4
IND50590,Michael Cunningham,51,Web Designer II,Asian,1,1,3,4
IND64905,Angela Pierce,31,Paralegal,Asian,2,3,1,3
IND50588,Nicholas Watson,68,Data Coordiator,European,1,3,1,4
IND24058,Barbara Harper,41,Budget/Accounting Analyst IV,Asian,2,1,1,3
IND87992,Walter Matthews,36,Geologist I,European,1,1,1,1
IND90735,Jerry Graham,80,Staff Accountant IV,European,1,0,2,1
IND18126,Susan Thompson,63,Research Assistant III,Asian,1,0,2,4
IND95672,Kenneth Freeman,55,Systems Administrator I,European,1,3,2,4
IND59778,Lillian Nelson,79,Professor,African,2,0,1,4
IND74622,Richard Edwards,49,Safety Technician I,Asian,1,1,1,1
IND40781,Phillip GoPKRales,81,Mechanical Systems Engineer,Asian,1,3,1,1
IND39173,Eugene Austin,40,Data Coordiator,European,2,1,1,4
IND41835,Joseph Burns,31,Staff Accountant IV,African,1,2,1,1
IND13004,Ralph West,83,Web Designer III,European,2,1,1,1
IND69109,Cheryl Gordon,49,Geological Engineer,American,2,0,1,3
IND95810,Jimmy Andrews,75,Administrative Assistant I,American,2,3,1,3
IND81099,Denise Hayes,48,Accountant II,European,2,1,1,1
IND76632,Christopher Harper,28,Software Engineer II,Australian,1,1,3,1
IND55460,Mildred Hall,39,Human Resources Manager,American,2,1,2,1
IND64186,Timothy Austin,25,Geologist I,European,2,3,2,4
IND65738,John Torres,41,Help Desk Operator,European,2,1,2,1
IND38016,Todd Russell,48,Design Engineer,Asian,2,2,2,2
IND97456,Robert Sanchez,64,Research Associate,European,2,0,1,2
IND94167,Larry Phillips,60,Financial Analyst,European,1,2,1,3
IND54473,Lawrence Mitchell,44,Computer Systems Analyst IV,European,1,0,1,3
IND32547,Wayne Hart,17,Help Desk Technician,Asian,2,1,1,1
IND78611,Peter Porter,40,Chief Design Engineer,Asian,2,1,2,2
IND15955,Susan Dunn,20,Programmer Analyst IV,Asian,2,2,2,1
IND15581,Jonathan Hunter,35,Financial Advisor,Australian,2,2,2,4
IND29679,Lawrence Harrison,33,Software Engineer III,American,1,3,1,3
IND30445,Beverly Carter,37,Junior Executive,Australian,1,3,1,4
IND90272,Betty Meyer,45,Database Administrator III,Asian,1,3,1,3
IND25035,Carlos King,65,Research Associate,Asian,2,1,2,1
IND25593,Anna Reed,56,Systems Administrator IV,American,2,1,2,3
IND79190,Annie James,63,Research Assistant I,Asian,1,2,1,1
IND31341,Joseph Kennedy,45,Budget/Accounting Analyst III,Asian,2,0,3,3
IND49233,Kenneth Perkins,48,Computer Systems Analyst I,American,2,3,1,1
IND82834,Brandon George,37,Analog Circuit Design manager,European,1,1,1,1
IND64549,Roger Hunter,77,Human Resources Manager,European,2,3,3,3
IND63160,Clarence Baker,84,Web Designer IV,Australian,2,1,2,1
IND99412,Robert Lane,55,Database Administrator III,European,2,0,1,1
IND41977,Billy Gutierrez,75,Human Resources Assistant III,Australian,2,1,2,4
IND54849,Kevin Harris,79,Engineer I,Asian,2,1,2,1
IND73662,Clarence Moreno,23,Computer Systems Analyst I,Asian,2,0,3,4
IND58104,Douglas West,76,Speech Pathologist,European,2,1,3,2
IND42259,Jeremy Sullivan,32,Database Administrator III,European,1,0,1,3
IND96983,Roger Williams,22,Project Manager,Asian,1,3,3,1
IND15092,Eric Mendoza,77,Editor,American,2,1,2,4
IND52181,Nicholas Mitchell,73,Food Chemist,Asian,2,1,1,1
IND14614,Robert Washington,65,Staff Accountant II,European,1,2,2,1
IND75661,Karen Bradley,78,Database Administrator II,Asian,1,2,3,1
IND63878,Lillian Garrett,81,Media Manager III,Asian,1,2,1,4
IND60682,Ralph Cole,46,Health Coach III,European,2,1,1,4
IND71119,Bobby Gardner,71,Staff Scientist,American,1,1,2,4
IND31796,Heather Welch,26,Account Executive,European,1,2,1,1
IND15290,Chris Nelson,79,Database Administrator II,Asian,2,0,3,4
IND69222,Ernest Reynolds,56,Accounting Assistant I,Asian,1,1,1,4
IND41761,Jacqueline Watkins,45,Civil Engineer,Asian,1,1,1,1
IND65488,Bonnie Simpson,41,Accountant II,American,2,1,3,4
IND99221,Alan Kennedy,39,Research Assistant II,European,1,3,1,1
IND71359,Wayne Woods,51,Staff Accountant III,Australian,1,0,1,4
IND82515,Emily Sullivan,43,Administrative Officer,European,1,0,3,4
IND85958,Kelly Grant,42,Developer II,European,2,3,1,1
IND68750,Virginia Scott,61,Programmer IV,European,1,0,2,3
IND91822,Joshua Allen,58,Technical Writer,European,2,2,1,2
IND80931,Juan Griffin,25,Actuary,Asian,2,2,2,3
IND20616,Gerald Harrison,38,Accountant II,American,2,0,2,1
IND59654,Mark Rose,60,Database Administrator I,Australian,1,2,1,3
IND56699,Paul Bell,45,Statistician IV,European,2,0,1,1
IND45574,Janice Foster,55,Technical Writer,European,2,0,3,1
IND46000,Ralph Ford,62,Recruiter,Asian,2,3,2,3
IND72516,Beverly Stewart,80,Media Manager I,American,2,2,1,1
IND35302,Jessica Black,78,Product Engineer,European,2,0,1,1
IND80068,Ronald Hill,43,Geologist III,European,2,3,2,1
IND53480,Jack Palmer,61,Project Manager,African,2,1,1,1
IND88872,Annie Morrison,72,Programmer Analyst I,Asian,2,2,1,3
IND66621,Paul Wallace,81,Professor,European,2,0,3,4
IND29174,Jerry Jackson,49,Account Coordinator,American,2,2,1,3
IND98830,Kevin Walker,83,Account Executive,European,2,1,1,3
IND34318,Nancy Black,40,Engineer IV,European,2,1,1,1
IND95108,Henry Little,25,Database Administrator I,Asian,2,2,2,1
IND21281,Patrick Coleman,60,Account Representative IV,European,2,2,2,2
IND86574,Carlos Anderson,54,Web Designer I,Asian,2,2,1,2
IND25843,Carolyn Snyder,67,Nuclear Power Engineer,European,1,2,1,1
IND15764,Jennifer Fields,71,Office Assistant III,Asian,2,1,1,1
IND70765,Victor Carter,48,Office Assistant III,American,2,2,2,3
IND88371,Jose Stanley,73,Community Outreach Specialist,European,1,2,1,2
IND28842,Frank Nelson,71,Computer Systems Analyst III,Australian,2,2,1,3
IND90911,Chris White,31,Environmental Specialist,American,2,0,1,4
IND52021,Joseph Nichols,63,Programmer Analyst III,Asian,2,0,2,3
IND71090,Mary Martinez,18,Environmental Specialist,Asian,2,1,3,1
IND60722,Larry Bowman,76,Marketing Manager,European,1,3,1,2
IND77027,Laura Burton,28,Research Assistant II,European,1,2,2,4
IND45186,Gregory Price,49,Systems Administrator I,European,2,3,1,4
IND84015,Kelly GoPKRalez,76,Accounting Assistant IV,European,2,3,2,4
IND66550,Patricia George,78,Software Consultant,Asian,2,0,2,4
IND35051,Ronald Ryan,66,Analyst Programmer,European,1,0,3,4
IND91538,Shawn Hill,35,Budget/Accounting Analyst I,European,2,2,1,1
IND30644,Chris Hill,46,Programmer Analyst I,American,2,0,1,4
IND78937,Andrew Martinez,63,Accountant III,Asian,2,1,2,4
IND25670,Johnny Watkins,29,Account Representative IV,European,2,2,3,4
IND58212,Alan Wheeler,59,Research Nurse,Asian,2,1,2,1
IND74531,Edward Mitchell,37,Safety Technician III,European,2,0,2,4
IND49953,Harry Smith,53,Computer Systems Analyst IV,Asian,2,3,1,1
IND88814,Aaron Edwards,48,Pharmacist,Asian,2,0,1,1
IND49516,Kenneth Riley,50,Web Developer IV,European,2,2,1,3
IND17543,Kevin Ellis,82,Computer Systems Analyst II,European,1,3,1,2
IND54739,Sean Chavez,24,Marketing Manager,Asian,1,2,1,1
IND70122,Bobby Wright,47,Associate Professor,European,1,1,2,2
IND53005,Janet Nguyen,60,Engineer IV,Asian,2,0,1,4
IND99246,Richard Gomez,43,Executive Secretary,American,1,2,2,2
IND79699,Ernest Long,44,Programmer Analyst II,Asian,2,0,1,1
IND81435,Roger Spencer,80,Community Outreach Specialist,European,1,3,1,1
IND44710,Paul Boyd,40,Budget/Accounting Analyst II,European,2,1,3,2
IND69069,Donald Butler,21,Help Desk Technician,American,1,2,1,3
IND94927,Betty Rose,28,Social Worker,European,2,1,3,2
IND21170,Phyllis Lawrence,50,Statistician IV,Asian,1,2,1,3
IND28755,Eugene Robinson,43,Engineer I,Asian,1,3,1,1
IND29416,Sharon Cook,85,Internal Auditor,European,2,1,1,2
IND61034,Thomas Jenkins,46,Account Representative III,European,2,0,2,1
IND78545,Marilyn Flores,74,Assistant Professor,American,1,1,2,3
IND98856,Lisa Owens,32,Account Executive,Australian,1,2,2,1
IND76287,Christine Stephens,26,VP Marketing,Australian,2,2,1,4
IND45303,Michael Ortiz,40,Assistant Professor,European,1,1,1,4
IND35316,Harry Holmes,37,Office Assistant I,Asian,2,2,3,3
IND84401,Steve Dean,45,Librarian,Australian,1,1,1,3
IND49213,Ryan Sanchez,20,Staff Accountant II,Asian,2,0,1,1
IND97338,Barbara Duncan,37,Speech Pathologist,Asian,1,0,1,3
IND76090,Martin Morrison,57,Speech Pathologist,Asian,1,2,1,1
IND92942,Evelyn Murray,44,Dental Hygienist,European,1,2,1,1
IND90141,Helen Evans,72,Financial Advisor,European,1,0,2,2
IND59125,Diana Daniels,28,Accountant I,American,2,1,1,2
IND46331,Annie Knight,73,Graphic Designer,European,1,2,1,3
IND25095,Stephen Jordan,43,Media Manager II,Asian,1,3,3,3
IND87283,Rachel Snyder,22,Database Administrator I,Asian,2,3,1,4
IND96588,Daniel Johnson,84,Office Assistant III,American,1,2,1,3
IND44048,Donna Reid,70,VP Accounting,American,2,0,2,1
IND73301,Jesse Gray,55,Human Resources Assistant IV,Australian,2,0,1,4
IND15363,Juan Riley,56,Programmer III,Asian,1,2,1,3
IND28655,Donna Robertson,62,Occupational Therapist,Asian,2,3,1,1
IND71338,Robin Hawkins,47,Information Systems Manager,American,1,0,2,1
IND18100,Timothy Harrison,57,Database Administrator III,Asian,1,1,2,1
IND35375,Sharon Johnston,62,Web Designer II,American,1,1,1,3
IND77446,Timothy Myers,30,Associate Professor,American,2,2,2,4
IND57619,Carl Bailey,68,Recruiter,Asian,1,1,1,3
IND32973,Annie Reyes,34,Recruiter,European,1,0,2,2
IND91469,Teresa Ryan,33,Computer Systems Analyst II,Asian,1,2,1,4
IND66158,Tammy Kennedy,78,Health Coach II,European,1,3,2,1
IND79633,Samuel Gilbert,54,Geologist I,European,1,3,1,1
IND24344,David Jackson,49,Safety Technician III,Asian,1,1,3,1
IND54434,Brian Morgan,82,Database Administrator IV,European,1,0,1,4
IND38076,Dennis Oliver,83,Cost Accountant,European,2,0,2,4
IND78584,Bruce Lopez,84,Database Administrator II,American,2,0,2,1
IND42885,David Grant,46,Office Assistant I,American,2,2,1,4
IND61947,Peter Weaver,49,Media Manager III,European,2,1,2,1
IND22902,Jennifer Fields,44,Account Representative II,American,2,0,1,4
IND36415,Bruce Washington,80,Account Representative IV,European,2,2,1,4
IND17053,Thomas Evans,25,Marketing Manager,Australian,1,1,2,4
IND93602,Harry Burke,32,Internal Auditor,European,2,3,1,1
IND87324,Lawrence Myers,18,Business Systems Development Analyst,American,2,1,2,1
IND86489,Timothy Wheeler,67,Programmer Analyst III,European,1,1,1,1
IND33219,Cheryl Long,82,VP Quality Control,Asian,2,0,2,4
IND92525,Christina Evans,32,Administrative Assistant I,Australian,1,2,2,4
IND57611,Jane Montgomery,71,Media Manager IV,Asian,1,1,1,3
IND33962,Rebecca Simmons,39,Assistant Media Planner,European,1,0,3,4
IND25477,Anthony Gardner,69,Health Coach IV,European,2,3,1,1
IND21399,Kathy Larson,36,Database Administrator II,European,1,2,1,4
IND51180,Janet Weaver,44,Staff Scientist,European,2,3,2,1
IND34917,Ralph Barnes,44,VP Accounting,Asian,2,0,3,1
IND99500,Juan Kelley,18,Registered Nurse,Asian,2,3,2,1
IND27808,Shawn Fields,38,Systems Administrator II,European,1,1,1,4
IND68013,Phyllis Reed,26,Web Developer III,European,2,2,3,4
IND73002,Roy West,83,Accounting Assistant II,European,1,1,1,3
IND91167,Sara Daniels,34,Chemical Engineer,European,1,3,3,4
IND19266,Barbara Barnes,19,Quality Control Specialist,American,1,0,3,4
IND41224,Cynthia Gibson,79,Web Developer I,European,1,3,2,1
IND70122,Eugene Johnson,24,Senior Editor,Australian,2,0,1,1
IND21599,Diane Clark,70,Account Representative II,Australian,1,0,3,1
IND47190,Jose Anderson,75,Research Assistant II,Asian,1,0,3,1
IND84384,Michael Martin,56,Geologist III,European,2,1,1,4
IND18979,Brian Stevens,17,Electrical Engineer,European,2,3,2,1
IND49334,Russell Alvarez,59,VP Sales,European,2,3,1,3
IND13115,Frank Gilbert,83,Statistician III,African,2,3,2,1
IND61086,Larry Marshall,56,Automation Specialist IV,Asian,1,1,1,3
IND50034,Matthew Owens,30,Administrative Assistant III,Asian,2,2,1,4
IND94544,Joe Henderson,67,Teacher,American,1,3,3,1
IND96395,Joshua Pierce,72,Nuclear Power Engineer,Australian,1,0,3,1
IND50912,Cynthia Porter,65,Teacher,American,2,2,2,1
IND83055,Denise Gordon,22,Physical Therapy Assistant,European,1,0,1,4
IND97304,Jonathan GoPKRales,50,Social Worker,European,1,0,1,1
IND66871,Martin Scott,61,Engineer II,Asian,1,2,3,3
IND50172,Laura Dean,32,Accountant II,European,2,2,1,4
IND25256,Jeremy Thomas,64,Clinical Specialist,Asian,2,1,3,3
IND35349,Carlos Myers,37,Systems Administrator III,European,2,0,1,1
IND18663,Harold Wood,49,VP Marketing,American,1,2,2,1
IND44333,David Lane,29,Statistician I,European,2,0,1,2
IND78750,Julie Hawkins,67,Compensation Analyst,European,2,0,3,1
IND51161,Chris Richards,61,Software Test Engineer III,European,2,3,2,3
IND76383,Diane Fuller,29,Chief Design Engineer,European,1,2,1,4
IND14845,Russell Mason,84,Administrative Assistant II,Asian,2,1,2,1
IND20426,Lawrence Rice,74,Web Designer I,European,1,1,3,2
IND76186,Russell Gutierrez,34,Systems Administrator III,European,1,2,1,4
IND35748,Timothy Long,81,Dental Hygienist,European,2,2,1,1
IND55295,Gerald Richardson,29,Desktop Support Technician,Asian,2,3,3,2
IND77847,Gary Hanson,18,Engineer II,European,2,0,3,3
IND89099,Elizabeth Lane,54,Account Representative III,European,1,1,2,2
IND75515,Jimmy Ray,73,Budget/Accounting Analyst I,Asian,1,0,2,1
IND72150,Peter Murphy,62,Marketing Manager,American,2,2,1,3
IND77948,Donald Jordan,54,Developer I,Asian,1,0,2,1
IND46116,Annie Morrison,38,Developer III,European,1,3,3,1
IND92008,Thomas Burns,63,Biostatistician III,European,2,1,2,3
IND32087,Sara Day,75,Senior Developer,European,1,3,1,4
IND16848,Aaron Stone,78,Paralegal,Australian,1,2,1,3
IND95525,Frank Nelson,66,Software Consultant,European,2,1,2,4
IND17508,Roy Graham,39,Research Assistant II,African,1,1,1,1
IND56276,Lillian Moore,44,Accountant IV,Asian,1,1,3,3
IND39354,William Hart,85,Budget/Accounting Analyst III,American,2,2,1,3
IND27001,Adam Carter,52,Assistant Media Planner,European,2,3,1,4
IND73045,Jennifer Mcdonald,81,Help Desk Technician,European,1,0,3,1
IND99269,George Gilbert,79,Dental Hygienist,Asian,1,2,1,3
IND90516,Peter Marshall,71,Chemical Engineer,Asian,2,2,1,1
IND54595,Harry Lawson,45,Statistician II,Asian,2,3,2,1
IND81069,Patricia Stewart,58,Computer Systems Analyst II,European,1,0,3,4
IND87002,Todd Miller,22,Compensation Analyst,American,2,1,3,1
IND26303,Annie Collins,85,Librarian,European,2,2,2,1
IND47408,Clarence Cox,76,Senior Editor,European,2,2,3,1
IND24335,Thomas GoPKRalez,38,Actuary,European,1,1,1,3
IND76682,Nicole Hayes,18,Account Coordinator,Australian,1,2,3,3
IND95974,Joseph Grant,23,Engineer IV,European,1,2,2,4
IND93947,Shawn Rice,83,Budget/Accounting Analyst III,Asian,1,0,1,1
IND14471,Bobby Williamson,21,Assistant Media Planner,Asian,1,2,2,1
IND88703,Joe Garcia,75,Project Manager,European,2,1,2,1
IND47036,Kathryn Hill,59,Geologist III,Asian,2,3,2,1
IND38886,Samuel Matthews,64,Research Nurse,American,1,3,2,1
IND20053,Jeffrey Gardner,34,Biostatistician II,American,1,3,2,4
IND47894,Arthur Garza,47,Assistant Professor,European,2,0,1,4
IND88607,Martin Chapman,61,Technical Writer,Asian,2,2,3,4
IND91152,Matthew Morris,40,Data Coordiator,Asian,1,0,3,1
IND53812,Jesse Daniels,35,Programmer IV,Asian,1,2,2,3
IND96437,Anthony Hall,60,Database Administrator II,American,2,0,1,1
IND40105,Antonio Robinson,58,Account Representative III,European,2,1,1,1
IND54599,Fred Ray,34,Accountant I,Asian,2,3,1,4
IND31887,Kevin Weaver,50,Engineer II,Australian,1,2,3,1
IND54112,Paula Henderson,44,Analyst Programmer,Asian,2,2,2,4
IND75973,James Grant,33,Database Administrator IV,American,1,3,1,1
IND67265,Margaret Rivera,66,Pharmacist,Asian,2,1,1,1
IND92210,Frank James,38,Software Engineer IV,Asian,1,2,1,3
IND37311,Jonathan Nelson,58,Senior Editor,European,1,0,1,1
IND93006,Marilyn Mendoza,79,Senior Cost Accountant,Asian,2,0,1,3
IND50691,Larry Russell,30,VP Quality Control,American,2,3,2,1
IND60221,Benjamin Wood,59,Electrical Engineer,Australian,2,2,3,1
IND50457,Brandon Burton,61,Professor,European,2,2,1,2
IND61531,Diana Walker,23,Office Assistant III,Asian,2,2,3,3
IND55634,Scott Jones,73,Software Test Engineer II,European,2,1,2,1
IND73340,Martha Green,42,Budget/Accounting Analyst II,American,2,1,2,4
IND36571,Scott Hudson,65,GIS Technical Architect,Australian,1,2,2,4
IND48638,Chris Walker,29,Budget/Accounting Analyst I,American,1,0,3,1
IND17470,Stephen Daniels,20,Director of Sales,European,1,2,2,1
IND90409,Ruth Sims,54,Geologist II,Asian,1,1,3,3
IND37142,Frances Ray,82,Help Desk Technician,Australian,1,2,3,3
IND88367,Benjamin GoPKRales,46,Occupational Therapist,African,1,3,1,3
IND58182,Tina West,58,Budget/Accounting Analyst IV,African,1,1,2,2
IND35165,Edward Wilson,32,Office Assistant III,Asian,2,3,2,1
IND24057,Ashley Burns,28,General Manager,European,1,3,1,1
IND73753,Kelly Evans,37,Registered Nurse,African,1,1,1,3
IND23130,Jessica Moreno,66,Media Manager I,Asian,1,0,2,1
IND49045,Howard Hunter,17,Paralegal,Australian,2,0,2,2
IND15747,Earl Jordan,57,Nurse Practicioner,Australian,1,0,1,2
IND20560,Roger Wright,78,Staff Accountant IV,Asian,2,1,1,1
IND89128,Nicholas Barnes,57,Data Coordiator,European,2,3,1,1
IND66207,Julie Fox,64,Database Administrator II,European,1,2,1,3
IND40294,Shawn Wallace,83,Marketing Assistant,European,2,1,2,2
IND90506,Mark Harris,72,Engineer IV,Asian,2,3,3,3
IND82575,Joyce Gardner,18,Programmer Analyst II,American,2,1,1,4
IND22602,Jimmy Brown,22,Staff Accountant II,African,2,0,2,1
IND32945,Willie Scott,77,Graphic Designer,American,2,2,1,1
IND24180,Andrew Collins,21,Recruiting Manager,Asian,1,1,3,4
IND43809,Lori Bishop,50,Computer Systems Analyst III,European,2,1,1,4
IND86910,Kelly Sullivan,31,Developer I,Asian,1,0,1,1
IND17854,Frank Turner,40,Budget/Accounting Analyst IV,European,1,3,1,1
IND82540,Adam Nichols,49,Accountant I,American,1,2,1,1
IND26234,Lillian Fisher,29,Pharmacist,Asian,2,0,1,1
IND38793,Stephen Rose,62,Quality Control Specialist,European,1,3,1,1
IND49322,Steve Grant,59,Tax Accountant,European,1,2,1,1
IND86286,Benjamin Greene,18,VP Quality Control,Asian,2,3,2,1
IND92223,Samuel Harvey,59,Office Assistant III,American,1,2,2,3
IND68280,Sean Peters,34,Help Desk Technician,Asian,1,0,3,1
IND87450,Angela Ramos,37,Programmer I,American,1,3,1,1
IND51266,Rebecca Hamilton,70,Software Test Engineer IV,Asian,1,3,2,1
IND68515,Ronald Reed,34,Safety Technician II,Asian,1,2,1,1
IND22846,Kathy Ellis,82,Safety Technician IV,European,2,2,1,4
IND70559,Bobby Baker,60,Automation Specialist IV,European,2,3,2,2
IND58661,Theresa Crawford,70,Administrative Officer,Australian,1,1,2,4
IND23121,Ralph Wright,49,Electrical Engineer,Asian,1,2,2,4
IND75610,Randy Ross,80,Pharmacist,European,2,2,1,3
IND96933,David Gomez,24,Recruiting Manager,American,1,0,1,2
IND59583,Sean Hart,43,VP Accounting,Australian,2,0,3,4
IND64445,Melissa Young,68,Programmer III,Asian,1,3,1,1
IND16141,Raymond Willis,18,Registered Nurse,Australian,1,2,2,1
IND16245,Howard Evans,36,Developer II,American,2,2,3,2
IND51347,Jennifer Tucker,69,Biostatistician II,European,1,0,1,3
IND74826,Todd Miller,28,Systems Administrator I,European,1,1,1,1
IND49841,Michelle Anderson,41,Automation Specialist III,Australian,1,0,1,2
IND92294,Randy Spencer,74,Budget/Accounting Analyst III,American,1,3,3,1
IND13248,Brenda Montgomery,63,Web Developer I,European,1,3,2,1
IND78119,Brian Richardson,19,Physical Therapy Assistant,American,1,3,1,1
IND45023,Carl Robinson,33,Safety Technician II,European,2,1,1,1
IND25976,Ruth Reyes,80,Design Engineer,European,2,1,1,2
IND39108,Gary Taylor,46,Social Worker,European,1,2,1,3
IND16958,Henry Holmes,81,Automation Specialist IV,Asian,2,2,1,3
IND26204,Victor Young,36,Quality Control Specialist,Australian,2,3,1,1
IND99025,Judy Allen,69,Human Resources Assistant I,European,2,2,1,1
IND54417,Kathryn Lane,31,VP Marketing,American,2,2,1,1
IND76613,Robert Foster,76,Office Assistant III,Australian,1,1,2,1
IND77083,Randy Watson,73,Human Resources Assistant I,European,1,3,3,3
IND65802,Diane Phillips,46,Clinical Specialist,American,2,0,3,2
IND80061,Todd Davis,58,Staff Accountant III,European,2,2,3,1
IND68708,Roger Ferguson,65,VP Product Management,European,2,1,1,1
IND90486,James Schmidt,52,Speech Pathologist,Australian,2,3,2,4
IND78396,Anthony Howard,84,Budget/Accounting Analyst II,European,1,2,2,2
IND80646,Carl Ross,37,Office Assistant III,European,1,0,2,3
IND61166,Kevin Phillips,79,Accounting Assistant IV,Asian,2,0,1,4
IND64879,Shawn Garza,37,Sales Representative,African,1,3,2,3
IND59415,Samuel Boyd,65,Human Resources Assistant I,American,1,0,1,2
IND97044,Frank Franklin,27,Research Assistant IV,African,1,3,1,2
IND68021,Donna Hayes,50,Account Representative III,European,1,1,2,4
IND72946,David Rice,47,Design Engineer,Asian,2,0,1,1
IND58634,Jonathan Carr,73,Budget/Accounting Analyst I,European,2,1,2,1
IND50985,Earl Harris,45,Accountant III,Australian,2,0,2,3
IND23452,Jose Evans,30,Accountant I,American,2,0,1,3
IND77117,Annie Lewis,19,Community Outreach Specialist,European,1,3,2,1
IND19327,Johnny Murphy,27,Structural Analysis Engineer,Asian,1,0,2,1
IND96247,Michelle Pierce,38,Automation Specialist III,European,2,0,1,2
IND40048,Beverly Woods,84,Media Manager II,Asian,2,3,2,1
IND29312,Frances Austin,53,Web Developer I,Asian,1,2,1,4
IND91194,Russell Perry,42,Staff Accountant II,Australian,2,1,2,1
IND29701,Ralph Sanders,68,Research Associate,African,2,0,1,4
IND76758,Walter Jones,63,Administrative Assistant III,European,2,3,2,4
IND80021,Lisa Butler,67,Associate Professor,American,1,1,2,1
IND90597,Kimberly Garza,30,Developer I,American,1,2,3,1
IND36038,Jane Bowman,39,Computer Systems Analyst IV,European,2,3,1,3
IND65968,Nicholas Kelly,85,Software Engineer IV,European,2,3,3,4
IND22142,Susan Cole,74,Software Test Engineer II,Asian,2,1,2,1
IND32126,Juan Rose,19,Editor,European,1,2,2,1
IND55096,Ernest Fernandez,63,Recruiter,European,1,2,2,1
IND62447,Nicholas Ward,63,Senior Quality Engineer,Asian,2,2,2,4
IND68508,Ruby Robinson,78,Programmer IV,European,1,1,1,4
IND69834,Amy Webb,70,Systems Administrator III,European,2,2,3,1
IND45589,Craig Ryan,77,Database Administrator II,European,1,2,3,1
IND64345,Sara Phillips,84,Paralegal,Asian,1,2,2,2
IND77099,Ann Oliver,47,Automation Specialist III,European,2,3,2,3
IND23075,Keith Smith,80,Web Developer I,Australian,1,3,2,1
IND95786,George Medina,37,Design Engineer,European,2,2,3,1
IND30950,Gerald Griffin,44,Automation Specialist III,Asian,1,1,2,1
IND22467,Joseph Austin,42,Junior Executive,American,2,3,1,2
IND61104,Anne Richards,75,Staff Accountant II,African,1,2,2,2
IND31340,Louis Rodriguez,57,Accountant III,European,1,3,2,1
IND97227,Henry Roberts,54,Statistician II,American,2,1,2,4
IND51772,Lillian GoPKRalez,22,Clinical Specialist,Australian,1,3,3,4
IND97733,Katherine Lawson,47,Accounting Assistant IV,European,2,2,1,2
IND94420,Judith Jacobs,80,Registered Nurse,Asian,1,1,2,1
IND23132,Arthur Ramos,48,Staff Accountant III,European,2,3,1,2
IND37935,Thomas Palmer,76,Health Coach II,African,2,0,1,3
IND82385,Phillip Kennedy,78,Human Resources Assistant III,Asian,1,0,2,1
IND70540,Daniel Jordan,55,Junior Executive,European,2,0,1,1
IND64051,Ruth Stone,82,Programmer IV,European,2,2,3,4
IND29216,Rebecca Owens,53,Senior Financial Analyst,Asian,2,0,3,4
IND50658,Phillip Ryan,69,Accountant I,European,2,2,3,2
IND98869,Kevin Ward,54,Human Resources Assistant I,European,2,2,2,1
IND26568,Cynthia Perkins,41,Database Administrator I,Asian,2,2,3,2
IND21009,Charles Bryant,40,Computer Systems Analyst III,European,2,1,1,1
IND21838,Andrew Cox,42,Research Assistant I,African,2,3,2,1
IND17701,Brian Ramos,73,Safety Technician IV,European,2,3,3,3
IND95185,Jimmy Willis,54,Administrative Officer,European,1,0,2,3
IND99321,Mary Jenkins,25,Research Assistant IV,Asian,1,2,1,3
IND93185,Robin Brown,38,Research Assistant I,European,2,0,3,1
IND43584,Brian Powell,42,Assistant Manager,European,1,1,1,4
IND19265,Dorothy Reyes,85,Product Engineer,Asian,1,3,3,3
IND81391,Ruby GoPKRalez,62,Sales Representative,European,1,1,2,1
IND31357,Juan Cole,38,Structural Analysis Engineer,American,1,3,1,1
IND73056,Bobby Flores,76,Staff Accountant II,African,2,0,2,1
IND70935,Denise Murray,41,Cost Accountant,Asian,2,1,2,4
IND52716,Jeremy Morris,38,Safety Technician III,European,2,1,1,3
IND22605,Carol Carpenter,36,Health Coach II,Asian,1,3,3,4
IND55690,Diane Lewis,37,Biostatistician I,European,2,2,2,4
IND13395,Kenneth Clark,25,Programmer IV,European,1,3,1,1
IND51390,Amy Gomez,83,Director of Sales,European,2,1,1,3
IND45563,Ralph Weaver,66,Automation Specialist IV,European,1,1,2,1
IND39191,Lawrence Ruiz,26,GIS Technical Architect,European,2,3,2,1
IND15088,Betty Davis,56,Marketing Manager,European,1,1,2,4
IND36682,Terry Lee,24,Biostatistician II,European,1,2,1,1
IND52986,Virginia Edwards,27,Compensation Analyst,Asian,2,0,1,4
IND61440,Eric Jordan,47,Design Engineer,European,2,3,1,1
IND99015,Willie Garcia,81,Programmer Analyst II,European,2,0,1,1
IND54373,Carlos Marshall,34,Financial Advisor,American,1,2,1,4
IND87901,Justin Alvarez,25,Programmer III,Australian,2,2,1,1
IND64411,Shirley Olson,53,Administrative Officer,African,1,2,2,1
IND51179,Gloria Hall,83,Associate Professor,European,1,2,1,4
IND74150,Joshua Porter,58,Database Administrator II,European,1,0,2,1
IND71806,Evelyn Davis,26,Account Representative IV,Asian,2,0,2,2
IND92305,Arthur Vasquez,60,Human Resources Manager,African,2,3,1,2
IND50530,Eugene Myers,51,Web Developer III,Australian,1,1,2,1
IND23766,Denise Campbell,75,Cost Accountant,African,2,3,2,3
IND51999,Justin Murphy,22,VP Accounting,Asian,1,0,2,1
IND74286,Pamela Nichols,80,Project Manager,Asian,1,0,3,2
IND96410,Debra Montgomery,51,Technical Writer,Asian,2,0,2,4
IND19975,Judy Myers,47,Software Engineer II,American,2,1,3,4
IND33502,Brandon Harris,68,VP Sales,European,2,0,2,1
IND66341,Bobby Watkins,75,Web Designer IV,European,2,2,1,3
IND70050,Ralph Sullivan,33,Statistician II,Asian,2,3,2,1
IND96601,Heather Patterson,78,Recruiter,European,2,1,1,4
IND95215,Irene Willis,62,Administrative Assistant III,European,1,2,2,2
IND77741,Gerald Richards,57,Database Administrator II,European,2,0,1,4
IND80280,Tammy Brooks,68,Assistant Media Planner,European,2,1,1,1
IND41934,Dennis Baker,45,Statistician IV,Asian,1,2,1,1
IND90650,Irene Reynolds,32,Engineer III,Asian,1,2,2,1
IND94273,Eric Castillo,74,Media Manager III,European,1,0,1,4
IND44029,Matthew Rodriguez,52,Structural Analysis Engineer,Asian,1,0,2,1
IND45063,Eric Reynolds,75,Executive Secretary,European,2,1,1,3
IND70183,Jesse Lane,82,Operator,European,1,0,2,1
IND35875,Joe Freeman,72,Media Manager III,American,2,0,1,4
IND75766,Willie Wagner,47,Nurse Practicioner,European,1,1,2,1
IND52274,Jesse Peterson,72,Account Representative I,European,2,0,2,4
IND25512,Arthur Snyder,23,VP Quality Control,African,1,0,2,4
IND85958,Gary Hunt,52,Research Associate,Australian,2,3,1,1
IND24266,Jack Spencer,20,Payment Adjustment Coordinator,Asian,1,1,1,1
IND19846,Lois Griffin,18,Recruiting Manager,European,2,2,2,2
IND93267,Clarence Chavez,52,Engineer III,American,1,0,3,1
IND80594,Ann Hernandez,36,Developer IV,Australian,2,3,1,2
IND80690,Joe Mason,82,Software Test Engineer III,European,2,2,1,1
IND13801,Ashley Coleman,19,Product Engineer,European,1,2,1,1
IND80847,Brandon Tucker,63,Geologist IV,European,2,1,1,4
IND56469,Peter Sanchez,51,Executive Secretary,European,2,1,1,1
IND96719,Robin Woods,50,Database Administrator I,Australian,2,3,1,1
IND69161,Ronald Turner,20,Biostatistician II,European,2,0,2,3
IND63563,Jacqueline Jacobs,85,Product Engineer,European,2,2,2,3
IND33616,Aaron Vasquez,63,Senior Cost Accountant,European,2,3,2,4
IND61446,Lisa Fernandez,69,Statistician II,European,2,0,2,4
IND71063,Jennifer Cox,22,Software Engineer I,African,2,1,1,4
IND41653,Christopher Reynolds,50,Speech Pathologist,European,2,3,1,1
IND82371,Terry Black,60,Research Assistant II,Australian,2,0,1,1
IND75420,Janice Gray,73,Legal Assistant,African,1,1,1,1
IND95008,Clarence Murray,43,Web Developer IV,American,1,1,1,1
IND56438,Jane Reynolds,52,Product Engineer,European,2,1,3,3
IND62378,Christina Hunt,23,Media Manager IV,American,1,2,1,4
IND84180,Nancy Mitchell,20,VP Accounting,Asian,2,2,2,3
IND69349,Benjamin Garza,17,Media Manager IV,Asian,2,0,2,3
IND65968,Roy Hughes,77,Graphic Designer,American,1,1,1,1
IND83086,Arthur Duncan,46,Database Administrator III,American,1,0,2,4
IND70927,Donald Hanson,83,Web Designer III,European,1,1,1,1
IND71808,Mary Johnston,72,Programmer Analyst IV,Asian,1,0,2,2
IND17448,George Fowler,31,Recruiting Manager,European,2,1,3,1
IND24125,Scott Mitchell,61,Staff Scientist,Asian,1,2,1,1
IND96154,Joan Ortiz,22,Assistant Professor,European,1,2,1,1
IND35689,Cheryl Garrett,48,Geologist I,Australian,1,2,1,3
IND28975,Nicholas Watkins,47,Accountant III,American,2,1,2,1
IND39526,Tammy Kim,61,Registered Nurse,Asian,1,0,1,1
IND96775,Larry Brooks,30,Desktop Support Technician,European,2,3,1,2
IND90131,Stephen Carr,81,Systems Administrator IV,Asian,1,1,1,1
IND68422,Alan Taylor,67,Systems Administrator II,European,2,1,1,3
IND34367,Johnny Richardson,72,Human Resources Assistant IV,Australian,2,3,2,1
IND56930,Arthur Sullivan,71,Media Manager I,European,2,1,1,1
IND47675,Walter Arnold,25,Database Administrator IV,European,1,1,1,3
IND91448,Roger Hernandez,51,Software Engineer III,Asian,2,0,1,1
IND37820,Harry Martin,65,Help Desk Operator,American,1,1,1,1
IND25754,Ruth Bailey,67,Automation Specialist III,European,2,1,3,3
IND50610,Howard Stephens,65,Occupational Therapist,American,1,1,1,1
IND26467,Thomas Welch,70,Statistician IV,Asian,2,0,2,1
IND73333,Gary Ellis,23,Safety Technician II,Asian,2,0,2,4
IND69547,Terry Ray,34,Accountant IV,American,1,1,1,3
IND14819,Mark Ward,38,Automation Specialist IV,Asian,1,1,2,1
IND43846,Carol Freeman,65,GIS Technical Architect,European,1,1,1,4
IND50683,Gregory Mason,34,Professor,European,2,1,3,1
IND70906,Paul Armstrong,26,Media Manager IV,European,2,3,3,4
IND57481,Clarence Sullivan,79,Sales Associate,European,1,3,1,1
IND59872,Keith Ray,52,Web Designer III,Asian,1,0,1,2
IND29699,Roy Lee,45,Statistician III,European,2,2,3,1
IND74437,Matthew GoPKRalez,28,Senior Developer,European,1,0,1,1
IND72103,Norma Washington,44,Dental Hygienist,Asian,2,2,2,4
IND49677,Thomas Peters,46,Web Designer II,American,1,1,2,3
IND68590,Larry Baker,60,Web Developer IV,Asian,1,2,3,1
IND42163,Cynthia Wheeler,76,Budget/Accounting Analyst III,American,2,0,2,4
IND25041,Lillian Jackson,59,Media Manager IV,Australian,2,3,2,1
IND32204,Lori Marshall,27,Structural Engineer,Asian,2,1,1,1
IND94129,Jerry Rogers,62,Payment Adjustment Coordinator,European,2,1,2,2
IND68054,Roy Armstrong,44,Human Resources Manager,European,1,1,2,1
IND98980,Alan Wheeler,39,Design Engineer,European,2,0,2,1
IND77041,Teresa Kennedy,39,Administrative Officer,Australian,2,2,1,2
IND56058,Charles Banks,43,Automation Specialist I,European,2,2,1,1
IND89708,David Howell,71,Payment Adjustment Coordinator,European,2,1,1,3
IND71190,Wayne Baker,69,Research Assistant III,European,1,0,1,3
IND70757,Benjamin Wheeler,46,Systems Administrator I,Asian,1,2,2,1
IND15919,Ann Harper,28,Human Resources Manager,European,1,3,2,3
IND59154,Susan Webb,45,Web Developer II,European,1,0,1,1
IND25459,Lawrence Powell,26,VP Accounting,Asian,2,0,1,2
IND29817,Anna Holmes,72,Civil Engineer,European,1,1,2,1
IND82819,Sean Larson,69,Research Assistant II,American,1,0,1,1
IND48072,Jacqueline Thompson,62,Media Manager II,Asian,1,1,1,1
IND36436,Laura Griffin,59,Payment Adjustment Coordinator,European,1,2,1,1
IND85558,William Hernandez,20,Junior Executive,European,1,1,1,1
IND21262,Irene Wood,32,Senior Financial Analyst,Asian,1,0,1,1
IND25060,Kevin Cole,76,Account Executive,American,2,2,3,1
IND50748,Jeffrey Martin,45,VP Quality Control,European,1,1,2,4
IND53747,Ashley Howell,55,Software Engineer II,European,1,3,1,4
IND17734,Mary Peters,33,Project Manager,European,1,1,1,4
IND92033,Phillip Collins,58,Statistician II,European,2,2,2,3
IND52344,Steven Greene,33,Sales Associate,Asian,2,0,2,1
IND75455,Juan Garcia,38,Programmer Analyst II,Asian,2,3,3,4
IND69891,Michael Murphy,56,Senior Financial Analyst,European,2,1,1,4
IND42851,Nicholas Turner,18,Research Nurse,European,2,1,2,4
IND74794,Cynthia Hudson,76,Geologist I,American,2,0,2,3
IND55441,Paul Welch,18,Marketing Manager,European,1,2,1,1
IND97245,Jerry Fernandez,82,Budget/Accounting Analyst IV,Asian,2,2,1,1
IND80718,Jerry Hudson,61,VP Accounting,European,1,2,3,1
IND60540,Carl Reed,20,Community Outreach Specialist,European,2,0,1,2
IND84388,Louise Morrison,47,General Manager,Asian,1,2,1,3
IND73711,Frances Hunt,80,Health Coach IV,Asian,1,1,2,2
IND70721,Sara Mason,36,Administrative Assistant II,European,1,1,3,1
IND91832,Ernest Wood,67,Programmer Analyst IV,European,2,0,2,1
IND95921,Clarence Lawrence,80,Accounting Assistant III,American,1,2,1,3
IND94561,Jose Sanders,34,Developer I,European,1,2,2,4
IND38595,Jose West,32,Structural Analysis Engineer,European,1,3,3,1
IND31346,Timothy Fields,37,Account Executive,European,1,0,1,1
IND70209,Carlos Ryan,33,Sales Representative,Asian,1,0,3,1
IND27981,Jeffrey Ramirez,43,Engineer IV,European,1,2,1,4
IND79163,Sarah Gray,66,Recruiter,American,2,2,1,2
IND59205,Brian Owens,41,Web Designer II,Australian,2,2,3,1
IND84529,Angela Welch,67,Automation Specialist II,European,2,1,1,1
IND63017,Gregory Roberts,32,Web Designer IV,American,2,0,2,2
IND24293,Christine Black,61,Nuclear Power Engineer,American,1,3,2,4
IND94962,Amanda Davis,54,Automation Specialist III,Asian,2,2,1,3
IND35866,Chris Barnes,52,Human Resources Assistant II,American,1,0,1,1
IND55044,Charles Rose,24,Budget/Accounting Analyst I,Asian,1,2,1,1
IND94695,Ralph Burns,52,Office Assistant III,European,1,3,1,4
IND28537,Christine Mason,63,Human Resources Assistant III,Asian,1,3,1,1
IND85021,Judy Fuller,29,Account Coordinator,Asian,1,3,1,2
IND29986,Shawn Alvarez,25,Recruiting Manager,European,1,1,1,3
IND86878,Paul Porter,59,Sales Associate,European,1,3,1,1
IND60465,Catherine Bryant,28,Administrative Assistant IV,European,2,0,3,1
IND73125,Karen Black,56,Administrative Assistant I,European,2,3,1,4
IND98233,Elizabeth Adams,59,Software Consultant,American,1,2,3,4
IND68679,Patrick Lee,51,Research Assistant III,American,1,3,1,1
IND14562,Albert Duncan,63,Chemical Engineer,European,2,1,3,1
IND96926,Christopher Garcia,72,Marketing Manager,African,1,1,1,1
IND40602,Fred Woods,80,Accountant I,African,1,0,3,1
IND47214,Martin Lawson,65,Budget/Accounting Analyst I,Asian,1,2,3,1
IND71720,Jessica Austin,80,Staff Accountant II,European,2,0,1,4
IND56484,Nicole Scott,67,Web Designer II,American,1,0,1,4
IND53058,Earl Powell,46,Programmer Analyst I,Australian,1,0,3,1
IND95957,Karen Thomas,62,Dental Hygienist,European,1,2,2,2
IND38845,Ronald Gutierrez,80,Human Resources Manager,European,1,0,2,3
IND99278,Stephen Watson,42,Human Resources Assistant II,Asian,2,2,1,1
IND26586,Carlos Armstrong,71,Budget/Accounting Analyst I,Asian,2,1,1,4
IND66416,Brenda Jackson,80,VP Product Management,European,1,1,1,1
IND38924,Willie Shaw,39,Librarian,American,1,3,1,4
IND36717,Michelle Jenkins,75,Electrical Engineer,European,2,0,3,1
IND73287,Carlos Andrews,51,Structural Engineer,American,1,1,1,2
IND21305,Benjamin Pierce,59,Assistant Professor,European,2,2,1,1
IND86054,Lawrence Myers,22,Civil Engineer,European,2,2,3,2
IND94339,Ryan Brooks,45,Database Administrator II,American,2,0,3,3
IND24875,Anne Bennett,58,Automation Specialist I,Australian,2,3,1,1
IND77399,Steve Peterson,25,Web Developer IV,European,2,3,2,1
IND32150,Betty Butler,36,Developer I,European,2,1,1,1
IND22235,Billy Oliver,71,Junior Executive,European,1,3,2,3
IND89957,Diane Davis,68,Administrative Assistant I,European,2,3,2,4
IND95344,Martha Jenkins,23,Research Associate,American,1,3,1,1
IND60238,Katherine Reynolds,42,Safety Technician IV,European,1,2,1,3
IND63877,Jimmy Watson,69,Research Assistant III,European,2,3,2,3
IND46444,Todd Black,47,Media Manager II,European,2,1,3,1
IND90967,Carl Kim,57,Geological Engineer,African,2,1,2,4
IND62715,Deborah Moore,50,Director of Sales,Asian,2,2,1,1
IND22819,Edward Hicks,81,Editor,European,2,1,2,2
IND30005,Ronald Moreno,54,Human Resources Assistant I,African,2,2,1,1
IND56267,Phillip Green,53,Executive Secretary,European,2,3,1,3
IND90914,Scott Phillips,24,Biostatistician II,Asian,2,0,1,1
IND12887,Fred Armstrong,82,Pharmacist,Asian,1,3,2,1
IND32576,Laura Nguyen,22,Human Resources Assistant I,Asian,2,1,2,1
IND64632,Juan Howell,48,Electrical Engineer,Asian,1,3,2,2
IND39451,Albert Adams,84,Nurse,European,1,0,2,1
IND93338,Billy Fields,63,Software Test Engineer II,European,1,3,2,4
IND34903,Richard Price,31,Information Systems Manager,Asian,2,3,2,1
IND48107,Jeffrey Hughes,46,Safety Technician I,American,2,2,3,4
IND52066,Gary Griffin,30,Systems Administrator IV,American,1,3,1,4
IND13323,Gary Wheeler,75,Human Resources Assistant IV,European,1,3,1,4
IND73501,Eric Armstrong,52,Project Manager,American,2,1,2,1
IND33792,Larry Young,36,Social Worker,European,2,2,1,3
IND74791,William Mcdonald,60,Budget/Accounting Analyst I,European,2,2,2,1
IND27672,Antonio Henderson,79,Community Outreach Specialist,Asian,2,2,1,1
IND67115,Gerald Moore,52,Operator,European,2,2,3,2
IND52289,Sarah Burke,85,Teacher,European,1,0,1,3
IND43149,Earl Freeman,56,Account Executive,European,1,0,2,4
IND72913,Juan Austin,20,Structural Analysis Engineer,Asian,2,3,1,1
IND14852,Cynthia Snyder,46,Pharmacist,African,1,1,2,1
IND68011,Justin Lynch,50,Office Assistant II,Asian,1,1,1,1
IND91231,Joshua Warren,59,Project Manager,European,1,1,2,3
IND14605,Arthur Hanson,55,Technical Writer,Asian,1,1,1,3
IND41281,Judy Cruz,30,Office Assistant I,Australian,2,2,2,4
IND18810,Mary Price,53,Geologist III,American,1,3,2,1
IND82994,Gregory Jackson,71,Biostatistician III,European,1,2,1,1
IND91436,Antonio Ferguson,45,Software Consultant,Asian,2,2,1,1
IND26113,Phillip Mcdonald,66,Computer Systems Analyst IV,Asian,1,1,3,2
IND52376,Scott Hart,80,Safety Technician III,European,2,0,3,2
IND39963,Todd Torres,83,Senior Financial Analyst,American,2,2,1,1
IND69382,Barbara Rice,22,Programmer Analyst IV,Australian,1,2,2,1
IND42846,George Martinez,45,Geologist II,European,2,3,1,3
IND84870,Larry Ramirez,85,Staff Accountant I,American,2,3,1,4
IND66083,Doris Griffin,49,Project Manager,Australian,1,3,2,2
IND79353,Amy Mills,58,Biostatistician II,European,1,3,1,4
IND32172,Joyce Stevens,83,Librarian,American,1,0,1,3
IND81046,Earl Alexander,36,Structural Engineer,European,1,2,3,3
IND32055,David Little,18,Quality Engineer,Australian,1,1,3,2
IND77434,Mary Lawrence,80,Senior Developer,Australian,2,1,1,2
IND21979,John Snyder,39,Account Coordinator,American,1,1,2,1
IND93882,Mark Long,51,Senior Editor,European,1,3,3,2
IND68640,Steve Kennedy,73,Accounting Assistant IV,African,2,0,3,4
IND26629,Joe Gordon,51,Geological Engineer,Australian,2,1,1,1
IND19405,Earl Ortiz,84,Paralegal,Asian,2,3,3,1
IND63706,Charles Hicks,64,Accountant II,American,1,1,3,3
IND32364,Cynthia Jones,83,Human Resources Assistant IV,European,2,1,1,1
IND13011,Aaron Turner,20,Assistant Manager,Asian,2,3,1,4
IND99653,Phillip Fox,51,Web Developer IV,European,2,1,2,4
IND76462,Gloria Carpenter,70,Environmental Tech,American,1,1,2,1
IND42541,Carlos Cook,24,Budget/Accounting Analyst II,Asian,1,2,1,4
IND33915,Jack Willis,69,Dental Hygienist,American,1,2,2,3
IND79409,Timothy Hunter,34,Software Engineer III,Asian,1,1,1,1
IND31656,Anna Murray,26,Help Desk Technician,Australian,1,0,2,4
IND78167,Katherine Howell,38,Paralegal,Asian,1,2,1,4
IND70365,Billy Wagner,49,Programmer Analyst IV,European,2,0,3,3
IND86656,Albert Fox,49,Software Engineer IV,European,1,0,2,1
IND31800,Alan Cunningham,65,Administrative Assistant II,American,2,1,3,1
IND33945,Craig Hudson,30,Account Coordinator,Asian,1,2,1,3
IND93906,Patricia Carr,40,Research Assistant IV,European,2,3,2,1
IND15455,Juan Perez,50,Accountant III,European,2,2,2,4
IND94086,Matthew Ross,18,Office Assistant I,European,1,0,2,3
IND60533,Paul Simmons,42,Engineer III,African,1,1,2,1
IND95299,Brandon Nelson,62,Software Engineer IV,European,1,2,1,4
IND52037,Joe Harper,34,Computer Systems Analyst II,American,1,1,1,1
IND58836,Samuel Anderson,73,Health Coach IV,European,1,1,2,3
IND52119,Margaret Sullivan,18,Environmental Tech,Asian,1,3,1,3
IND47625,Randy Harvey,80,Structural Analysis Engineer,Asian,2,0,1,1
IND85850,Eric Thompson,24,Community Outreach Specialist,European,2,2,1,3
IND44531,Douglas Gomez,59,Geologist I,European,1,2,3,4
IND30404,Samuel Peterson,73,Web Developer II,Asian,2,3,1,4
IND66163,Willie Lopez,27,Staff Accountant I,European,2,1,1,3
IND17019,Keith Fuller,70,Registered Nurse,European,1,3,1,4
IND50174,Frank Howell,69,Marketing Manager,European,1,3,2,1
IND25709,Patrick Perez,23,Account Coordinator,European,1,3,2,1
IND65408,Eugene Allen,49,Systems Administrator II,Australian,2,1,1,1
IND85664,Anne Mason,65,Programmer II,African,2,3,3,3
IND16777,Brandon Andrews,57,Office Assistant II,European,2,3,2,2
IND67420,Sean Thompson,27,Food Chemist,American,2,2,1,1
IND50127,Amanda Burke,83,Recruiter,European,2,3,3,1
IND86179,Gary Howard,48,Research Assistant I,Asian,2,2,1,1
IND85625,Alan Cook,76,Community Outreach Specialist,American,1,3,1,4
IND21371,Timothy Larson,85,Project Manager,Australian,1,0,3,4
IND78463,Linda Fisher,66,Geologist III,European,1,2,1,4
IND90097,Douglas Russell,57,Tax Accountant,American,2,0,1,2
IND91317,Marilyn Campbell,51,Media Manager III,Asian,1,0,1,1
IND61281,Kenneth Kelley,28,Systems Administrator II,Asian,1,2,3,1
IND72001,Justin Ryan,28,Help Desk Operator,European,2,3,2,2
IND53908,Stephen Perry,59,Statistician IV,American,1,0,1,4
IND38662,Wayne Fields,54,Environmental Specialist,Australian,1,2,3,1
IND25143,Thomas Burton,78,Health Coach I,American,1,1,3,4
IND84955,Roger Hamilton,62,Human Resources Assistant IV,European,2,0,3,1
IND60929,Fred Lynch,36,Programmer IV,Asian,2,2,2,3
IND76718,Ronald Watson,38,Web Developer III,European,2,0,1,4
IND17839,Larry Gibson,52,Programmer Analyst III,Australian,1,0,1,3
IND70507,Kathleen Carpenter,38,Media Manager I,Asian,1,1,1,1
IND60309,Charles Martin,23,Computer Systems Analyst II,European,2,0,3,1
IND57420,Ronald Duncan,78,Mechanical Systems Engineer,American,2,2,2,1
IND73620,Robert Stewart,20,Information Systems Manager,American,2,2,1,1
IND18821,Kenneth Garcia,21,Software Test Engineer I,European,2,0,1,1
IND65162,Keith Hansen,18,Speech Pathologist,European,1,3,1,3
IND78069,Daniel Fields,75,Project Manager,Asian,1,3,1,4
IND15365,Andrew Diaz,28,General Manager,American,2,1,1,3
IND29462,Ruby Willis,85,Health Coach III,European,2,0,1,4
IND22756,Rose Howard,59,Office Assistant III,European,2,1,2,3
IND83694,Pamela Carpenter,26,Accounting Assistant III,American,1,3,1,4
IND35322,Teresa Lawson,36,Database Administrator I,American,1,2,2,4
IND55869,Terry Flores,81,Environmental Tech,European,1,0,1,1
IND56377,Brian Robinson,31,Statistician I,European,2,2,2,1
IND15988,Rebecca Harvey,41,VP Accounting,European,2,3,1,2
IND73374,Rose Howell,81,Human Resources Assistant IV,European,2,2,2,1
IND21502,Tina Young,36,Budget/Accounting Analyst I,Asian,2,3,3,4
IND29427,Katherine Hudson,45,Systems Administrator II,Australian,2,0,3,4
IND71580,Kathy Gilbert,27,Media Manager III,European,1,2,2,4
IND91691,Eric Thompson,50,Account Coordinator,Asian,1,0,1,2
IND45315,Marilyn Rivera,22,Programmer Analyst III,European,2,0,2,4
IND93375,Harry Medina,83,Financial Advisor,American,1,2,3,4
IND20160,Betty Bennett,83,Statistician III,European,2,0,2,4
IND21443,Carlos Lopez,82,Quality Engineer,European,2,1,3,1
IND76903,Aaron Hawkins,38,Cost Accountant,American,2,1,3,3
IND33223,Judy Burton,62,Quality Control Specialist,American,1,0,2,1
IND31198,Scott Lawrence,81,Systems Administrator IV,Australian,1,0,1,1
IND81185,Terry Gibson,27,Database Administrator III,European,1,2,2,3
IND78244,Gerald Bowman,55,Web Developer I,American,2,0,1,1
IND34087,Annie Lee,61,Database Administrator II,European,1,3,2,4
IND35800,Cynthia Rogers,28,Quality Engineer,Australian,1,3,1,3
IND67659,Michael Owens,27,Administrative Officer,European,1,1,2,1
IND52398,Cynthia Jones,66,Analyst Programmer,Asian,2,1,1,1
IND70396,Ralph Harvey,82,Project Manager,American,2,3,1,1
IND72422,Roy Hernandez,26,Project Manager,European,1,1,1,1
IND67727,Steve Woods,74,Marketing Assistant,American,1,3,1,1
IND94062,Kelly Richards,29,Media Manager IV,Asian,2,2,1,4
IND16568,Peter Adams,34,Tax Accountant,Asian,1,3,3,1
IND42280,Aaron Jordan,43,Statistician III,Asian,2,3,1,3
IND55262,Willie Sullivan,74,Sales Representative,Asian,2,0,1,3
IND24725,Antonio Owens,24,Compensation Analyst,American,1,0,1,1
IND41923,Ronald Reynolds,76,Software Test Engineer III,Asian,1,3,2,2
IND98787,Roy George,53,Human Resources Assistant II,European,1,0,1,1
IND34623,Joyce Sanders,63,Cost Accountant,Australian,2,0,1,1
IND99131,Brenda Wright,19,Accounting Assistant I,Asian,2,1,1,2
IND65458,Jesse Matthews,19,Geologist II,European,1,3,1,1
IND96867,Keith Mason,45,Budget/Accounting Analyst II,European,2,0,1,1
IND31097,Michael Carroll,25,Research Assistant IV,Asian,1,3,3,4
IND71984,Ruby Stewart,63,Senior Editor,Asian,1,3,2,1
IND19583,Fred Reyes,46,Web Designer I,American,1,1,1,3
IND26127,Jacqueline Hill,56,Statistician III,American,1,1,1,1
IND15735,Bobby Lee,77,Desktop Support Technician,Asian,1,3,2,1
IND35589,Judy Lawrence,85,Media Manager III,European,2,1,1,1
IND48252,Edward Fowler,81,Assistant Media Planner,Asian,2,2,1,3
IND28622,Ryan Smith,81,Editor,European,2,0,1,4
IND26976,Nicholas Rodriguez,47,Web Developer II,European,1,2,2,3
IND55010,Judith Dixon,56,Automation Specialist IV,European,1,0,3,3
IND27334,Joyce Castillo,60,Systems Administrator II,European,2,3,2,4
IND88663,Juan Ramirez,72,Computer Systems Analyst I,American,2,1,1,1
IND51758,Howard White,34,Nurse Practicioner,American,2,0,3,3
IND87441,Harry Thomas,28,Teacher,American,1,1,1,1
IND68843,Johnny Bennett,22,Recruiting Manager,Asian,2,1,2,2
IND94313,Gloria Gibson,18,Web Designer IV,Asian,1,3,2,4
IND15955,Victor Williams,21,Research Assistant IV,African,2,1,1,1
IND98364,Amy White,52,Statistician II,European,2,2,1,3
IND85031,Philip Nelson,77,Social Worker,African,2,1,1,1
IND95645,Anne Johnson,47,VP Marketing,European,1,1,2,4
IND59038,Phillip Long,62,Paralegal,African,1,1,2,1
IND24649,Lisa Phillips,46,Analyst Programmer,American,2,1,1,1
IND73983,Jack Richardson,39,Statistician II,Asian,1,1,2,4
IND60147,Joe Carroll,61,Paralegal,Asian,1,0,1,4
IND43511,Diana Wilson,59,Research Assistant II,American,1,0,1,3
IND21887,Ruby Butler,28,VP Marketing,American,1,0,3,3
IND77252,George Alexander,55,Associate Professor,European,1,1,3,1
IND87256,Kelly Burton,75,Mechanical Systems Engineer,American,1,2,3,4
IND48208,Jerry Mitchell,54,Occupational Therapist,American,1,2,1,1
IND33951,Lori Lopez,82,Systems Administrator IV,European,2,3,1,1
IND71913,Steve Hill,66,Engineer II,American,1,3,1,4
IND32579,Larry Arnold,28,Account Representative III,European,1,3,1,2
IND96364,Patricia George,49,Geologist IV,Asian,1,0,3,1
IND84055,Roger Mitchell,71,Accountant II,Australian,1,1,1,1
IND59380,Sharon Wilson,53,Staff Accountant III,Australian,1,3,2,1
IND28522,Raymond Mccoy,17,Senior Financial Analyst,Asian,1,2,1,1
IND80461,Sarah Andrews,48,Budget/Accounting Analyst II,Asian,2,2,1,1
IND62950,Alan Wallace,60,Systems Administrator IV,European,1,0,3,2
IND88639,Anthony Oliver,17,Human Resources Assistant III,African,2,2,1,1
IND64775,Jonathan Medina,73,Human Resources Manager,Asian,2,0,1,1
IND58749,John Moreno,46,Compensation Analyst,American,1,0,1,4
IND63712,Joshua Gray,58,Nurse,European,2,3,1,2
IND38974,Daniel Garcia,55,Biostatistician I,European,2,2,2,2
IND27949,Robin Watkins,20,Database Administrator III,Asian,1,2,1,1
IND48913,Philip Jackson,49,Social Worker,European,2,2,2,1
IND38755,Patrick Sullivan,62,VP Marketing,African,2,3,1,1
IND36748,Thomas Gomez,26,Nurse,European,2,3,1,1
IND25425,Harold Matthews,35,Research Associate,American,2,1,3,1
IND18504,Stephen Kim,21,Data Coordiator,Asian,1,1,2,4
IND90888,Michael Reed,41,VP Accounting,African,1,0,2,3
IND19493,Sharon Lee,78,Web Developer III,European,1,3,1,1
IND31435,Juan Torres,67,Assistant Manager,Asian,1,2,2,4
IND72147,Helen Harrison,72,Assistant Manager,Asian,2,1,3,3
IND86610,Emily Arnold,84,Budget/Accounting Analyst I,European,2,0,1,1
IND21504,Margaret Romero,70,Developer II,American,1,3,1,1
IND79743,Harry Fields,18,Account Representative II,American,1,0,3,1
IND48435,Kimberly Ortiz,35,Internal Auditor,African,2,2,1,4
IND78342,Roy Stewart,73,Sales Associate,Asian,2,1,1,3
IND44023,Amy Hawkins,67,Software Engineer III,American,1,0,1,3
IND40901,Gary Mccoy,85,Accountant IV,Australian,1,0,2,3
IND13219,Jeffrey Carroll,29,Accountant II,Australian,2,1,3,3
IND48902,Anthony Morris,72,Speech Pathologist,African,2,1,1,3
IND34748,Anthony Berry,71,Staff Accountant I,European,1,2,1,1
IND33562,Mark Vasquez,17,Developer I,American,1,3,2,4
IND75139,Sean Robinson,71,Systems Administrator II,American,2,0,1,1
IND27653,Terry Harrison,36,Graphic Designer,European,1,1,1,1
IND64098,Bobby Adams,66,Physical Therapy Assistant,European,1,1,3,1
IND70565,Craig Hansen,42,Research Assistant II,European,2,1,2,3
IND48103,Pamela Simmons,50,Budget/Accounting Analyst IV,European,2,2,2,1
IND53609,Ralph Johnston,25,Automation Specialist III,Australian,2,3,1,4
IND86089,Tammy Harrison,66,Web Designer IV,European,1,1,1,2
IND76695,Michelle Stephens,19,Junior Executive,European,2,3,1,4
IND97632,Karen Simpson,65,Accountant III,European,2,2,1,1
IND72949,Robert Harrison,20,Automation Specialist IV,European,2,1,3,3
IND70877,Antonio Weaver,49,Accounting Assistant III,Asian,2,3,3,4
IND15767,Nicholas Vasquez,56,Programmer Analyst III,American,2,0,3,4
IND97246,Eugene Sanchez,23,Media Manager IV,Asian,1,0,1,4
IND33304,Rebecca Burke,29,Programmer I,American,2,3,2,1
IND71718,Matthew Wheeler,41,Civil Engineer,Asian,2,2,1,1
IND39571,Walter Andrews,38,Financial Analyst,Asian,1,2,1,4
IND56175,Rose Holmes,78,Human Resources Assistant II,European,1,1,3,3
IND87362,Philip Little,79,Analog Circuit Design manager,Asian,2,0,1,1
IND51423,Sarah Schmidt,18,Software Engineer I,European,2,3,1,3
IND46502,Peter Simmons,79,Health Coach III,Asian,2,0,2,1
IND44199,Maria Robertson,54,Web Developer II,Australian,1,3,3,4
IND31246,Katherine Williams,83,Office Assistant II,European,1,0,3,2
IND80498,Ryan Hernandez,26,Account Representative IV,European,2,1,2,1
IND49142,Kathryn Rose,81,Senior Developer,American,2,3,1,1
IND50904,Christopher GoPKRales,57,Financial Analyst,European,1,0,2,1
IND76572,Judy Black,66,Structural Analysis Engineer,European,2,0,1,1
IND32423,Arthur Bell,44,Assistant Professor,Asian,1,3,2,1
IND38977,Eugene Brown,77,Biostatistician II,Asian,2,1,1,3
IND41707,Kimberly Nelson,77,Software Test Engineer II,European,2,1,1,2
IND70193,Shirley Jenkins,70,Analyst Programmer,American,1,0,1,2
IND87876,Scott Sanders,70,Actuary,Asian,2,3,2,3
IND47890,Adam Thompson,41,Nuclear Power Engineer,European,1,3,1,1
IND35744,Alice Watson,75,Internal Auditor,Asian,1,0,2,1
IND47623,Ann Stephens,73,Human Resources Manager,European,1,3,1,1
IND36468,Katherine Gardner,20,Office Assistant I,European,2,0,2,1
IND56605,Peter Chapman,56,Geological Engineer,European,1,1,1,3
IND30713,Lillian Harris,34,Professor,Asian,1,1,2,1
IND21229,Jason Harvey,61,Office Assistant IV,European,2,2,3,1
IND87062,Lisa Barnes,59,Assistant Manager,European,2,0,2,1
IND99910,Justin Ferguson,85,Product Engineer,European,2,2,2,4
IND37041,Antonio Gilbert,19,Assistant Manager,European,2,3,3,3
IND52657,Kathleen Mitchell,55,Administrative Assistant IV,European,1,3,2,3
IND38321,Jeffrey Shaw,44,Librarian,American,2,0,1,1
IND43916,Carlos Black,36,Budget/Accounting Analyst I,Asian,1,3,2,1
IND46447,Gerald Cooper,45,Software Engineer IV,American,2,0,2,4
IND84755,Carolyn Holmes,78,Computer Systems Analyst II,European,2,1,1,2
IND45303,Nicole Hall,33,Associate Professor,European,1,2,2,4
IND84825,William Holmes,56,Marketing Manager,American,2,1,2,1
IND22385,Bruce Day,41,Safety Technician IV,European,2,0,3,1
IND57724,Jeremy Woods,74,Programmer II,Asian,1,0,2,1
IND96098,Eric Sullivan,38,Research Assistant II,European,2,0,1,4
IND45192,Richard Gibson,76,Web Designer II,European,2,2,2,2
IND87243,Ralph Long,28,Systems Administrator I,European,2,1,1,4
IND47130,Daniel Stewart,56,Recruiter,African,1,1,1,1
IND35064,William Griffin,81,Staff Scientist,Asian,1,1,1,1
IND91327,Donald Howell,69,Environmental Tech,European,2,1,3,3
IND31787,Jane Cruz,42,Legal Assistant,European,2,3,1,4
IND73969,Laura Ellis,53,Automation Specialist II,American,2,2,1,1
IND45185,Andrew Rivera,58,Media Manager III,European,2,3,1,1
IND73287,Stephanie Grant,44,Assistant Manager,Australian,1,2,2,4
IND70814,Theresa Cooper,78,Internal Auditor,European,2,1,1,2
IND24037,Jesse George,18,Associate Professor,American,1,1,1,1
IND15396,Samuel Young,30,Senior Editor,Asian,2,3,2,3
IND23636,Brandon Patterson,59,Compensation Analyst,European,2,3,1,3
IND46502,Mildred Willis,45,Statistician I,European,1,0,2,3
IND26451,Daniel Burke,20,Staff Accountant I,European,1,1,2,1
IND66679,Maria Larson,55,Developer II,American,1,3,1,4
IND65897,Juan Lopez,53,Social Worker,Australian,1,3,2,1
IND52886,Jonathan Pierce,20,Payment Adjustment Coordinator,Asian,2,2,2,3
IND66931,Brian Kelley,41,Statistician I,Asian,1,2,2,4
IND50563,Daniel White,31,Account Executive,Asian,2,1,1,4
IND82494,Larry Mcdonald,21,Social Worker,European,1,2,3,4
IND32752,Ralph Greene,30,Software Test Engineer II,European,2,3,1,1
IND60228,Carlos Day,73,Web Designer I,African,2,2,1,4
IND31493,Alice Peterson,43,Systems Administrator I,European,2,0,3,3
IND16745,Phillip Snyder,22,Budget/Accounting Analyst I,African,2,2,2,1
IND96019,Raymond King,65,Web Designer II,American,1,2,3,2
IND31862,Aaron Harvey,82,Developer IV,European,2,2,1,4
IND91417,Eric Evans,40,Staff Accountant IV,European,1,2,1,2
IND21808,Timothy Washington,47,Analog Circuit Design manager,Asian,1,2,1,1
IND72909,Janet Martinez,33,Database Administrator II,Australian,2,2,1,3
IND59364,Russell Hanson,70,Developer IV,Asian,2,2,1,4
IND68800,Jimmy Thompson,71,Research Nurse,African,1,3,3,1
IND19308,Catherine Garrett,53,Statistician III,European,1,1,2,2
IND50968,Amanda Hill,82,Health Coach II,American,2,1,2,1
IND60474,Jeremy Sullivan,80,Pharmacist,European,1,0,1,4
IND19117,Robert Peters,66,Office Assistant I,Australian,2,1,1,4
IND66918,Jean Richards,82,Account Representative II,Australian,1,1,3,4
IND59407,Larry Kelley,42,Developer I,European,1,0,1,4
IND40471,Clarence Reed,78,General Manager,European,1,2,1,4
IND85041,Diana Smith,43,Systems Administrator IV,European,2,3,3,4
IND48176,Wanda Morris,48,Desktop Support Technician,Asian,2,1,2,3
IND37683,Billy Burke,52,Human Resources Assistant III,Asian,1,1,1,1
IND99006,Jeremy Ray,64,Account Representative II,European,2,0,3,3
IND38675,Victor Martin,58,Software Test Engineer III,American,2,3,1,1
IND83783,Carl Peters,30,Business Systems Development Analyst,European,2,3,1,1
IND88284,Timothy Diaz,36,Budget/Accounting Analyst IV,European,1,2,2,3
IND21526,Jimmy Berry,59,Analog Circuit Design manager,European,1,2,2,1
IND70008,Joseph Morris,34,Actuary,American,2,0,2,2
IND90240,Juan Garza,25,Database Administrator I,European,1,2,1,1
IND51766,Doris Clark,27,Sales Associate,European,2,1,2,1
IND29470,Jean Wallace,44,Accounting Assistant I,Asian,2,3,1,2
IND23054,Virginia Harper,19,Librarian,European,2,3,1,1
IND59974,Joshua Phillips,65,Staff Accountant III,Asian,1,1,1,3
IND65635,Peter Jones,84,Accounting Assistant I,European,2,1,2,1
IND65600,Paula Wheeler,48,Office Assistant I,American,2,3,2,4
IND53125,Judith Day,48,Developer IV,Asian,1,1,2,4
IND13509,Louis Schmidt,78,Safety Technician II,American,1,0,1,3
IND95651,Brian Richardson,33,Cost Accountant,American,1,1,1,3
IND63200,David Harris,51,Budget/Accounting Analyst I,European,2,2,1,1
IND81613,Michael Ramirez,29,Design Engineer,European,2,0,1,1
IND60956,Jessica Martin,39,Chief Design Engineer,European,1,1,1,1
IND13711,Lawrence Williamson,37,Senior Cost Accountant,Asian,2,0,3,1
IND62222,Kevin Little,44,Legal Assistant,European,2,1,2,1
IND59714,Janet Castillo,49,Nuclear Power Engineer,Australian,1,3,2,1
IND48103,George Jones,71,Staff Accountant IV,European,1,3,2,2
IND47424,Diane James,29,GIS Technical Architect,Australian,1,1,1,4
IND84942,Beverly Armstrong,30,Structural Analysis Engineer,American,1,2,2,1
IND79115,Ashley Robertson,84,Database Administrator III,American,1,1,1,4
IND98898,Jerry Morrison,77,Human Resources Assistant I,American,1,0,1,2
IND27181,Phillip Cox,43,Office Assistant IV,American,2,0,1,1
IND33470,Anthony Stephens,49,Assistant Professor,European,2,3,2,1
IND67270,Cynthia Roberts,69,Analyst Programmer,African,2,0,2,4
IND42900,Lawrence Morgan,84,Administrative Assistant IV,Asian,1,3,1,2
IND54363,Walter Stanley,18,Health Coach II,American,1,2,3,3
IND46401,Harry Ryan,81,Quality Control Specialist,African,2,2,1,4
IND29266,Mark Shaw,53,GIS Technical Architect,Asian,2,1,1,1
IND88950,Russell Peterson,51,Editor,European,1,2,2,4
IND54504,Russell Thompson,33,Structural Analysis Engineer,European,1,2,2,1
IND90241,Anna Cole,30,Administrative Assistant I,European,2,3,1,2
IND49190,Paula Shaw,30,Web Designer IV,European,1,0,2,3
IND33984,Frank Marshall,35,Web Developer I,Asian,2,1,3,3
IND51947,Jonathan Bryant,74,Internal Auditor,European,1,0,1,2
IND97419,Justin Rice,81,Web Designer IV,European,1,3,3,1
IND50993,Joe Moore,60,Human Resources Manager,European,2,0,1,2
IND67880,Patricia Elliott,35,Nuclear Power Engineer,Asian,1,1,2,3
IND29107,Catherine Jackson,29,Marketing Manager,European,2,2,3,3
IND38710,Anna West,26,VP Sales,Asian,1,1,1,1
IND18498,Brian Garza,61,Accountant I,Asian,1,1,1,3
IND26008,Jesse Day,58,Financial Analyst,American,2,3,2,4
IND69939,Johnny Coleman,37,Account Representative IV,European,2,0,1,4
IND17524,Frank Alvarez,66,Staff Scientist,Asian,1,0,1,4
IND62351,Billy Turner,38,Business Systems Development Analyst,European,1,3,1,4
IND62889,Timothy Richards,61,Senior Financial Analyst,Asian,1,1,1,3
IND88021,Paula Hawkins,40,Accounting Assistant IV,European,1,3,1,1
IND36235,Martin Carpenter,41,Statistician II,Asian,1,1,2,1
IND71573,Aaron Stephens,45,Automation Specialist II,Australian,1,2,1,1
IND35926,Ralph Young,55,Health Coach III,European,2,1,1,3
IND13753,Norma Stone,26,Statistician IV,American,1,2,1,1
IND46745,Shawn Simmons,54,Administrative Assistant IV,European,1,0,3,1
IND86610,Tammy Pierce,36,Automation Specialist III,Asian,1,1,1,4
IND47886,Billy Schmidt,82,Editor,European,1,3,1,3
IND90885,Ronald Austin,30,Programmer II,European,1,0,1,4
IND22904,Todd Peters,80,Engineer I,Asian,1,3,1,4
IND82060,Thomas Jones,69,Senior Quality Engineer,European,2,2,2,4
IND49261,Charles Powell,76,VP Product Management,Australian,1,3,2,3
IND57999,Doris Hill,65,Account Representative II,Asian,1,2,1,1
IND54797,Eugene Scott,79,Assistant Media Planner,Asian,1,0,1,3
IND33629,Larry Pierce,50,Software Test Engineer I,Asian,1,3,1,1
IND74667,Raymond Murphy,81,Recruiting Manager,African,1,1,2,4
IND13486,Annie Henderson,20,Human Resources Manager,Asian,2,3,3,2
IND27626,Samuel Fowler,47,Health Coach II,African,2,2,1,1
IND94410,Carlos Rogers,44,Web Developer III,European,2,3,1,1
IND63836,Matthew Garza,77,Engineer II,European,1,0,1,1
IND78028,Ronald Walker,43,Software Engineer II,American,2,3,1,4
IND22081,James Stone,26,Engineer III,American,2,1,1,3
IND93388,Victor Hill,52,Associate Professor,African,2,1,2,4
IND54286,Ernest Stewart,31,Automation Specialist III,American,1,3,2,1
IND78943,Joe Miller,54,Database Administrator III,European,1,0,1,1
IND36951,Howard White,53,Information Systems Manager,American,1,3,2,3
IND17798,Kenneth Perez,84,Accountant II,European,1,2,3,4
IND46044,Ralph Robertson,25,Research Assistant I,African,2,3,2,1
IND43480,Sandra Sims,28,Account Representative I,European,2,2,1,1
IND83407,Margaret Rivera,69,Media Manager I,Australian,1,1,1,3
IND80089,Charles Day,33,Geologist III,Asian,1,0,2,1
IND63136,Jack Scott,71,Staff Accountant I,Asian,1,1,1,3
IND14347,Adam Fuller,25,Graphic Designer,Asian,1,2,1,4
IND38794,Irene Parker,37,Automation Specialist III,American,1,1,3,2
IND19657,Heather Ryan,60,Chemical Engineer,Australian,1,3,1,1
IND62031,Bobby Reid,67,Junior Executive,Asian,2,0,3,3
IND62007,Paul Meyer,24,Operator,Australian,2,3,3,1
IND47000,Victor Stephens,24,Structural Engineer,Asian,2,1,2,4
IND88064,Marilyn Washington,27,Health Coach IV,American,1,1,2,1
IND36864,Rebecca Hanson,57,Database Administrator III,European,2,0,2,1
IND56480,John Bennett,56,Structural Engineer,American,1,2,3,3
IND66163,Shawn Myers,79,Software Engineer IV,American,2,1,1,1
IND44689,Stephen Watkins,46,Environmental Specialist,Asian,1,2,1,1
IND59059,Michael Rodriguez,17,Database Administrator II,European,1,2,2,1
IND73185,Harold Crawford,75,Systems Administrator I,European,1,2,3,1
IND50404,Ruby Evans,71,Biostatistician IV,Australian,2,1,3,1
IND98223,Jack Gardner,17,Occupational Therapist,Asian,2,0,1,4
IND76462,James Collins,78,Research Associate,American,1,2,2,1
IND33553,Walter Banks,52,Analyst Programmer,European,1,1,2,1
IND65980,George Watkins,17,Programmer Analyst III,American,1,2,1,1
IND33495,Richard Wilson,78,Food Chemist,American,1,1,2,4
IND84144,Douglas Olson,76,Help Desk Technician,Asian,1,3,1,4
IND67150,Nicholas Larson,23,Nurse,European,2,1,1,3
IND79483,Terry Stewart,25,Senior Financial Analyst,European,1,3,3,1
IND21788,Stephanie Morris,33,Structural Analysis Engineer,Australian,1,3,2,1
IND54719,Lois Elliott,78,Librarian,European,2,2,2,2
IND21106,Willie Richards,77,Web Developer III,European,1,0,3,1
IND30260,Carol Jones,36,Computer Systems Analyst II,European,1,3,2,4
IND53757,Samuel Nichols,50,General Manager,Asian,1,2,2,2
IND65418,Karen Black,42,Pharmacist,European,1,3,2,1
IND40870,Keith White,26,General Manager,European,2,1,2,2
IND99607,Sean Pierce,69,Health Coach II,American,1,1,2,1
IND93836,Kevin Matthews,51,Engineer III,European,2,2,1,1
IND97223,Deborah Diaz,28,Systems Administrator III,Australian,2,3,3,1
IND35919,Joshua Moreno,47,Accounting Assistant I,Asian,1,3,2,4
IND39837,Denise Carpenter,78,Administrative Assistant IV,American,2,0,2,1
IND81606,Sean Flores,27,Software Test Engineer IV,European,2,2,2,1
IND30766,Carlos Moreno,33,Computer Systems Analyst IV,American,2,0,1,4
IND41873,Andrew Moore,42,Marketing Assistant,European,2,1,3,1
IND99374,Irene Thomas,21,Environmental Tech,European,1,0,1,3
IND42481,Christopher Diaz,24,Nurse Practicioner,African,2,0,2,3
IND13907,Victor Moreno,29,Quality Control Specialist,European,1,2,2,4
IND79745,Billy Hall,38,Software Consultant,American,1,2,2,4
IND45732,Ernest Montgomery,22,Human Resources Assistant I,European,2,1,1,1
IND45344,Brian Cook,71,Senior Cost Accountant,European,2,1,1,1
IND64096,Wanda Wagner,39,Assistant Media Planner,American,1,1,1,3
IND37064,Lawrence Watkins,66,Developer II,European,1,1,2,1
IND46886,Anna Jordan,65,Senior Editor,European,2,0,2,1
IND94600,Mark Richards,61,Senior Editor,Asian,1,1,2,4
IND42408,Jeffrey Cook,72,VP Product Management,Australian,2,1,1,2
IND95576,Beverly Black,44,Web Developer I,European,1,1,3,1
IND87787,Mary Berry,54,Programmer Analyst IV,European,2,1,1,2
IND44084,Ann Spencer,65,Administrative Assistant II,European,1,2,2,1
IND86710,Benjamin Schmidt,24,Accounting Assistant III,European,2,0,2,4
IND43909,Paula Robinson,32,Administrative Officer,European,2,1,1,1
IND20927,Jack Richardson,23,Paralegal,Australian,2,0,3,3
IND57563,Roy Lane,39,Developer II,Asian,1,0,1,4
IND17254,Johnny Gray,69,Senior Cost Accountant,African,1,2,2,1
IND98826,Marie Fuller,83,Staff Accountant III,Asian,2,0,1,3
IND76028,Walter Sanchez,19,Accounting Assistant II,European,1,3,3,1
IND41655,Lawrence Rose,30,Computer Systems Analyst I,Asian,1,3,1,4
IND75932,William Carroll,33,Help Desk Technician,Asian,2,1,1,1
IND86705,Timothy Carpenter,50,Executive Secretary,Asian,2,3,3,4
IND79787,Brian Rose,78,VP Marketing,European,1,2,1,3
IND62595,Phillip Weaver,60,Software Test Engineer II,European,1,2,1,1
IND25773,Virginia Richardson,30,Media Manager IV,Australian,1,0,1,4
IND46155,Randy Kim,22,Office Assistant II,Asian,2,2,1,1
IND96756,Jack Allen,71,Speech Pathologist,European,1,1,1,4
IND85245,George Young,18,Research Assistant III,European,1,2,2,4
IND21386,Jason Cunningham,83,Accounting Assistant II,American,2,0,3,1
IND65402,Fred Rivera,29,Human Resources Assistant III,European,2,2,1,1
IND42622,Joyce Nelson,56,Administrative Assistant IV,American,2,3,2,1
IND83775,Carl Thompson,65,Desktop Support Technician,American,1,0,2,1
IND14543,Peter Perry,28,Geologist III,European,2,0,2,3
IND54095,Ruth Murphy,29,Automation Specialist I,European,2,1,1,3
IND19003,Anthony Alexander,23,Senior Quality Engineer,European,2,2,3,2
IND86759,Douglas Washington,76,Developer IV,Australian,1,3,2,1
IND56173,Barbara Lynch,66,Health Coach II,European,2,2,1,4
IND61687,Jonathan Peterson,58,Dental Hygienist,European,2,0,2,4
IND57908,Sean Hall,74,Staff Accountant IV,American,2,3,3,1
IND69220,Harold Hanson,79,Systems Administrator IV,European,2,2,2,3
IND95487,Karen Fields,20,Web Designer IV,African,2,2,1,1
IND92968,Jeffrey Hunt,50,Registered Nurse,European,1,0,1,1
IND62985,Christopher Roberts,66,Database Administrator III,American,1,2,3,1
IND41456,Jimmy Rogers,77,Accountant IV,Australian,2,3,1,3
IND63334,Joshua Green,54,Computer Systems Analyst I,European,1,2,2,4
IND32903,Justin Spencer,20,Data Coordiator,American,1,3,2,4
IND34986,Joshua Castillo,28,Accounting Assistant I,Australian,1,2,1,4
IND72265,Steve Coleman,37,Engineer IV,Asian,1,1,3,2
IND64873,Fred Cook,30,Chief Design Engineer,Australian,1,2,2,1
IND30612,Anne Collins,56,Media Manager II,European,2,3,1,4
IND56739,Kenneth Lane,49,Design Engineer,European,2,0,1,1
IND71679,Matthew Carroll,27,Clinical Specialist,Asian,2,0,2,3
IND69386,Todd Roberts,60,Cost Accountant,Australian,2,1,3,2
IND30675,Phillip Howell,50,Senior Developer,European,1,0,1,1
IND37613,Chris Hunter,38,Geologist III,European,1,2,1,1
IND32828,Patrick Howell,27,Budget/Accounting Analyst III,European,2,0,1,1
IND59220,Gerald Berry,36,Help Desk Operator,Australian,2,1,2,1
IND25922,Timothy Reed,73,Computer Systems Analyst III,Australian,2,3,1,1
IND92034,Samuel White,61,Operator,Asian,1,2,1,1
IND33307,Debra Morgan,35,Project Manager,American,2,2,3,3
IND25691,Amanda Diaz,74,Business Systems Development Analyst,Asian,1,3,1,4
IND69736,Angela Lynch,76,Human Resources Assistant I,Asian,1,3,1,1
IND65318,Todd Elliott,70,Web Developer III,Australian,2,1,1,3
IND83499,Antonio Ray,47,Statistician III,Asian,2,0,3,1
IND74300,Bruce Romero,79,Accountant II,European,2,3,1,3
IND47852,Judy Gomez,84,Software Engineer II,Asian,1,2,3,3
IND43367,Jessica Morris,58,Web Developer II,Asian,1,3,2,4
IND84211,Scott Wells,65,Product Engineer,European,1,2,1,4
IND27091,Philip Moore,23,Assistant Professor,Asian,1,3,3,1
IND84197,Gerald Ramos,70,Automation Specialist IV,Australian,2,0,1,4
IND97134,Jeffrey Morgan,39,Human Resources Assistant IV,Asian,1,2,1,4
IND68544,Johnny Butler,40,Operator,Asian,1,2,3,3
IND96321,Heather Perez,21,Computer Systems Analyst IV,European,1,1,1,4
IND94055,Ryan Weaver,55,Nuclear Power Engineer,American,1,0,2,3
IND48964,Douglas Hughes,28,Nurse Practicioner,European,2,3,1,4
IND28345,Rachel Collins,47,Account Representative II,European,2,2,1,3
IND93272,Elizabeth Diaz,21,Teacher,European,1,1,1,3
IND58727,Christina Larson,78,VP Accounting,Australian,1,0,1,1
IND47871,Brandon Chapman,53,Tax Accountant,European,2,1,2,3
IND24899,Sean Morrison,65,Health Coach II,Asian,2,3,1,4
IND58197,Roy Dunn,59,Compensation Analyst,Asian,1,2,2,3
IND59695,Donna Hamilton,50,Structural Analysis Engineer,Asian,1,3,2,1
IND29786,Brandon Roberts,32,Safety Technician III,European,1,2,1,2
IND59107,Mary Burns,43,Research Assistant III,European,2,2,1,2
IND37582,Phillip Fox,49,Web Developer II,Australian,2,1,2,4
IND72283,Tina Reid,45,Software Engineer III,Australian,2,1,3,1
IND74203,Russell Day,28,Statistician II,Asian,1,1,2,2
IND50994,Ralph Garcia,59,Web Designer III,American,1,3,1,2
IND58185,Anthony Anderson,73,Junior Executive,European,1,1,2,1
IND43545,Lawrence Evans,47,Administrative Assistant III,African,1,2,3,1
IND83063,Frank Owens,25,Statistician III,Asian,1,2,2,3
IND15980,Lawrence Vasquez,79,Clinical Specialist,European,2,0,1,2
IND35484,Jack White,67,Budget/Accounting Analyst II,European,1,3,1,1
IND79472,Melissa Rivera,63,Recruiting Manager,American,1,3,2,1
IND93672,Steve Alvarez,73,Biostatistician II,Asian,2,0,1,1
IND88113,Gloria Roberts,77,Staff Scientist,European,2,1,1,4
IND53799,Martin Phillips,75,Automation Specialist II,American,1,1,3,4
IND41887,Martin Stephens,48,Web Developer I,American,1,0,2,1
IND88761,Richard Knight,35,Executive Secretary,American,1,2,1,2
IND40435,Robert Sims,39,Statistician III,Asian,1,3,3,2
IND56106,Jessica Howard,42,Senior Developer,Asian,2,1,3,2
IND41735,John Howell,54,Accounting Assistant I,Asian,1,2,1,3
IND90777,Mildred Austin,40,Civil Engineer,African,2,2,3,4
IND51577,Carlos Miller,48,Human Resources Assistant IV,Asian,1,3,1,1
IND80436,Paul Powell,32,Geologist I,European,2,1,3,1
IND79704,Harold Marshall,45,Physical Therapy Assistant,Asian,2,2,1,4
IND15664,Ann GoPKRales,56,Legal Assistant,European,2,0,1,1
IND94938,Russell Gray,45,Senior Developer,Asian,1,2,2,1
IND80870,Jean Stevens,56,Financial Analyst,Asian,1,0,3,2
IND58524,Howard Coleman,85,Systems Administrator IV,African,1,1,2,3
IND73247,Lisa Carroll,38,Biostatistician III,Asian,1,3,2,4
IND49380,Todd Weaver,20,Actuary,American,2,1,2,1
IND32752,Harold Ruiz,45,Cost Accountant,European,2,1,1,3
IND79491,Judith Fox,50,Data Coordiator,African,1,2,1,3
IND52559,Paul Sims,83,Associate Professor,American,1,2,1,1
IND94127,Kenneth Black,79,Financial Analyst,American,2,0,1,1
IND59774,Antonio Fisher,62,Software Test Engineer II,American,2,0,1,3
IND61218,Jeffrey Allen,56,Nurse Practicioner,Asian,1,1,2,3
IND28314,Eric Ward,59,Community Outreach Specialist,Asian,1,1,2,1
IND76099,Rose West,54,Computer Systems Analyst III,Asian,2,0,1,1
IND58197,Samuel Alvarez,32,Assistant Manager,American,2,0,1,2
IND79892,Ronald Payne,66,Structural Analysis Engineer,American,1,2,2,2
IND39781,Joseph Riley,76,Programmer Analyst I,European,2,3,1,1
IND35995,Albert Wells,84,Engineer III,European,1,1,1,4
IND42566,Gregory GoPKRalez,56,Web Designer III,European,1,0,1,4
IND31753,Angela Tucker,78,Nurse Practicioner,Asian,2,3,2,2
IND53894,Norma Hunter,77,Software Test Engineer IV,Australian,1,3,2,1
IND56621,Richard Campbell,53,Engineer IV,American,2,2,2,4
IND76021,Denise Hamilton,42,Civil Engineer,African,2,2,1,3
IND17070,Susan Fowler,46,Mechanical Systems Engineer,Australian,2,1,2,3
IND37670,Carolyn Black,68,Structural Engineer,African,2,2,1,1
IND45617,Ashley Franklin,70,Safety Technician IV,Asian,2,1,1,1
IND47563,Alice Marshall,47,Environmental Tech,European,2,1,3,1
IND46352,Michael Alexander,27,Registered Nurse,Asian,1,0,2,1
IND52499,Johnny Cruz,18,Structural Engineer,Australian,2,2,3,4
IND64778,Linda Butler,73,Computer Systems Analyst IV,European,2,3,2,1
IND83362,Maria Welch,83,Account Executive,European,1,1,1,1
IND30786,Victor Ellis,72,Accounting Assistant IV,European,1,2,2,2
IND20476,Jeffrey Wagner,56,Health Coach I,European,1,2,1,4
IND69060,Joyce Smith,75,VP Accounting,Asian,1,1,1,2
IND17931,Shawn Howell,84,Statistician IV,African,1,3,3,1
IND56891,Aaron Reynolds,61,Staff Accountant II,European,2,0,1,1
IND37323,Brandon Little,64,Staff Accountant IV,European,1,2,2,1
IND17259,Jean Morgan,78,Systems Administrator III,American,2,0,2,4
IND24069,Howard Little,17,Human Resources Assistant II,Asian,1,3,2,1
IND70868,Linda Burke,42,Engineer I,Australian,2,1,1,3
IND94996,Kenneth Bailey,40,Statistician III,American,2,1,1,3
IND92018,Todd Howell,70,Marketing Assistant,European,2,3,2,4
IND40311,Joshua Powell,22,Senior Quality Engineer,European,2,3,2,1
IND22076,Kathy Barnes,32,Structural Engineer,Asian,2,3,2,3
IND88518,Willie Greene,73,Research Assistant IV,Australian,1,1,2,4
IND67149,Richard Hawkins,48,Analog Circuit Design manager,European,1,0,2,4
IND94783,Karen Nelson,78,Project Manager,European,2,2,1,2
IND28381,Sean Morris,46,GIS Technical Architect,American,1,3,1,1
IND19580,William Bishop,53,Health Coach IV,Asian,2,1,3,3
IND96087,Joseph Young,53,Developer IV,European,2,0,2,3
IND38737,Craig Lee,35,Office Assistant I,American,1,1,3,1
IND38628,Steven Ryan,72,Programmer Analyst II,European,1,1,2,4
IND47104,Timothy Peterson,24,Associate Professor,European,2,2,2,2
IND35485,Nancy Rogers,81,Systems Administrator III,African,2,0,3,1
IND89040,Earl Hart,78,Database Administrator I,Asian,2,3,1,2
IND41722,Richard Moore,62,Quality Engineer,Asian,2,2,1,4
IND34939,Kathy Patterson,64,Web Designer I,African,1,3,2,4
IND15036,Chris Cox,21,Database Administrator II,Asian,2,2,1,4
IND80720,Douglas Gibson,31,Nurse,Asian,2,3,1,1
IND35191,Jeremy Duncan,79,Tax Accountant,Australian,2,1,2,4
IND83420,Donna Frazier,53,Actuary,Asian,1,2,1,4
IND67155,Gary Berry,81,Accountant II,European,1,0,2,2
IND53173,Anthony Moore,63,Paralegal,Australian,1,2,1,3
IND15625,Russell Hansen,53,Assistant Media Planner,American,2,2,2,4
IND33337,Wanda Murray,74,Safety Technician IV,European,1,1,1,2
IND40896,Charles Tucker,69,Automation Specialist I,European,1,1,3,4
IND71163,Aaron Burke,30,Safety Technician III,European,1,0,2,2
IND78424,Julie Snyder,26,GIS Technical Architect,American,2,1,2,1
IND41219,Wayne Bennett,72,Assistant Professor,European,2,1,1,1
IND62450,Paul Snyder,68,Software Test Engineer I,European,2,0,2,3
IND67674,Heather Shaw,72,Sales Associate,Australian,1,1,3,4
IND14696,Mary Wright,78,Programmer Analyst IV,European,2,0,2,1
IND39582,Aaron Williams,17,Chief Design Engineer,European,1,2,1,3
IND55512,Andrew Young,17,Office Assistant II,European,2,2,2,1
IND58447,Alan Nichols,63,Programmer II,European,2,3,1,1
IND66908,Larry Snyder,61,Payment Adjustment Coordinator,European,1,1,1,4
IND93572,Emily Stewart,80,Health Coach I,Asian,1,3,1,3
IND70604,Bobby Gutierrez,79,Web Designer I,American,2,2,2,3
IND28563,Stephen Freeman,33,Professor,Asian,2,2,1,4
IND44786,Justin Romero,41,Electrical Engineer,European,2,3,2,1
IND79851,Debra Nichols,71,Safety Technician I,Asian,1,1,1,4
IND24079,Joshua Bennett,56,Help Desk Operator,American,2,3,2,4
IND15798,Jesse Tucker,67,Automation Specialist II,American,2,0,2,1
IND37241,Ruby Wallace,64,Internal Auditor,Australian,1,0,1,2
IND86966,Cheryl Hunter,62,Software Consultant,European,1,1,1,1
IND71164,Ralph Porter,60,Database Administrator I,European,2,2,1,1
IND40932,Martha Reynolds,73,Accountant II,Asian,2,2,1,3
IND96715,Gary King,80,Desktop Support Technician,European,1,0,2,2
IND50507,Lisa Miller,69,Systems Administrator II,European,1,1,1,4
IND38878,Sarah Wright,32,Recruiter,European,2,3,1,1
IND59922,Frances Hughes,57,Physical Therapy Assistant,Asian,1,3,1,1
IND32848,Keith Hernandez,23,Operator,European,1,1,1,1
IND22297,James Ross,18,Dental Hygienist,European,1,3,2,4
IND17713,Charles Simmons,39,Assistant Professor,European,2,1,1,1
IND25396,Matthew Webb,69,Administrative Assistant I,European,2,3,3,4
IND15088,Margaret Coleman,42,Systems Administrator III,American,2,3,2,4
IND24185,Anna Henry,85,Physical Therapy Assistant,European,1,2,1,1
IND13182,Jennifer Rice,30,Web Developer III,Australian,2,0,2,4
IND57459,Cheryl Clark,25,Recruiter,European,1,2,2,4
IND60265,Peter Diaz,68,Structural Analysis Engineer,European,1,3,1,4
IND98600,Lori Webb,73,Internal Auditor,European,2,3,1,1
IND56505,Kevin Williams,27,Associate Professor,American,2,1,1,3
IND24188,Paula Young,31,Programmer Analyst III,Asian,2,0,1,1
IND66753,Justin Robinson,75,Analog Circuit Design manager,American,2,1,1,1
IND31161,Stephen Murphy,60,Human Resources Manager,European,2,3,1,4
IND74796,Walter Duncan,59,Accounting Assistant I,Asian,1,0,1,3
IND18529,Sean Ellis,39,Data Coordiator,Asian,2,1,3,3
IND45403,Dorothy Harris,26,Internal Auditor,Asian,1,0,2,1
IND57142,Marilyn Webb,24,Health Coach I,Asian,2,2,2,4
IND45470,Wanda Robertson,44,Health Coach II,European,2,2,3,2
IND69975,Linda Ramos,63,Geologist I,European,1,3,3,3
IND22525,Brian Stewart,37,Associate Professor,Asian,1,2,1,1
IND15624,Maria King,36,Office Assistant IV,African,1,2,2,2
IND85067,Stephanie Baker,26,Geologist II,Asian,1,0,2,4
IND53006,Harold Kelly,75,Safety Technician II,European,2,1,1,1
IND52186,Joe Knight,74,Database Administrator I,Australian,1,3,2,2
IND99691,Carl Gutierrez,64,Developer IV,American,2,1,1,1
IND35211,Andrew Phillips,25,Physical Therapy Assistant,Asian,2,2,2,1
IND54677,Amanda Myers,54,Human Resources Assistant IV,Australian,1,3,3,4
IND75463,Patricia Mitchell,18,Biostatistician I,European,2,1,1,4
IND54309,Arthur Fields,58,Structural Analysis Engineer,Australian,1,1,3,1
IND32424,Harold Knight,38,Accountant I,European,1,0,1,1
IND64425,Nicole Porter,50,Environmental Specialist,Asian,2,2,1,1
IND63920,Kathy Allen,84,Community Outreach Specialist,European,1,2,3,4
IND57702,Fred Cole,63,Software Consultant,African,2,0,1,1
IND50366,Raymond Williams,55,Systems Administrator I,African,1,3,3,2
IND35560,Harold Butler,60,Librarian,European,1,3,1,1
IND97501,Albert George,24,Environmental Tech,European,1,3,2,3
IND50411,George Johnston,67,Geological Engineer,African,1,2,3,4
IND76102,Jose King,28,Research Assistant IV,European,2,3,2,1
IND56074,Carl Peterson,62,Occupational Therapist,European,1,1,1,4
IND27011,Heather Nguyen,69,Biostatistician IV,European,1,1,1,3
IND48221,Nicholas Fox,79,Financial Analyst,European,1,2,1,4
IND45884,Jesse Frazier,60,Dental Hygienist,American,1,2,1,3
IND16593,Mary Young,60,Systems Administrator III,European,1,2,2,3
IND32999,Roger Hayes,18,Staff Accountant II,European,2,1,3,4
IND39671,Jesse Perry,76,GIS Technical Architect,Asian,1,0,1,3
IND65149,Richard Grant,63,Geologist II,American,1,1,2,1
IND87267,Angela Williams,82,Biostatistician IV,European,1,1,1,4
IND69610,Julie Barnes,84,Developer II,European,2,2,2,1
IND80344,Gary Morgan,51,Biostatistician IV,Asian,1,0,1,1
IND38207,Margaret Bowman,50,Computer Systems Analyst IV,Asian,1,1,3,3
IND79637,Eugene Boyd,57,Analyst Programmer,African,1,3,1,3
IND29921,Anne Bailey,18,Statistician II,Asian,2,1,1,1
IND59198,Brian Clark,63,Environmental Tech,European,2,3,1,1
IND19422,Sean Harrison,35,Programmer III,Asian,2,1,1,3
IND54707,Michael Henry,54,Programmer Analyst II,Asian,1,3,2,1
IND20608,Carolyn Hunt,53,Professor,Asian,1,2,3,4
IND98943,Martha Robinson,41,Media Manager IV,Asian,2,0,1,1
IND61538,Henry Williamson,84,Research Associate,European,2,2,1,1
IND78351,Justin Bowman,51,Software Test Engineer IV,Asian,2,2,2,1
IND46289,Doris Anderson,66,Human Resources Assistant II,Australian,1,1,3,2
IND16285,Frank Cole,77,GIS Technical Architect,European,1,0,1,1
IND85859,Joshua Robertson,40,Dental Hygienist,European,2,2,2,4
IND86031,Jessica King,72,Sales Associate,European,1,3,1,1
IND65548,Diane Riley,74,Accountant IV,American,1,0,2,3
IND28392,Jeffrey Fuller,59,Product Engineer,Australian,1,0,1,3
IND36665,Alan Sims,26,Data Coordiator,European,1,1,3,1
IND31739,Christopher Price,65,Human Resources Assistant IV,Asian,2,3,2,1
IND68824,Howard Patterson,52,General Manager,African,1,1,1,3
IND81954,Ralph Henderson,65,Environmental Tech,European,2,1,3,4
IND57483,Kevin Knight,65,Engineer I,Asian,1,2,1,1
IND58811,Amanda Watkins,67,Recruiting Manager,American,2,0,2,4
IND90712,Michael Patterson,47,Marketing Assistant,European,1,2,1,1
IND78657,Nicholas Payne,30,Account Representative III,Australian,1,1,2,2
IND77048,Jennifer Barnes,66,Recruiter,Australian,2,1,1,3
IND80417,Michael Nichols,48,Community Outreach Specialist,Asian,2,2,2,4
IND69214,Gerald Harrison,30,Software Engineer II,European,2,1,3,2
IND35051,Ruth Kennedy,41,Office Assistant III,European,1,2,1,4
IND29305,Lillian King,29,Human Resources Manager,African,2,1,3,4
IND81554,Frances Bell,47,Occupational Therapist,European,2,3,2,1
IND76672,Jesse Riley,47,Account Representative IV,Asian,2,2,2,1
IND89391,Gary Baker,35,Software Engineer II,European,1,0,3,3
IND95274,Shirley Tucker,64,Programmer III,European,1,2,1,4
IND93078,Theresa Burke,44,Administrative Assistant I,American,2,3,3,1
IND47843,Carol Mason,38,Budget/Accounting Analyst III,European,1,3,2,1
IND93058,Judith Burke,60,Automation Specialist III,European,1,0,1,2
IND92239,Dennis Long,85,Speech Pathologist,African,1,1,3,4
IND12702,Shawn Austin,65,Actuary,European,2,3,3,1
IND54557,Virginia Gardner,19,Analog Circuit Design manager,European,2,3,1,3
IND98387,Dorothy Reed,72,Compensation Analyst,Asian,1,3,2,2
IND21698,Susan Hawkins,64,Human Resources Assistant I,European,2,0,1,4
IND60028,Susan Carter,21,Engineer IV,European,2,3,1,1
IND77518,Robin Myers,72,Office Assistant I,European,2,2,1,1
IND81280,Timothy Franklin,34,Office Assistant III,Australian,1,2,1,4
IND27009,Richard Torres,40,Senior Quality Engineer,American,2,3,2,1
IND29085,Earl Ramos,48,Account Representative III,Australian,1,3,3,1
IND62329,Harry Walker,83,Administrative Assistant II,Australian,1,2,1,1
IND35485,Christopher Webb,17,Software Test Engineer IV,European,1,1,3,1
IND23071,Louise Hunt,58,Physical Therapy Assistant,Asian,1,0,3,4
IND49461,Joan Allen,42,Web Developer I,European,2,2,2,3
IND84835,Margaret Grant,43,Statistician III,Asian,2,0,2,4
IND88751,Lois Oliver,54,Tax Accountant,European,1,0,2,3
IND47511,Johnny Patterson,76,Human Resources Assistant II,American,2,3,3,4
IND57469,Jennifer Oliver,32,Chemical Engineer,Australian,1,0,3,4
IND13603,Annie Grant,22,Senior Editor,European,2,0,2,1
IND28663,Roy Ortiz,75,Analog Circuit Design manager,European,2,3,1,1
IND21547,Mark Owens,83,Office Assistant II,Asian,1,1,1,3
IND76281,Rebecca Cunningham,24,Recruiter,American,2,2,2,2
IND68811,Walter Carr,26,Safety Technician III,European,1,2,2,1
IND74692,Anne Hunter,70,Developer II,European,1,2,1,2
IND57450,Jennifer Alvarez,29,General Manager,European,2,1,2,4
IND80645,Judith Mason,66,Occupational Therapist,Asian,2,0,1,2
IND91185,Wanda Patterson,72,Research Assistant I,Asian,2,3,1,4
IND97947,Gary Lopez,57,Accounting Assistant IV,American,2,1,2,3
IND88225,Cheryl Fox,54,Automation Specialist I,American,2,3,3,4
IND58373,Charles Green,52,Assistant Professor,Australian,2,0,1,3
IND57160,Anne Garrett,82,Operator,European,2,3,2,1
IND87140,Ernest Smith,70,Paralegal,Asian,2,0,1,3
IND43888,Michael Peters,39,Marketing Manager,American,2,0,1,3
IND93701,Jason Bradley,35,Design Engineer,American,1,3,2,1
IND91174,Craig Hall,60,Senior Quality Engineer,European,1,2,1,4
IND24235,Joseph Fuller,31,Internal Auditor,Asian,1,3,2,2
IND49606,Roger Myers,73,Budget/Accounting Analyst III,American,2,3,2,1
IND35234,Anne Phillips,62,Nuclear Power Engineer,European,1,1,3,1
IND62564,Marie Hart,20,Recruiting Manager,African,2,1,3,1
IND44323,Deborah Freeman,43,Programmer II,American,1,0,2,1
IND33515,Thomas Dean,40,Administrative Officer,American,1,2,1,1
IND60299,Eric Hanson,40,Programmer Analyst I,American,1,3,1,4
IND78861,Gregory Torres,61,Nuclear Power Engineer,African,2,3,1,1
IND92647,Samuel Cunningham,17,Software Test Engineer I,European,1,3,1,1
IND56044,Ronald Fisher,49,Internal Auditor,Asian,1,3,1,4
IND36801,Billy Hamilton,19,Human Resources Assistant I,European,2,3,3,1
IND38949,Michael Carpenter,50,Graphic Designer,American,2,1,2,3
IND40740,Kenneth Alvarez,80,Data Coordiator,African,2,3,2,1
IND48919,Roy Hudson,62,Office Assistant IV,American,2,2,1,1
IND43851,Mark Lawrence,20,Mechanical Systems Engineer,European,1,2,1,1
IND82642,Teresa Graham,84,Biostatistician IV,European,2,0,3,2
IND86812,Ryan Carr,19,VP Marketing,Australian,2,2,1,4
IND13296,John Powell,76,Assistant Manager,European,2,2,1,2
IND39713,Samuel Thompson,17,Administrative Assistant II,African,1,0,1,1
IND12660,Gregory Reed,61,Software Engineer I,European,1,1,1,1
IND41076,Justin Rice,69,Research Nurse,European,1,0,1,4
IND64863,Steven Hall,64,Speech Pathologist,Asian,2,0,1,1
IND76341,Philip Bryant,63,Human Resources Manager,American,1,3,1,3
IND50293,Daniel Martin,42,Database Administrator III,Asian,1,1,1,1
IND32223,Maria GoPKRales,56,Information Systems Manager,Asian,2,2,1,3
IND63518,Andrew Gray,56,Assistant Professor,European,1,2,2,4
IND98503,Jack Griffin,40,Editor,American,1,1,1,4
IND38742,Juan Evans,66,Database Administrator IV,European,1,0,1,1
IND98838,Ryan Mason,72,Recruiter,American,1,2,3,1
IND52011,Nicholas Chavez,39,Research Associate,European,1,3,2,4
IND27143,Harry Watson,24,Clinical Specialist,European,2,0,2,1
IND67603,Christine Bell,60,Cost Accountant,European,1,2,1,1
IND65057,Anthony Murray,66,Statistician IV,European,1,1,2,4
IND16812,Larry Hamilton,78,Account Representative II,European,2,0,1,1
IND39500,Nicholas Griffin,64,Computer Systems Analyst II,Asian,1,3,2,1
IND69752,Jeremy Bryant,34,Programmer Analyst I,Australian,2,2,2,3
IND50261,Chris Reyes,79,Sales Associate,European,1,2,1,1
IND20655,Victor Jenkins,43,Paralegal,Asian,1,0,3,1
IND84018,Lois Griffin,41,Geologist II,Asian,2,2,2,3
IND52284,Emily Bryant,26,Human Resources Assistant IV,European,1,2,1,1
IND38633,Jimmy Harper,71,Nuclear Power Engineer,Australian,1,3,2,4
IND94590,Howard Hunt,37,Biostatistician II,Asian,2,0,1,1
IND29286,Carolyn Martinez,24,Statistician IV,European,2,2,1,1
IND86944,Ann White,59,Staff Scientist,Asian,1,0,1,1
IND82767,Daniel Gomez,51,Accounting Assistant I,Asian,1,0,1,1
IND64440,Carlos Romero,24,Staff Accountant III,American,2,0,1,4
IND97211,Johnny Fields,26,Software Test Engineer II,European,2,1,1,3
IND60063,Jessica Ruiz,43,Accountant IV,European,2,1,1,1
IND91861,Frank Adams,79,Accountant IV,Asian,2,1,3,1
IND98755,Joan Miller,84,Web Developer I,European,2,1,1,3
IND93695,William Long,53,Staff Accountant II,Asian,1,2,3,2
IND56540,Chris Ortiz,50,Administrative Assistant IV,European,2,0,1,1
IND79052,Aaron Cook,85,Research Assistant II,American,2,1,1,1
IND54277,Victor Gardner,69,Geologist IV,American,1,3,1,1
IND60443,Linda Brooks,33,Account Representative III,European,2,1,2,4
IND66045,Helen Meyer,43,Nuclear Power Engineer,American,1,3,1,1
IND80791,Paula Ross,46,Account Representative IV,Asian,1,0,2,3
IND67613,Jimmy Ramos,39,Budget/Accounting Analyst III,European,2,0,1,4
IND74089,Carolyn Wilson,35,Registered Nurse,Asian,1,2,1,4
IND60913,Eric Taylor,43,Safety Technician IV,European,1,2,1,3
IND98087,Eugene Castillo,40,Community Outreach Specialist,Asian,1,1,1,1
IND31887,Ernest Oliver,17,Data Coordiator,Australian,2,2,1,2
IND67190,Kevin Ward,26,Biostatistician IV,Asian,1,0,2,3
IND95893,Catherine Edwards,36,Financial Advisor,European,2,2,2,3
IND59612,Thomas Robertson,50,Help Desk Operator,American,1,0,3,1
IND57231,Adam Spencer,46,Research Assistant III,European,1,2,1,1
IND20899,Stephen Schmidt,55,Geologist IV,European,2,2,3,3
IND79950,Paula Spencer,29,Senior Cost Accountant,American,2,0,2,1
IND69031,Betty Ray,50,Professor,European,2,1,1,1
IND78617,Howard Jordan,50,Accountant I,American,2,0,3,1
IND92044,Brian Flores,46,GIS Technical Architect,Asian,1,1,2,4
IND94650,Fred Jordan,68,Accountant III,Australian,1,2,1,1
IND62018,Norma Little,50,Database Administrator III,European,1,0,1,4
IND97714,Theresa Ward,58,VP Quality Control,European,2,2,2,3
IND62445,Lawrence Tucker,17,Engineer II,European,2,3,3,3
IND34780,Michelle Martin,53,Accounting Assistant IV,Asian,2,2,2,2
IND97314,John Davis,80,Senior Financial Analyst,American,2,2,1,1
IND96807,Robert Parker,35,Senior Cost Accountant,American,1,1,3,4
IND34442,Diana Ross,41,Staff Accountant II,Asian,1,1,2,1
IND57917,Jane Hicks,58,Safety Technician III,Australian,2,1,2,3
IND57474,Kathryn Daniels,58,Marketing Manager,Asian,2,2,1,1
IND62022,Ruth Weaver,73,Administrative Officer,American,2,1,1,2
IND98847,Jacqueline Boyd,23,Data Coordiator,Australian,1,0,2,1
IND93864,Lawrence Medina,47,Biostatistician IV,African,1,3,1,1
IND71100,Mildred Young,24,Sales Representative,European,1,1,1,1
IND28425,Gregory West,45,Cost Accountant,European,2,1,3,4
IND24753,Ralph Chapman,37,Recruiter,European,1,0,1,3
IND75584,Patrick Thomas,27,Help Desk Technician,American,1,0,3,3
IND82408,Henry Chapman,35,Research Assistant I,European,1,3,1,3
IND59517,Mark Henry,38,Web Designer III,European,2,1,2,1
IND20659,Kathleen Lee,67,Nurse Practicioner,European,2,3,2,4
IND17087,Steven Jacobs,69,Account Coordinator,American,2,2,1,4
IND54827,Russell Gibson,21,Statistician II,Asian,2,2,1,1
IND73702,Joe Anderson,45,Systems Administrator IV,European,1,0,1,4
IND30737,Johnny Spencer,36,Geologist IV,Asian,2,1,3,1
IND25733,Brian Lawrence,77,Accountant III,Asian,2,1,3,1
IND21564,Joe Wells,62,Software Test Engineer III,Asian,1,3,2,1
IND42415,William Rose,84,Marketing Manager,American,2,1,3,3
IND14959,Anne Weaver,63,Statistician III,Asian,2,0,1,4
IND74028,Kathryn Brooks,59,Developer I,European,2,2,3,4
IND70570,Douglas Vasquez,71,Analog Circuit Design manager,African,1,2,1,4
IND35225,Bonnie Romero,64,Human Resources Assistant I,Australian,1,3,1,1
IND76179,Joe Phillips,48,Biostatistician I,European,2,2,3,3
IND55647,Sarah Nichols,69,Accounting Assistant I,European,1,2,2,1
IND89010,Kathleen Reed,35,Database Administrator III,Australian,1,2,3,3
IND24422,Eugene Rodriguez,79,Accountant III,European,2,0,3,1
IND84352,Willie Hanson,25,Software Test Engineer IV,European,2,1,2,1
IND38237,Philip Martin,19,Recruiting Manager,American,2,2,2,3
IND54321,Benjamin Duncan,75,Accountant I,American,2,3,3,1
IND61299,Gerald Owens,28,Accountant III,American,1,0,2,3
IND22254,Scott Ross,60,Web Designer IV,African,2,1,1,1
IND13347,Jean Reed,78,Accountant III,European,1,0,1,1
IND84771,Bobby Wood,38,Recruiting Manager,European,1,0,2,1
IND37011,Ashley Robertson,81,Staff Accountant III,African,2,3,1,1
IND90697,Juan Hughes,24,Sales Representative,Asian,2,2,2,3
IND18049,Walter Mccoy,38,Staff Accountant III,Asian,1,0,1,4
IND74615,Kathleen Bryant,69,Staff Accountant IV,European,2,1,3,1
IND77494,Willie Walker,64,Web Designer I,African,2,0,1,1
IND48525,Eugene Boyd,69,Speech Pathologist,European,1,1,3,4
IND16052,Brenda Miller,83,Accounting Assistant II,Asian,2,2,1,4
IND50738,Andrea Mills,35,Business Systems Development Analyst,European,2,2,2,1
IND85690,Norma Washington,22,Desktop Support Technician,European,1,2,3,4
IND61194,Lawrence Perry,24,Desktop Support Technician,Asian,1,3,1,4
IND63043,Fred Larson,57,Programmer Analyst I,Australian,2,1,1,1
IND26448,Raymond Mills,59,Geologist I,Asian,2,1,3,1
IND92735,Todd Sims,55,Research Assistant II,African,1,2,1,3
IND84491,Thomas Robertson,46,Clinical Specialist,European,1,0,1,4
IND56629,Sharon Davis,64,Junior Executive,Australian,2,2,2,3
IND52032,Judy Williamson,46,Office Assistant III,Asian,1,1,2,1
IND18823,Timothy Miller,20,Geologist III,Australian,2,3,1,3
IND57208,Rachel Ellis,47,Technical Writer,Asian,2,3,1,4
IND32855,Norma Gibson,41,Account Coordinator,European,1,3,2,3
IND24817,Daniel Sims,49,Business Systems Development Analyst,Asian,2,2,3,4
IND68120,Annie Price,18,Registered Nurse,European,2,1,1,2
IND28222,Randy GoPKRalez,40,Web Designer II,Asian,2,1,1,1
IND47326,Julie Wheeler,46,Help Desk Operator,American,1,2,2,1
IND45822,Denise Payne,36,Engineer IV,Asian,1,2,1,4
IND96083,Jeffrey Parker,69,Physical Therapy Assistant,American,2,1,1,1
IND43081,Carolyn Price,76,Accountant I,Asian,2,1,1,2
IND78182,Jennifer Bennett,79,Developer I,American,1,0,1,4
IND98632,John Flores,81,Desktop Support Technician,American,1,2,3,4
IND48103,Douglas Cole,73,Marketing Manager,Australian,2,3,1,3
IND52448,Roger Romero,77,Account Representative I,Asian,1,2,3,1
IND38403,Marie Peterson,55,Software Engineer III,European,1,0,2,1
IND99962,Joan Allen,27,Structural Engineer,American,2,3,1,3
IND70182,Aaron Palmer,75,Senior Cost Accountant,European,1,3,2,1
IND17319,Norma Little,84,Environmental Tech,Asian,2,0,3,1
IND72327,Fred Schmidt,76,Automation Specialist II,European,1,0,1,4
IND59532,Wanda GoPKRales,60,Developer I,Australian,1,2,1,1
IND29309,Joan Duncan,58,Engineer III,American,1,2,3,2
IND36108,Irene Hall,54,Office Assistant III,Asian,2,3,2,4
IND86953,Jason Freeman,21,Health Coach III,Asian,1,1,1,4
IND86901,Cheryl Allen,57,Cost Accountant,European,2,2,1,1
IND17683,Brandon Martin,27,Web Developer II,Asian,2,2,3,2
IND56317,Carlos Wilson,73,Senior Cost Accountant,European,1,2,3,1
IND92195,Ruth Flores,64,Budget/Accounting Analyst II,European,1,1,3,3
IND70343,Keith Moreno,62,Social Worker,European,2,0,1,1
IND91720,Harry Gibson,49,Software Engineer IV,European,2,0,1,3
IND45348,Tammy Welch,50,Budget/Accounting Analyst IV,Asian,1,3,1,3
IND38267,Eugene Henderson,18,Systems Administrator I,Australian,1,1,1,4
IND77225,Michael Edwards,79,Technical Writer,African,1,3,2,1
IND32917,Martin Weaver,29,Budget/Accounting Analyst II,European,2,2,1,3
IND95721,Lawrence Berry,35,Internal Auditor,African,1,0,3,4
IND24755,James Gardner,28,Associate Professor,American,1,3,1,1
IND76617,Richard Campbell,29,Analog Circuit Design manager,Asian,2,0,1,1
IND92582,Lori Oliver,53,Database Administrator IV,American,1,3,1,2
IND27430,Samuel Bradley,85,Software Engineer I,Asian,1,1,3,4
IND94282,Rebecca Walker,20,Accounting Assistant II,Asian,1,1,1,2
IND33571,Donna Mcdonald,64,Programmer Analyst IV,Asian,2,3,2,3
IND96795,Andrew Lawrence,64,VP Accounting,Asian,2,2,2,4
IND61615,Antonio Stephens,61,Systems Administrator I,European,1,1,3,1
IND48032,Brian Stevens,79,Biostatistician III,European,1,0,1,2
IND25277,Ruby Harper,75,Senior Developer,European,2,2,2,1
IND59951,Kenneth Hart,35,Automation Specialist II,European,1,0,1,4
IND29371,Robin Burns,84,Office Assistant III,African,2,1,1,1
IND70227,Roger Parker,77,Accounting Assistant I,American,2,1,2,4
IND29257,Andrew Tucker,38,Account Coordinator,Asian,2,3,3,4
IND33086,Evelyn Flores,23,Systems Administrator II,European,2,1,2,4
IND89151,Willie Wheeler,25,Graphic Designer,Australian,1,0,2,4
IND62657,Tammy Carter,76,Structural Analysis Engineer,Asian,2,3,2,1
IND83245,Antonio Collins,40,Internal Auditor,European,1,0,1,1
IND61510,Paul White,29,Design Engineer,American,2,1,1,1
IND66755,Chris Hernandez,54,Engineer III,American,2,2,3,3
IND50523,Joshua Walker,70,Software Test Engineer II,American,1,1,2,1
IND29653,Raymond Grant,43,Human Resources Assistant IV,American,1,2,1,4
IND76864,Jack Lewis,20,Recruiting Manager,European,2,1,1,1
IND41553,Anna Bennett,35,Health Coach I,American,1,3,3,3
IND85414,Albert Weaver,72,Account Coordinator,Asian,2,3,3,3
IND68994,Marilyn Coleman,75,Actuary,American,1,3,2,4
IND73388,Craig Daniels,31,Recruiting Manager,European,2,3,3,1
IND80015,Dennis Palmer,42,VP Product Management,European,1,0,3,1
IND82699,Clarence Butler,26,Accounting Assistant IV,Australian,1,0,1,4
IND23356,Ralph Burns,35,Research Assistant III,African,1,1,2,1
IND43700,Carolyn Kelly,79,Accountant II,Asian,2,0,1,2
IND78571,Judith Tucker,56,Electrical Engineer,European,2,1,1,2
IND30598,Wayne Grant,73,Office Assistant III,European,2,3,3,2
IND21000,Henry Mills,56,Staff Scientist,Asian,1,2,3,4
IND23889,Larry Weaver,31,Executive Secretary,Asian,1,3,1,1
IND65604,Clarence Frazier,38,Geological Engineer,European,2,0,3,1
IND46205,Phillip Evans,79,Civil Engineer,Australian,1,1,1,4
IND65923,Jacqueline Hughes,62,Technical Writer,European,1,0,1,3
IND73017,Justin Davis,31,Budget/Accounting Analyst II,European,2,2,1,4
IND88027,Ashley Howard,76,Administrative Assistant II,American,1,1,1,4
IND16110,Edward Mendoza,75,Automation Specialist IV,European,2,1,1,1
IND66556,Billy Ellis,33,Senior Sales Associate,European,2,1,3,3
IND99578,Frank Walker,54,Systems Administrator II,European,1,1,1,3
IND32278,Carl Shaw,76,Administrative Assistant IV,European,1,1,3,1
IND45962,Beverly Sullivan,24,Research Assistant IV,American,1,3,1,1
IND61230,Harold Butler,81,Senior Developer,European,2,0,2,1
IND59637,Nicholas Rice,30,Database Administrator I,American,2,1,3,1
IND79357,Julie Burton,80,Safety Technician II,Asian,1,3,2,1
IND57365,Benjamin Ray,25,Occupational Therapist,Asian,1,0,2,1
IND28236,Linda Palmer,56,Accounting Assistant III,European,1,0,1,4
IND89378,Barbara Butler,50,Systems Administrator IV,European,1,3,2,3
IND44815,David Stevens,62,Nurse Practicioner,Asian,1,0,1,1
IND18812,Samuel Wright,41,Administrative Assistant I,African,2,0,1,4
IND67567,Larry Graham,71,Senior Editor,American,1,2,2,3
IND47332,Stephanie Jordan,39,Geologist II,European,1,0,2,3
IND52432,Rebecca Torres,76,Payment Adjustment Coordinator,European,1,2,2,1
IND23568,Frank Moreno,68,Media Manager I,Asian,1,0,2,1
IND79795,Susan Dixon,75,Junior Executive,European,1,2,1,1
IND40475,Mary Mills,70,Engineer III,Australian,1,1,3,4
IND92840,Tina Medina,83,Operator,European,2,3,3,1
IND39612,Teresa Gordon,39,Environmental Specialist,African,2,2,2,1
IND78997,Christina Perry,64,Assistant Media Planner,American,1,1,2,3
IND97635,Ernest Knight,70,Computer Systems Analyst III,European,1,0,1,3
IND41288,Carl Lewis,67,Media Manager I,European,2,3,1,4
IND31252,Eugene Spencer,25,Programmer Analyst I,Asian,2,1,2,3
IND90265,Victor Ryan,38,Account Coordinator,European,1,0,1,1
IND39682,Paul Perry,25,Programmer I,Asian,1,3,2,1
IND47091,Eugene Banks,31,Financial Advisor,European,2,3,1,2
IND15145,Eric Chavez,36,Software Engineer I,European,2,3,1,1
IND69088,Carl Jordan,38,Biostatistician II,European,2,3,1,4
IND71209,Jesse Henderson,76,Account Representative II,African,1,3,1,4
IND70392,Billy Gutierrez,81,Chemical Engineer,American,2,1,3,1
IND50738,Terry Shaw,50,Accounting Assistant II,Asian,2,0,1,1
IND17499,Eric Carr,68,Analyst Programmer,European,2,2,2,3
IND82261,Phillip Welch,63,Programmer Analyst IV,American,2,1,2,3
IND52971,Jonathan Fisher,46,Developer I,Asian,2,3,1,1
IND77657,Antonio Matthews,56,Media Manager IV,Asian,1,3,2,1
IND34637,Brandon Rose,28,Speech Pathologist,European,1,1,2,1
IND21388,Thomas Russell,64,VP Accounting,Australian,2,3,2,1
IND23466,Helen Pierce,72,Software Engineer IV,African,1,1,1,1
IND37319,Earl Kennedy,45,Registered Nurse,European,1,3,2,1
IND39352,Ernest Sims,84,Web Designer III,European,1,3,2,1
IND28190,Christopher Alvarez,53,Operator,Asian,2,3,2,4
IND49543,Doris Lynch,73,Senior Quality Engineer,Asian,1,3,1,2
IND16415,Edward Little,23,Payment Adjustment Coordinator,European,2,1,1,3
IND39399,Mary Lynch,85,Social Worker,American,1,0,1,1
IND63000,Kimberly Austin,52,Chemical Engineer,Asian,1,3,2,2
IND37028,Russell Ortiz,17,Dental Hygienist,Asian,1,3,1,3
IND62435,Ryan Long,36,GIS Technical Architect,European,2,0,2,3
IND72682,Patrick Edwards,37,Recruiter,European,1,3,2,2
IND83165,Douglas Gardner,32,Electrical Engineer,European,2,1,2,4
IND75623,Amy Spencer,31,Programmer Analyst I,American,1,0,1,3
IND21058,Doris Palmer,76,Accounting Assistant I,Asian,2,3,1,1
IND82903,Carlos Hudson,37,Food Chemist,European,2,3,3,1
IND66272,Louis Smith,36,Computer Systems Analyst II,Asian,1,1,2,4
IND19399,Jacqueline Martin,29,Electrical Engineer,European,1,0,1,1
IND95041,Michael Bishop,74,Cost Accountant,Asian,2,2,3,1
IND79442,Jose Peters,19,Account Executive,European,1,3,2,4
IND55241,Louis Bennett,37,Associate Professor,African,2,1,2,1
IND51146,Stephanie Bryant,57,Developer II,Asian,1,0,1,2
IND25698,Joe Ward,48,Administrative Assistant II,Asian,1,0,1,1
IND56730,Lori Hernandez,75,Computer Systems Analyst III,European,1,3,2,1
IND50377,James Gilbert,30,Internal Auditor,American,2,1,1,2
IND44237,Marie Lawrence,35,Technical Writer,Asian,2,1,2,1
IND45334,Joan Mendoza,59,Civil Engineer,Asian,1,1,1,1
IND22951,Rebecca Snyder,20,Senior Developer,American,1,0,1,1
IND98187,Matthew Garrett,64,Research Assistant II,Asian,2,1,2,4
IND83250,Earl Davis,56,Social Worker,Asian,2,0,1,4
IND15003,John Spencer,52,Senior Sales Associate,European,1,2,2,4
IND50596,Clarence Willis,29,Executive Secretary,Asian,2,1,2,4
IND52253,Patricia Hudson,24,Automation Specialist II,European,1,0,2,1
IND44460,Terry Carpenter,27,Dental Hygienist,Asian,1,0,1,3
IND70843,Harry Ward,51,Geologist II,American,1,1,1,1
IND86529,Phyllis Payne,31,Office Assistant IV,Asian,1,0,1,1
IND55587,Douglas Sullivan,39,Web Developer II,Asian,1,2,1,1
IND72739,Diane Watson,79,Quality Control Specialist,European,1,0,3,1
IND67930,Sarah Rivera,35,GIS Technical Architect,Asian,2,0,1,2
IND46268,Fred Wilson,26,Statistician I,European,1,2,1,1
IND82874,Ralph Gutierrez,24,Human Resources Assistant II,Australian,2,2,1,2
IND30869,Lisa Pierce,25,Technical Writer,American,2,1,3,1
IND95431,Bruce Rose,30,Programmer I,European,2,2,2,1
IND17593,Emily Price,76,Financial Advisor,American,2,2,1,2
IND29284,Jack Wood,56,Payment Adjustment Coordinator,European,1,0,2,1
IND20167,Philip Ray,85,Health Coach III,European,2,3,1,2
IND51633,Ann Fernandez,19,Engineer IV,American,1,2,1,2
IND48741,Donald Sullivan,34,Speech Pathologist,European,2,3,3,4
IND83525,Wayne Johnston,85,Computer Systems Analyst II,African,1,2,1,4
IND48432,Peter Martin,37,General Manager,American,2,3,3,4
IND27926,Joan Montgomery,68,Programmer III,European,1,3,2,1
IND45923,Nancy Long,46,Account Executive,European,2,0,3,4
IND73297,Tammy Bryant,69,Health Coach II,Asian,1,1,3,1
IND69570,Stephanie Thomas,42,Research Assistant III,European,2,3,2,1
IND15006,Julia Gilbert,65,Safety Technician III,European,1,0,2,1
IND42515,Larry Austin,43,Systems Administrator II,European,1,3,3,1
IND56981,Benjamin Freeman,66,Health Coach IV,American,1,2,1,4
IND45092,Bruce Johnston,34,Accounting Assistant I,Asian,2,0,1,3
IND68220,Gregory Garrett,17,Biostatistician II,Asian,2,1,1,1
IND52850,Denise Wood,72,Director of Sales,European,2,0,3,1
IND62637,Anne Johnston,60,Internal Auditor,European,1,0,3,3
IND27463,Samuel Riley,31,Biostatistician I,European,1,3,2,2
IND57502,Eric Nichols,32,Safety Technician II,Asian,1,2,1,1
IND35319,Juan Rivera,26,Graphic Designer,African,1,1,2,4
IND23783,Jennifer Alvarez,84,Statistician III,American,1,3,1,4
IND90414,Paula Nichols,44,Web Designer II,European,2,1,2,4
IND51353,Laura Taylor,29,Budget/Accounting Analyst III,Asian,1,3,2,4
IND52252,Roger Hicks,80,Sales Representative,European,2,2,1,4
IND86849,Brian Torres,82,Associate Professor,American,1,3,1,1
IND18751,Sandra Austin,74,Developer II,American,1,2,1,4
IND23045,Nicole Elliott,27,Office Assistant II,Asian,2,0,1,1
IND14385,Roy Young,42,Programmer II,European,1,2,2,2
IND65960,Sandra George,64,Systems Administrator III,African,2,1,1,1
IND69484,Clarence Matthews,57,Web Developer I,European,1,0,1,3
IND15970,Shirley Cole,35,Programmer I,Asian,2,1,1,1
IND59374,George Roberts,31,Human Resources Manager,Australian,2,3,1,3
IND56474,Jose Gibson,76,Account Representative IV,American,1,1,1,2
IND93181,Ralph Foster,31,Web Designer II,American,2,1,3,4
IND68480,Albert Kim,25,Structural Engineer,European,2,2,3,4
IND77629,Dennis Owens,67,Developer I,Australian,2,2,1,1
IND20946,Martin Jordan,45,Staff Scientist,African,1,1,2,4
IND76461,Bonnie Stone,52,Database Administrator II,Australian,1,3,3,2
IND73140,Anna Montgomery,61,Senior Sales Associate,American,2,0,1,3
IND47099,Brian Jacobs,25,Graphic Designer,Asian,2,3,1,4
IND96585,Gary Hanson,53,Geologist II,Asian,2,3,2,1
IND94165,Jerry Frazier,47,Database Administrator III,European,2,0,3,2
IND95121,Benjamin James,37,Automation Specialist II,American,2,3,1,2
IND40107,Richard Harper,24,VP Marketing,Asian,2,2,1,4
IND50027,Antonio Hernandez,83,Research Nurse,American,1,1,3,3
IND21031,Michelle Little,37,Marketing Assistant,European,1,1,2,1
IND12811,Heather Stewart,48,Administrative Assistant II,American,2,2,3,3
IND77134,Joshua Meyer,61,Structural Analysis Engineer,European,2,3,1,1
IND65796,Dennis Day,53,Safety Technician III,European,2,3,3,1
IND52319,Russell Watson,34,Structural Engineer,European,2,0,1,3
IND54844,Gary Long,85,Analyst Programmer,Asian,1,2,1,3
IND89924,Billy Evans,28,Account Executive,Asian,1,0,1,1
IND69892,Jesse Wallace,74,Account Executive,Asian,2,1,2,1
IND21947,Roy Knight,81,Senior Editor,European,1,3,1,1
IND47171,Lawrence Jenkins,32,Health Coach III,European,1,3,1,1
IND81366,Ruth Hamilton,69,Environmental Specialist,European,2,0,1,1
IND37255,Carol Gibson,43,Accounting Assistant I,European,2,3,1,1
IND54288,Carl Webb,53,Executive Secretary,Asian,1,1,1,4
IND81264,Thomas Hernandez,20,Administrative Assistant II,European,2,3,2,2
IND44868,Donald Martin,76,Account Representative III,African,2,1,1,4
IND58718,Terry Graham,68,Dental Hygienist,European,1,0,3,3
IND13491,Brandon Shaw,73,Statistician IV,Asian,1,0,1,4
IND67285,Philip Nichols,36,Web Developer IV,Asian,2,1,1,1
IND80508,Ernest Boyd,84,Financial Analyst,Asian,2,3,3,3
IND80012,Stephen Allen,24,Occupational Therapist,European,2,1,1,3
IND24103,Benjamin Collins,71,Payment Adjustment Coordinator,European,2,2,3,1
IND96193,Lori Hawkins,44,Account Representative II,American,1,2,1,3
IND95777,Bobby Smith,76,Chief Design Engineer,European,1,2,1,1
IND99904,Daniel Tucker,22,Recruiter,European,1,2,1,4
IND51561,Kathleen Ford,32,Systems Administrator II,American,1,0,3,1
IND36643,Adam Woods,37,Business Systems Development Analyst,European,2,0,1,1
IND52909,Gerald Frazier,71,Software Test Engineer IV,European,2,0,1,4
IND40382,Timothy Perry,61,Structural Analysis Engineer,European,1,1,1,1
IND29277,Amanda Rice,66,Software Test Engineer IV,European,2,3,1,4
IND28276,Janet Morrison,54,Help Desk Operator,European,2,3,1,2
IND63171,Walter Simmons,27,Software Engineer II,American,2,1,1,1
IND75976,Samuel Stevens,49,Automation Specialist IV,European,2,2,1,3
IND95034,Julia Nichols,74,Structural Analysis Engineer,Asian,1,1,1,1
IND34886,Paula Hart,67,Clinical Specialist,Asian,2,1,3,4
IND65740,Angela Oliver,34,Research Assistant III,Asian,2,1,2,2
IND22943,Heather Fowler,44,Internal Auditor,Asian,1,1,3,1
IND62166,Jesse Cox,57,Marketing Assistant,American,1,2,2,3
IND31625,Jose Hall,23,Safety Technician I,European,2,3,2,4
IND53168,Cynthia Edwards,47,Environmental Tech,American,2,2,2,2
IND62132,Joshua Bryant,31,Research Associate,European,2,1,3,1
IND49496,Martin Martinez,29,Statistician I,European,2,2,1,1
IND39167,Katherine Larson,46,Health Coach IV,Australian,1,2,2,4
IND56356,Carlos Kelly,45,Editor,European,1,3,1,1
IND84445,Ryan Young,65,Sales Representative,European,1,2,2,1
IND83697,Anthony Bennett,76,Food Chemist,Asian,2,3,1,1
IND92276,Ralph Jacobs,32,Business Systems Development Analyst,European,2,1,1,4
IND63929,Aaron Evans,68,Engineer II,Asian,2,0,1,3
IND20154,Sarah Wagner,74,Legal Assistant,European,1,3,1,1
IND73329,Samuel Vasquez,33,Web Developer II,European,2,0,3,3
IND55336,Todd Campbell,18,Account Coordinator,European,2,0,1,1
IND50934,Anne Garcia,74,Pharmacist,European,1,2,3,1
IND15178,Mary Berry,42,Quality Engineer,Asian,2,0,3,1
IND67097,Judith Burke,60,Administrative Assistant II,Australian,2,2,1,3
IND71917,Carolyn Thompson,27,Automation Specialist II,Australian,1,1,2,1
IND29396,Carl Palmer,73,Engineer IV,Australian,1,1,3,1
IND17042,George Shaw,54,Developer III,African,2,3,2,4
IND96714,Sarah Stephens,75,Media Manager IV,American,1,1,1,1
IND74213,Christine Dixon,50,Assistant Professor,American,1,3,1,4
IND33290,Heather Hawkins,22,Accountant IV,European,2,1,3,1
IND82331,Earl Perez,27,Programmer IV,Australian,2,3,2,1
IND41616,Joseph Arnold,23,Web Developer I,European,2,3,3,4
IND13977,Jeremy Ortiz,66,Statistician I,European,2,3,2,2
IND37918,Harry Payne,64,Database Administrator II,Asian,2,0,2,2
IND93832,Rose Garza,70,Speech Pathologist,European,1,1,2,1
IND40270,Brandon Fox,32,Administrative Assistant IV,European,1,3,1,1
IND27859,Ryan Ray,60,Actuary,European,1,0,2,3
IND76060,Wayne Harrison,35,Biostatistician IV,Australian,1,3,1,1
IND24265,Jonathan Riley,36,Software Engineer I,European,2,1,3,1
IND48804,Scott Hunt,27,Account Coordinator,Asian,2,2,1,4
IND99895,Marie Reynolds,73,VP Product Management,Asian,2,2,3,4
IND26169,Jeremy Garza,25,Office Assistant III,Asian,2,0,1,1
IND46964,Joan Vasquez,60,Database Administrator I,European,2,1,3,4
IND33681,Sandra Moreno,53,Editor,European,1,1,1,1
IND95665,Douglas Weaver,56,Occupational Therapist,European,2,0,2,4
IND34612,Billy Wright,52,Chemical Engineer,European,1,3,2,3
IND56244,Edward Taylor,79,Account Representative I,American,1,0,2,3
IND98780,Susan Clark,70,Research Assistant III,European,2,3,3,4
IND80677,Russell Watkins,82,Junior Executive,Asian,1,2,2,2
IND85232,Jose Stewart,31,Pharmacist,European,1,1,1,1
IND84182,Larry Gomez,49,Staff Accountant IV,European,2,2,2,1
IND22162,Willie Owens,33,Statistician II,European,2,0,1,3
IND48448,John Murray,35,Librarian,Asian,1,1,2,2
IND28042,Chris Hall,46,Software Consultant,Australian,1,2,1,3
IND39614,Daniel Lewis,61,Human Resources Assistant IV,Asian,2,2,2,3
IND39056,Bobby Franklin,60,Health Coach IV,European,2,2,2,1
IND20248,Michael Barnes,62,VP Product Management,Australian,2,3,1,3
IND67058,Tammy Dunn,69,Business Systems Development Analyst,European,2,2,1,1
IND81182,Frances Gibson,38,Account Representative I,European,2,2,1,1
IND72540,Samuel GoPKRalez,70,General Manager,European,2,3,2,1
IND79266,Cynthia Mcdonald,17,Web Designer II,Asian,2,2,1,1
IND45633,Matthew Ramos,61,Senior Cost Accountant,Asian,2,1,3,3
IND50255,Pamela Davis,21,Programmer Analyst IV,European,2,2,1,1
IND35529,Mildred Greene,51,Recruiting Manager,European,1,0,3,4
IND76818,Laura Hicks,22,Marketing Assistant,European,2,3,2,3
IND65466,Angela Ramos,76,Developer III,European,2,1,1,3
IND62602,Aaron Rice,43,VP Product Management,European,2,3,1,2
IND67173,Jesse Garrett,80,Research Nurse,European,1,2,3,3
IND60054,Harold Hart,80,Geologist III,European,1,2,2,3
IND78031,William Ryan,41,Accountant III,African,2,2,2,1
IND72496,Anthony Mcdonald,31,Budget/Accounting Analyst III,European,2,3,2,2
IND91488,Anthony King,73,Engineer I,American,1,2,1,1
IND21889,Justin Moore,47,Legal Assistant,European,1,2,2,4
IND22592,Earl Butler,42,Systems Administrator I,Australian,2,2,1,1
IND70846,Clarence Burton,61,Associate Professor,Asian,2,3,1,4
IND97484,Ralph Campbell,43,Project Manager,African,1,0,1,1
IND22626,Terry Chavez,45,Geologist IV,Australian,2,0,1,1
IND73526,Jimmy Hamilton,66,Staff Scientist,Asian,2,2,3,4
IND42840,Kevin Diaz,19,Clinical Specialist,Asian,1,1,2,4
IND91337,Paul Wagner,27,Account Representative I,Australian,1,1,2,1
IND71064,Virginia Duncan,53,Programmer III,American,2,3,3,2
IND34987,Andrea Freeman,44,Design Engineer,American,1,0,1,1
IND34900,Phillip Ward,31,Administrative Assistant I,European,1,3,2,1
IND70426,Willie Simpson,32,Staff Accountant III,European,2,3,2,1
IND27490,Walter Warren,71,Human Resources Manager,European,2,1,1,3
IND69225,Sean Diaz,45,Senior Sales Associate,African,1,3,1,1
IND68596,Billy Perez,84,Office Assistant II,Asian,1,3,3,2
IND19235,Douglas Gilbert,65,Graphic Designer,European,1,1,1,3
IND53236,John Frazier,31,Systems Administrator II,European,1,2,1,3
IND47522,Donald Wagner,74,Financial Advisor,Asian,1,0,3,1
IND76422,Jesse White,81,Administrative Assistant I,Australian,1,1,2,1
IND14568,Norma Palmer,45,Help Desk Technician,American,2,1,2,3
IND32670,Albert Burton,60,Senior Developer,Australian,2,3,2,1
IND59876,Julie Stanley,27,Biostatistician II,European,1,3,1,4
IND34342,Eugene Brooks,46,Assistant Media Planner,African,1,0,3,1
IND90271,Janet Frazier,73,Financial Advisor,Asian,1,1,3,4
IND66490,Charles Gardner,81,Information Systems Manager,Asian,2,2,3,1
IND72025,Annie Powell,74,Senior Developer,European,1,3,2,3
IND28746,Wayne Stephens,76,Assistant Professor,European,1,0,1,4
IND36364,Mildred Hanson,37,Biostatistician I,Australian,1,3,1,4
IND24886,Janet Hill,42,Paralegal,European,2,1,1,1
IND41593,Thomas Gibson,28,Programmer I,European,1,2,3,4
IND82914,Antonio Austin,31,VP Sales,Asian,1,2,1,1
IND94566,Jonathan Parker,52,Sales Representative,European,2,3,3,3
IND84566,Louis Black,33,Actuary,European,1,0,1,1
IND56102,Larry Ray,38,Research Nurse,European,2,1,1,1
IND92786,Gregory Brown,68,Engineer I,European,2,1,3,4
IND14072,Irene Simmons,27,Quality Control Specialist,Asian,1,3,1,1
IND63281,Gerald Montgomery,69,Accountant II,Australian,1,1,3,4
IND55583,Ryan Shaw,64,Recruiting Manager,American,1,0,2,2
IND46965,Kathleen Johnston,25,Media Manager I,European,1,2,2,4
IND53170,Gary Stanley,78,Cost Accountant,European,2,0,2,1
IND88033,Ernest Nguyen,32,Chief Design Engineer,American,1,1,1,3
IND14313,Gerald Dunn,48,Web Developer III,Australian,2,0,3,1
IND93676,Matthew Cruz,55,VP Marketing,European,1,3,1,4
IND78744,Eric Davis,58,Software Engineer IV,American,1,1,3,1
IND60784,Denise Greene,43,Geologist IV,Asian,2,0,1,1
IND56967,Nicole Burke,48,Account Representative I,European,1,2,1,1
IND17406,Lisa Marshall,44,Administrative Assistant II,European,1,0,2,4
IND86889,Keith Alvarez,68,Quality Control Specialist,Asian,2,1,3,1
IND20569,Charles Martinez,22,Automation Specialist IV,Asian,1,1,3,2
IND71904,Kenneth Diaz,30,Computer Systems Analyst III,Australian,2,1,1,4
IND49223,Carlos Castillo,80,Teacher,European,1,2,3,1
IND45778,Scott Johnson,28,Senior Developer,American,1,2,1,4
IND90203,Ann Flores,27,Information Systems Manager,European,2,2,3,1
IND45957,Joshua Howard,34,Health Coach II,American,2,1,2,4
IND37324,Kevin Schmidt,34,Software Consultant,European,1,3,3,3
IND22736,Matthew Ross,84,Automation Specialist II,European,1,2,1,4
IND95042,Jonathan Woods,55,Statistician IV,American,2,2,2,4
IND71261,Wayne George,70,Safety Technician I,European,2,0,1,1
IND38724,Ralph Morgan,66,Cost Accountant,Asian,2,3,1,1
IND70825,Jonathan Reed,70,VP Sales,European,2,1,1,4
IND78133,Earl Little,71,Database Administrator II,European,1,3,1,3
IND24135,Ashley Griffin,41,Developer I,Asian,1,1,1,1
IND58253,Julie Cruz,38,Librarian,European,2,1,3,1
IND49839,Norma Knight,26,Automation Specialist II,European,1,3,1,1
IND50159,Richard Moore,51,Civil Engineer,American,2,2,2,1
IND52909,Amy Spencer,26,Database Administrator IV,American,2,1,1,3
IND71789,Betty Fisher,51,Human Resources Manager,American,2,1,2,1
IND81334,Chris Gutierrez,34,Programmer IV,European,1,1,2,1
IND23592,Mildred Watson,43,Health Coach III,Australian,2,2,1,1
IND38173,Michael Harris,21,Research Assistant IV,European,1,1,2,1
IND71352,Harry Phillips,30,Database Administrator III,African,2,1,1,3
IND63534,Aaron Bryant,80,Health Coach I,European,2,0,3,3
IND68727,Kenneth Myers,39,Assistant Professor,European,1,2,2,1
IND36875,Barbara Riley,54,Associate Professor,European,1,2,3,1
IND44607,Mark Pierce,20,Staff Accountant III,European,2,1,1,4
IND82641,Jose Howell,70,Office Assistant II,European,1,2,1,1
IND41747,Shawn Rodriguez,73,Programmer Analyst II,European,2,1,3,4
IND48658,Marie Mason,31,Pharmacist,European,1,3,1,1
IND63683,Robin Clark,82,Quality Control Specialist,Australian,2,3,1,1
IND58912,Christine Bailey,63,Food Chemist,American,2,2,1,3
IND34297,Scott Kelly,54,General Manager,African,2,1,2,4
IND66416,Helen Brooks,17,Senior Financial Analyst,European,1,0,1,1
IND46043,Cheryl Turner,73,Assistant Manager,African,1,3,1,3
IND26793,Thomas Washington,48,VP Quality Control,European,1,2,1,1
IND57827,Todd Lawrence,39,Account Executive,Asian,2,1,2,4
IND61268,Anna Shaw,58,Programmer I,Australian,1,2,3,4
IND61936,Carl Mitchell,57,Budget/Accounting Analyst I,European,1,2,3,1
IND87086,Juan Diaz,76,Office Assistant I,European,2,3,2,1
IND99616,Kenneth Hughes,32,Chemical Engineer,Asian,2,0,1,3
IND76839,Philip Cunningham,72,Web Designer I,European,1,3,1,4
IND51542,Ann James,50,Operator,Australian,2,1,1,4
IND31177,Donald Coleman,69,Systems Administrator II,Australian,1,3,2,1
IND25757,Larry Johnston,82,Biostatistician IV,European,2,1,1,1
IND83050,Kenneth Walker,57,Safety Technician I,European,1,1,2,2
IND88698,Lillian Arnold,56,Media Manager IV,Asian,1,2,1,4
IND36562,Louis Harper,58,Research Nurse,American,1,3,3,1
IND30719,Brandon Daniels,51,Programmer IV,Asian,1,0,2,3
IND26679,Sandra Knight,84,Account Executive,European,1,1,3,1
IND54314,David Russell,46,Desktop Support Technician,European,1,1,2,4
IND72436,Bobby Gomez,22,Account Representative I,Asian,1,2,2,4
IND59337,Ruth Hughes,21,Computer Systems Analyst IV,Asian,1,2,1,4
IND78689,Mildred Burns,53,Structural Engineer,European,2,3,2,2
IND31280,Jesse Murphy,37,Research Assistant IV,Asian,1,0,2,4
IND26777,Robert Powell,27,Chief Design Engineer,African,1,0,1,4
IND37741,Joseph Ray,25,Product Engineer,African,1,2,1,1
IND28884,Wayne Alvarez,74,Account Representative I,Asian,2,1,1,4
IND21608,Matthew James,32,Software Test Engineer IV,Asian,1,3,2,4
IND30193,Mary Bennett,28,Accountant I,Asian,2,2,3,3
IND38702,Willie Kennedy,78,Software Engineer III,European,2,3,2,3
IND14237,Scott Andrews,39,Administrative Assistant III,Asian,2,2,2,2
IND35253,Denise Hamilton,62,Chief Design Engineer,Asian,2,3,1,3
IND14559,Victor Morrison,44,Nurse,European,2,2,3,2
IND31565,Johnny Baker,78,Programmer Analyst I,European,2,3,1,2
IND44723,Michelle Morales,46,Programmer Analyst IV,African,1,0,1,1
IND25889,Kevin Perkins,27,Computer Systems Analyst III,European,1,3,1,1
IND80593,Joyce Johnston,63,Internal Auditor,European,2,1,1,2
IND91319,Bonnie Brown,82,Dental Hygienist,Asian,2,1,2,1
IND75746,Raymond Austin,75,Engineer IV,European,2,0,3,4
IND23455,Bobby Spencer,48,Accounting Assistant III,Asian,2,2,1,2
IND12762,Keith Hughes,43,Executive Secretary,Asian,1,3,1,1
IND17356,Helen Patterson,31,Automation Specialist II,American,2,2,1,1
IND14968,Ashley Powell,25,Media Manager III,Asian,2,3,1,1
IND26205,Roy Cunningham,65,Statistician III,African,1,2,2,2
IND40402,Eugene Berry,62,Quality Control Specialist,American,1,1,1,1
IND23534,Brandon Cox,59,Software Engineer I,African,2,3,1,4
IND13368,Anne Hill,51,Registered Nurse,Asian,1,1,3,1
IND89530,Keith Davis,84,Geologist III,European,2,2,1,1
IND46536,Edward Perry,72,Actuary,Australian,2,2,1,1
IND50842,Matthew Morris,53,Dental Hygienist,Australian,2,3,2,1
IND78530,Earl Weaver,17,Web Designer II,European,1,2,2,4
IND86823,Lawrence Henry,21,Accounting Assistant I,Asian,1,1,2,1
IND22908,Louise Wells,20,Clinical Specialist,American,2,2,1,3
IND63930,Jerry Fowler,57,Structural Engineer,African,2,0,2,4
IND59614,Charles Lopez,67,Account Representative IV,European,1,1,2,3
IND16937,Alan Long,48,Human Resources Assistant III,Asian,2,3,1,4
IND22152,David Larson,48,Marketing Assistant,European,1,1,1,1
IND19673,Frank Harper,77,Database Administrator I,Asian,2,3,3,1
IND91458,Timothy Moore,48,Community Outreach Specialist,Asian,2,0,1,4
IND71139,Frank Arnold,59,Geologist IV,American,1,3,1,4
IND44382,Keith Gordon,28,Business Systems Development Analyst,American,1,3,3,1
IND32518,Jeffrey Gutierrez,41,Accounting Assistant IV,European,2,1,1,2
IND98549,Debra Mills,48,Safety Technician I,European,2,1,1,2
IND22303,Nancy Morris,54,Registered Nurse,European,1,2,2,4
IND33084,Katherine Oliver,72,Web Developer II,European,1,0,1,3
IND36967,Mark Medina,45,Accountant II,American,1,3,1,4
IND20489,Anthony Parker,58,Automation Specialist II,European,1,2,1,2
IND35221,Pamela Oliver,49,Account Executive,Asian,1,3,1,4
IND67799,Ronald Fernandez,33,Systems Administrator II,American,1,2,3,1
IND84095,Howard Mitchell,72,Office Assistant I,Australian,2,3,1,1
IND59330,Jason Edwards,62,Staff Accountant I,Asian,2,2,3,1
IND99522,Louis Hayes,79,Staff Accountant III,Asian,2,2,1,3
IND53925,Victor Flores,49,Technical Writer,Asian,1,2,2,1
IND47766,Jonathan Gomez,72,Systems Administrator IV,European,1,2,1,1
IND74222,Joan Williams,76,Graphic Designer,European,2,3,1,2
IND96627,Gloria Welch,79,Systems Administrator II,European,2,2,3,4
IND46573,Craig Stewart,76,Accountant I,Asian,2,3,2,4
IND52334,Sean Carter,57,Developer IV,American,2,2,1,1
IND47388,Johnny Garrett,70,Budget/Accounting Analyst III,Asian,2,0,1,1
IND63480,Jeremy Lopez,58,Help Desk Operator,European,2,3,2,4
IND71563,Brandon Reid,62,Structural Analysis Engineer,American,1,1,3,1
IND47672,Todd Henderson,75,Software Engineer II,European,2,1,2,1
IND47218,Samuel Hicks,42,Senior Quality Engineer,African,1,0,1,4
IND40866,Kathy Torres,81,Safety Technician III,Asian,2,0,1,4
IND55731,George Shaw,55,Sales Associate,European,1,0,3,4
IND18241,Linda Lane,66,Developer II,Asian,2,1,2,3
IND38340,Julia Duncan,38,Assistant Manager,European,1,1,1,1
IND31054,Karen Matthews,64,Staff Accountant II,European,2,2,3,1
IND41463,Howard Larson,70,Geologist I,Asian,1,1,2,1
IND39119,Kathy Murphy,78,Marketing Manager,European,2,1,3,4
IND63354,Robert Dixon,57,Safety Technician I,Asian,1,2,3,1
IND64751,Raymond Palmer,69,Automation Specialist III,European,1,3,1,3
IND73281,Karen Ray,29,Senior Editor,African,1,1,3,3
IND91520,Clarence Rivera,18,Geologist IV,Australian,2,3,3,1
IND96624,Bobby Bailey,36,Technical Writer,European,2,0,2,3
IND27565,George Watson,61,Mechanical Systems Engineer,American,1,1,1,1
IND18836,Victor Nichols,74,Quality Control Specialist,European,1,0,3,1
IND75100,Sean Fernandez,42,Librarian,Australian,1,0,2,1
IND94833,Evelyn Roberts,65,Programmer IV,Australian,2,3,1,4
IND33044,Ryan Watson,36,Recruiter,European,2,3,3,4
IND23940,Paula King,54,Statistician III,European,1,1,1,4
IND17023,Albert Reid,63,VP Product Management,Asian,2,3,2,4
IND69409,Harold Hall,64,Geologist I,European,1,0,3,4
IND30509,Bobby Rice,81,Software Engineer I,European,1,0,2,1
IND27469,Pamela Jacobs,85,Programmer II,American,2,0,2,1
IND40533,Sean Sims,37,Nuclear Power Engineer,American,2,2,2,1
IND93358,Sara Mason,28,Mechanical Systems Engineer,European,2,0,1,3
IND46908,Joseph Nelson,59,Systems Administrator IV,European,2,1,1,1
IND85219,Adam GoPKRalez,72,Graphic Designer,Asian,2,1,2,1
IND93026,Roger Jacobs,61,VP Quality Control,European,2,1,2,1
IND67593,Paul Cruz,20,Health Coach III,European,1,0,2,3
IND13283,Nicholas GoPKRales,48,Nurse Practicioner,American,1,1,1,1
IND15990,Jeffrey Gardner,21,VP Accounting,Asian,1,1,1,1
IND45804,Justin Long,69,Electrical Engineer,Asian,1,2,1,4
IND33862,Frank Daniels,33,Web Developer II,European,1,0,2,3
IND50358,Douglas Carr,56,Account Coordinator,Australian,2,3,2,4
IND31525,Charles Howard,17,Programmer Analyst IV,European,2,3,2,3
IND78049,Roy Martinez,34,Accounting Assistant IV,Asian,2,2,3,1
IND72258,Chris Patterson,82,General Manager,European,2,3,3,4
IND76365,Arthur Bishop,19,Analog Circuit Design manager,Asian,2,0,2,3
IND76509,Aaron Russell,85,Budget/Accounting Analyst IV,European,1,1,2,2
IND33221,Bobby Martin,46,Media Manager III,Asian,1,3,3,1
IND45691,Patrick Bowman,42,Staff Accountant II,Asian,2,2,2,2
IND48905,Lawrence Lopez,28,Biostatistician IV,African,1,1,1,1
IND64966,Julia Crawford,60,Help Desk Operator,Asian,1,1,2,1
IND21667,Elizabeth Mendoza,62,Internal Auditor,European,2,2,2,4
IND65854,George Bailey,46,Geologist IV,European,2,0,2,3
IND53772,Ann Hill,17,Account Representative I,European,1,3,1,1
IND51069,Joseph West,41,Recruiter,European,2,0,3,4
IND83107,George Murray,20,Product Engineer,American,1,1,3,1
IND19058,Aaron Gray,76,Research Assistant IV,Asian,1,3,3,1
IND65820,Peter Jones,25,Assistant Media Planner,Asian,1,2,1,4
IND71996,Cynthia Jacobs,17,Dental Hygienist,European,1,2,2,4
IND45882,Fred Castillo,39,Account Representative I,European,1,1,1,1
IND75924,Amy Sullivan,57,Administrative Officer,European,1,2,2,3
IND81510,Harry Burns,58,VP Quality Control,European,2,1,1,1
IND12649,Timothy Kelly,77,Account Representative I,European,2,3,1,3
IND20255,Richard Young,83,Biostatistician I,American,1,2,1,1
IND86039,Dorothy Ross,32,Administrative Assistant III,European,1,2,3,3
IND98413,Julie Crawford,41,Software Test Engineer I,European,2,0,2,3
IND16961,Ryan Hansen,76,Health Coach III,European,2,1,1,1
IND39027,Brenda Wells,55,Developer II,Asian,2,3,3,1
IND43922,Russell Gilbert,85,Assistant Professor,European,2,1,1,4
IND29124,Christine Carr,55,Staff Accountant I,Australian,2,1,1,3
IND46526,Patrick Sims,81,Software Test Engineer I,American,1,0,2,4
IND69834,Norma Murphy,54,Account Representative IV,Asian,1,0,1,1
IND52128,Howard Reed,68,Office Assistant II,European,1,3,3,4
IND74305,Arthur Knight,51,Physical Therapy Assistant,Australian,2,2,1,3
IND73272,Christina Marshall,74,Geologist III,Asian,2,0,3,4
IND49313,Christina Crawford,84,Operator,European,1,3,1,1
IND43853,Patrick Butler,36,Systems Administrator IV,Asian,1,3,3,4
IND68149,David Porter,53,Automation Specialist III,Asian,1,3,1,1
IND31637,Jeffrey Hernandez,18,Human Resources Manager,European,2,3,2,1
IND26575,Aaron Russell,71,Technical Writer,European,1,0,2,2
IND52133,Andrea GoPKRales,84,Engineer IV,American,1,1,3,1
IND70060,Henry Garrett,43,Systems Administrator III,African,2,1,2,4
IND54963,Frank Rivera,80,Accountant III,European,1,2,3,3
IND66192,Richard Richards,20,Web Developer III,Asian,2,0,2,3
IND63630,Evelyn Hamilton,56,Research Assistant IV,American,2,1,1,1
IND16203,Patrick Payne,60,Accounting Assistant IV,European,1,3,3,3
IND34130,Arthur Arnold,37,Recruiting Manager,Asian,1,2,1,3
IND85584,Karen White,68,Nuclear Power Engineer,American,1,2,1,4
IND69189,Kenneth Schmidt,34,Quality Control Specialist,Australian,2,3,1,3
IND92553,Daniel Thompson,53,Junior Executive,Asian,1,1,2,1
IND72590,Louis Brooks,18,Social Worker,Australian,1,0,1,3
IND64087,Teresa Campbell,55,Teacher,American,1,3,3,3
IND48810,Ernest Butler,17,Design Engineer,African,2,1,1,4
IND80350,Terry Diaz,81,Analog Circuit Design manager,Asian,1,1,2,1
IND88721,Antonio Reed,19,Human Resources Manager,Australian,1,1,1,3
IND98982,Ronald Phillips,21,Junior Executive,Asian,1,0,1,3
IND65931,Randy Barnes,28,Account Representative I,African,2,3,2,3
IND35242,Clarence Matthews,63,Teacher,African,2,2,1,4
IND52234,Anthony Sims,48,Social Worker,American,2,0,1,2
IND46113,James Cole,25,Biostatistician III,European,2,3,2,1
IND33767,Jesse Porter,34,VP Product Management,American,1,3,2,3
IND26283,Maria Phillips,83,Associate Professor,American,1,0,2,3
IND67517,Martin Snyder,28,Director of Sales,Asian,1,0,3,4
IND56906,Gary Rivera,49,Administrative Assistant III,European,2,0,1,1
IND28225,Robert Dean,21,VP Marketing,Asian,1,2,2,4
IND71712,Joan Day,34,Accountant III,European,2,1,2,1
IND41594,Jeremy Hamilton,44,Administrative Assistant III,European,2,2,1,4
IND87812,Charles Long,63,Software Test Engineer I,Asian,2,2,2,1
IND97969,Jennifer Fisher,84,Food Chemist,European,1,3,1,4
IND96593,William Berry,31,Recruiter,European,1,1,1,1
IND73558,Kathleen Smith,70,Cost Accountant,Asian,1,0,1,4
IND43779,Jack Meyer,32,Physical Therapy Assistant,European,2,0,2,1
IND96346,Philip Williamson,55,Environmental Specialist,Asian,1,2,3,4
IND87222,Jonathan Morris,81,Associate Professor,African,1,1,1,3
IND78803,Doris Rose,46,Health Coach III,American,2,3,3,3
IND31057,Jane Freeman,84,Clinical Specialist,European,1,2,1,1
IND59891,Harold Oliver,42,GIS Technical Architect,European,1,0,3,1
IND92500,Daniel Gomez,56,Automation Specialist IV,Australian,2,1,2,3
IND47276,Brandon Morrison,55,Editor,Australian,1,0,2,3
IND19673,Deborah James,67,Graphic Designer,European,1,1,2,2
IND83985,Jack Watkins,19,Software Test Engineer I,Asian,1,1,3,1
IND72250,Gregory Hill,18,Budget/Accounting Analyst IV,American,1,1,1,1
IND61248,Andrea Spencer,17,Web Developer IV,American,1,3,1,3
IND52506,Theresa Mcdonald,27,Associate Professor,American,2,0,1,2
IND45460,Gregory Richards,60,Senior Developer,European,2,2,1,1
IND29763,John Parker,83,Legal Assistant,European,2,1,3,4
IND72578,Raymond King,41,Assistant Manager,Asian,1,0,1,3
IND38948,Donald Bennett,80,Occupational Therapist,Asian,1,1,1,1
IND46699,Christopher Sanchez,28,Sales Associate,American,1,2,1,1
IND78763,Lillian Simmons,23,VP Marketing,European,2,3,1,3
IND51658,Jonathan Harrison,17,Administrative Assistant III,American,2,1,2,4
IND95154,Tina Tucker,24,Quality Engineer,European,2,1,1,3
IND94518,Ryan Perry,50,Programmer I,European,1,0,1,4
IND94947,Irene Cooper,65,Civil Engineer,European,2,2,3,3
IND70766,Wayne Taylor,63,Software Engineer IV,Asian,1,2,1,4
IND31616,Roy Tucker,73,Research Assistant II,European,2,3,1,1
IND63272,Jonathan Mendoza,40,Technical Writer,American,2,3,2,1
IND89040,Harold Williams,43,Editor,European,1,0,1,1
IND59471,Debra Murray,27,Software Engineer III,European,2,1,1,4
IND86960,Marie Armstrong,24,Senior Financial Analyst,Asian,2,0,3,4
IND29637,Kevin Cunningham,63,Budget/Accounting Analyst II,Asian,1,3,2,2
IND76975,Justin Walker,22,Office Assistant I,Australian,2,0,3,4
IND19165,Russell Fowler,27,Human Resources Manager,Asian,1,3,1,4
IND21974,Judith Frazier,20,Biostatistician III,European,2,0,3,1
IND17085,Justin Jones,34,Software Consultant,American,2,1,1,1
IND59398,Andrew Johnson,41,Registered Nurse,Asian,2,0,1,3
IND84558,Jimmy Palmer,58,Nuclear Power Engineer,European,1,1,1,2
IND72037,Sarah Ruiz,32,Web Developer IV,European,2,1,2,4
IND24573,Virginia Allen,48,Community Outreach Specialist,African,1,2,2,1
IND23033,Benjamin Price,75,Registered Nurse,American,1,1,2,1
IND82305,Brian Hudson,19,General Manager,African,1,3,3,2
IND84879,Kimberly Frazier,36,Clinical Specialist,European,2,2,1,3
IND77110,Terry Bennett,41,Administrative Officer,European,1,2,3,1
IND51370,Harold Parker,27,Pharmacist,European,2,0,3,4
IND73499,Lori Baker,42,VP Sales,European,1,2,3,1
IND79465,Aaron George,77,Pharmacist,European,2,0,1,4
IND35812,Jesse Ferguson,22,Community Outreach Specialist,American,1,1,2,3
IND19935,William Perry,65,Geological Engineer,Asian,2,3,1,2
IND43475,Randy Garrett,69,Executive Secretary,European,1,1,1,1
IND39658,Carolyn Wright,70,VP Product Management,African,2,1,2,1
IND42006,Jose Walker,41,Research Assistant II,Asian,1,1,1,2
IND13072,Phillip Banks,27,Programmer III,African,2,1,1,4
IND50762,Phyllis Knight,78,Marketing Manager,American,2,1,1,1
IND79565,Dennis Alexander,37,Web Developer IV,European,1,2,2,2
IND21206,Julia Cole,41,Budget/Accounting Analyst IV,Asian,2,0,2,1
IND62941,Joshua Gibson,71,Product Engineer,European,2,0,2,1
IND48073,Nicole Oliver,42,Mechanical Systems Engineer,European,2,0,1,1
IND18560,David Holmes,78,Geologist II,European,2,3,2,1
IND83480,Bobby Reed,68,Actuary,European,1,3,3,1
IND85295,Justin Kim,44,Health Coach I,European,2,3,1,2
IND74978,Joshua Fisher,49,Safety Technician II,European,2,0,3,3
IND27629,Jeffrey Collins,21,Product Engineer,Asian,2,2,1,1
IND71157,Lawrence Collins,20,Office Assistant II,Asian,2,3,1,1
IND99483,Jason Watson,31,Human Resources Manager,European,1,3,2,4
IND35166,Anthony Morales,20,Programmer IV,Asian,2,1,3,3
IND73212,Samuel Barnes,53,Environmental Tech,Asian,1,1,2,4
IND90377,Andrea Anderson,33,Environmental Specialist,American,1,3,1,4
IND33047,Ernest Gomez,28,Pharmacist,European,1,0,2,2
IND20303,Phillip Morrison,72,Media Manager II,Asian,2,2,3,3
IND82550,Jerry Burton,55,Graphic Designer,Asian,1,1,1,4
IND15069,Adam Simpson,51,Accounting Assistant II,American,1,3,2,2
IND72898,Sarah Griffin,51,Administrative Officer,Australian,2,0,3,4
IND43567,Frank Ramirez,62,Pharmacist,American,1,1,2,1
IND43437,Kelly Sanchez,63,Associate Professor,European,2,3,2,1
IND62228,Nicholas Garrett,42,Web Designer II,European,2,3,1,1
IND76373,Walter Scott,47,Automation Specialist IV,Australian,1,0,1,1
IND57417,Lisa Wells,51,Environmental Specialist,African,1,2,1,3
IND38378,Howard Cox,52,Senior Financial Analyst,American,2,2,1,3
IND77256,David Austin,19,Staff Accountant IV,European,1,2,3,2
IND53599,Rebecca Williams,31,Electrical Engineer,African,1,2,1,1
IND80666,Kenneth Harper,27,Account Representative III,Australian,2,1,1,1
IND38255,Ann Henry,81,Database Administrator IV,Australian,1,3,2,4
IND65519,Adam Reyes,80,Speech Pathologist,American,2,3,1,3
IND59539,Donna Meyer,42,Research Assistant III,European,1,2,1,2
IND85074,Dorothy Lane,53,Software Test Engineer I,African,2,1,2,4
IND67670,Bobby Brooks,49,Editor,European,1,0,1,3
IND46130,Andrew Hamilton,51,Accountant III,Australian,1,3,1,4
IND20451,Shawn Gardner,35,Software Test Engineer III,American,1,1,1,1
IND78694,Samuel Ramirez,26,GIS Technical Architect,American,1,0,2,1
IND42335,Bruce Ford,82,Programmer Analyst II,Asian,1,2,1,2
IND15060,Eric Harrison,45,Programmer Analyst II,European,1,2,1,2
IND19481,Michael Bailey,74,Safety Technician IV,Asian,1,2,2,1
IND36189,Jeremy Burton,69,Staff Accountant I,Australian,2,3,1,3
IND65594,Julie Bennett,39,Budget/Accounting Analyst III,American,1,2,1,3
IND17557,Benjamin Crawford,69,Accounting Assistant I,Asian,1,0,2,1
IND79396,Henry Stanley,58,Media Manager I,European,1,3,1,1
IND25908,Shawn Knight,44,Senior Cost Accountant,European,1,3,1,3
IND47180,Kelly Price,81,Research Assistant III,Australian,1,2,1,3
IND67526,Adam Campbell,62,Quality Engineer,Asian,2,0,1,1
IND54629,Wayne Baker,80,Safety Technician I,European,2,2,3,1
IND96473,Catherine Carter,50,Account Representative IV,European,1,2,1,3
IND43465,Jimmy Wheeler,70,Senior Cost Accountant,European,2,1,2,4
IND88769,Jose Berry,28,Project Manager,European,2,3,1,1
IND69918,Margaret Dixon,55,Engineer II,European,1,1,3,1
IND97771,Phillip Hansen,38,Operator,European,1,3,1,1
IND94851,Kelly Lawrence,31,Engineer II,Asian,2,0,3,1
IND53003,David Miller,34,Marketing Assistant,European,2,1,1,2
IND18812,Emily Ruiz,45,Structural Analysis Engineer,European,1,0,3,3
IND48530,Keith Wright,73,Librarian,European,1,1,3,4
IND85022,Carolyn Wagner,75,Web Developer IV,European,1,1,1,4
IND52278,Frank Brown,27,Research Assistant IV,American,2,0,2,2
IND46035,Kevin Davis,51,Accountant I,European,1,3,2,1
IND88500,Bobby Mitchell,46,Help Desk Operator,European,1,2,2,1
IND59334,Martin Baker,63,Senior Editor,American,1,2,3,1
IND43447,Heather Myers,85,Marketing Assistant,European,2,3,1,4
IND89715,Evelyn Gilbert,36,Engineer IV,European,1,3,1,1
IND15214,Joe Green,39,VP Product Management,American,2,3,2,4
IND40338,Lawrence Ray,46,Senior Cost Accountant,European,2,0,1,1
IND51774,Carol Collins,58,Web Developer IV,American,1,2,3,1
IND57665,Richard Bishop,28,Research Associate,European,1,2,3,1
IND66976,Doris Anderson,80,Computer Systems Analyst III,Asian,2,2,1,2
IND40082,Timothy Dixon,35,Programmer II,European,1,2,3,1
IND46584,Earl Peters,53,Automation Specialist IV,African,2,1,1,1
IND25515,Bobby Phillips,32,Automation Specialist IV,European,2,2,1,1
IND66087,Daniel Ray,48,Account Coordinator,American,1,1,1,1
IND94271,Ralph Parker,64,Geologist IV,American,1,3,1,1
IND13684,Lisa Cunningham,47,Statistician I,Asian,1,3,2,3
IND19447,Jimmy Warren,36,Accounting Assistant III,European,2,3,1,1
IND70647,Sandra Schmidt,23,VP Quality Control,Australian,1,3,3,1
IND55928,Annie Dunn,55,Account Coordinator,European,1,1,1,4
IND49649,Scott Evans,64,Account Representative III,Asian,2,2,3,2
IND83150,Jennifer Bailey,26,Associate Professor,American,1,2,3,4
IND86236,Cheryl Hunter,17,Systems Administrator II,European,1,1,2,3
IND23104,Edward Jackson,61,Software Test Engineer I,European,1,0,1,4
IND40705,Charles Andrews,24,Engineer I,European,1,0,2,1
IND16827,Louis Edwards,20,Environmental Specialist,American,1,1,3,1
IND61808,Andrea Oliver,80,Safety Technician I,Asian,1,3,2,3
IND88808,Beverly Richards,28,Research Associate,European,2,0,1,1
IND63102,Edward Tucker,25,Computer Systems Analyst IV,Asian,2,0,1,3
IND12601,Justin Bishop,58,Software Test Engineer I,Asian,2,1,1,2
IND82367,Anthony Campbell,67,Web Developer III,Australian,1,0,1,2
IND25359,Antonio Moreno,63,Developer IV,European,2,3,2,4
IND18267,Kevin Mcdonald,21,Data Coordiator,American,2,1,1,1
IND87428,Diane Mccoy,58,Media Manager IV,European,1,1,1,3
IND58778,Mildred Hansen,51,Health Coach III,European,1,3,3,1
IND40038,Kimberly Young,35,Junior Executive,African,2,1,1,1
IND76909,Frank Fox,68,Automation Specialist IV,Asian,1,3,2,1
IND62606,Andrew Rodriguez,46,Analyst Programmer,American,2,0,3,2
IND51619,Jacqueline Stephens,65,Senior Financial Analyst,American,1,2,3,1
IND65893,Ernest Dunn,80,Accountant IV,European,2,2,1,3
IND95530,Raymond Warren,37,Developer IV,American,1,2,2,1
IND89861,John Coleman,51,Editor,European,1,2,1,3
IND92174,Carolyn Reid,57,Accounting Assistant I,Asian,1,2,2,3
IND36400,Janet Richards,27,Junior Executive,American,2,3,1,1
IND16810,Douglas Allen,31,Accountant I,Asian,2,1,1,4
IND62400,Jason Foster,24,Web Designer I,Asian,2,3,2,1
IND25291,Pamela Butler,81,Marketing Manager,European,2,3,1,3
IND94530,Peter Reed,79,Systems Administrator I,European,2,1,1,1
IND29475,Eugene Oliver,69,Safety Technician IV,American,1,1,1,1
IND97275,Juan Allen,38,Health Coach IV,African,2,1,2,1
IND73731,Douglas Schmidt,19,Account Coordinator,European,2,3,2,4
IND36600,Carlos Watkins,64,Internal Auditor,African,1,2,2,1
IND50412,Denise Long,48,Help Desk Technician,Asian,2,3,2,1
IND77616,Tina Gutierrez,40,Human Resources Manager,Asian,2,1,1,4
IND25120,Carlos Griffin,73,Senior Financial Analyst,European,1,3,3,4
IND89792,Stephen Bell,83,Registered Nurse,European,2,1,2,1
IND15721,Matthew Ellis,84,Systems Administrator III,European,2,2,2,1
IND91267,Keith GoPKRalez,17,Cost Accountant,Asian,2,3,3,1
IND14935,Christopher Woods,43,Staff Accountant IV,European,2,3,3,4
IND49907,Frank Fox,72,Office Assistant IV,African,2,3,3,1
IND18734,Walter Hart,29,Health Coach II,American,2,1,2,3
IND16744,Adam Hughes,54,Administrative Assistant IV,Asian,2,2,1,1
IND19548,Shawn Welch,60,Database Administrator I,European,1,1,1,4
IND15167,Matthew Lane,68,Biostatistician III,European,2,1,2,4
IND32618,Todd Lee,48,Systems Administrator II,European,2,3,1,1
IND93058,Kenneth Ramos,55,Administrative Assistant IV,African,1,2,1,4
IND70754,Justin Ramirez,36,Assistant Manager,American,2,0,2,3
IND92418,Patrick Stephens,85,Budget/Accounting Analyst IV,Asian,2,0,2,3
IND92115,Russell Cox,40,Accounting Assistant IV,Asian,2,2,1,4
IND24672,Willie Stephens,39,Associate Professor,European,2,1,1,4
IND54908,Kevin Green,19,Geological Engineer,European,2,0,2,1
IND37750,Jesse Kelly,68,Database Administrator III,European,2,0,2,1
IND59881,Jeffrey Mason,33,Speech Pathologist,Asian,1,0,3,1
IND32319,John Lane,40,Safety Technician I,European,1,3,3,1
IND58635,Laura Simmons,20,Automation Specialist III,European,2,0,1,1
IND55883,John GoPKRalez,77,Accounting Assistant III,Australian,1,3,3,3
IND26855,Ruby Davis,62,Account Representative I,American,1,1,2,4
IND89144,Jason Chavez,85,Media Manager IV,European,2,0,2,3
IND36784,Sean Carr,59,Account Representative III,American,2,3,2,4
IND47240,Lisa Medina,71,Design Engineer,European,2,3,3,4
IND34868,Rebecca Martinez,43,Programmer Analyst I,European,2,2,1,4
IND53254,Jesse Austin,65,Developer IV,Asian,1,2,2,2
IND26959,Douglas Andrews,25,VP Quality Control,American,2,1,1,1
IND13792,Bruce Smith,58,Desktop Support Technician,European,2,0,1,1
IND83479,Jean Watson,26,Editor,European,1,3,3,4
IND84488,Lawrence Ferguson,21,Developer II,Australian,1,1,1,4
IND36106,Carolyn Snyder,37,Sales Associate,American,2,3,2,1
IND49489,Jimmy Rivera,51,Account Representative IV,European,1,1,1,1
IND71209,Harold Gilbert,46,Software Test Engineer I,Asian,2,2,3,2
IND33607,Justin Johnson,49,Assistant Professor,Asian,2,1,3,3
IND36407,Rebecca Harper,57,Geologist I,African,1,0,1,3
IND90197,Louise Day,45,Accounting Assistant III,Asian,2,2,1,4
IND21018,Jeremy Jacobs,54,Nurse,European,2,3,2,3
IND77703,Earl Payne,70,Quality Engineer,Australian,2,1,1,1
IND70508,Carl Knight,81,Software Test Engineer IV,Australian,1,1,1,4
IND35314,Clarence Price,77,Engineer II,African,1,0,1,1
IND65265,Nicholas Ray,84,Safety Technician III,Asian,1,2,3,4
IND65658,Lillian Nelson,43,General Manager,American,2,0,2,4
IND28776,Richard Henry,63,Professor,Australian,1,3,2,1
IND66161,Doris Stewart,27,Office Assistant II,Australian,2,1,1,1
IND15278,Gerald Stone,79,Human Resources Assistant I,Asian,2,3,2,1
IND22373,Clarence Hart,52,Web Designer I,African,2,3,2,1
IND60609,Anne Wright,69,Office Assistant IV,Asian,1,3,2,1
IND24232,Michelle Elliott,64,Assistant Professor,Asian,1,3,2,1
IND89674,Joan Castillo,24,Help Desk Operator,European,2,3,2,1
IND62679,Lisa Garrett,63,Research Assistant I,Australian,1,3,3,2
IND45614,Justin Bailey,33,Automation Specialist IV,Australian,1,2,1,3
IND35674,Alan Bennett,66,Statistician III,American,2,3,2,1
IND90385,Kelly Moore,85,Staff Accountant II,European,2,3,2,1
IND64752,Eric Cunningham,47,Account Representative I,European,2,2,1,4
IND48640,Joe Porter,79,Biostatistician I,Asian,2,2,2,2
IND20725,Steven Ferguson,23,Data Coordiator,European,2,3,1,3
IND87256,Thomas Reid,82,Recruiting Manager,Asian,1,2,2,3
IND65022,Randy Simpson,50,Office Assistant II,European,1,2,2,1
IND97042,Raymond Greene,36,Budget/Accounting Analyst I,European,1,1,2,1
IND99554,Russell Coleman,56,Safety Technician II,Asian,2,2,1,3
IND75060,Donald Fields,78,Programmer III,European,1,3,3,1
IND62770,Billy Robertson,76,Help Desk Operator,American,2,0,1,1
IND67268,Lillian Carroll,76,Community Outreach Specialist,Asian,2,1,2,1
IND57973,Stephen Washington,20,Statistician I,European,2,0,3,1
IND89653,Matthew Nguyen,25,Web Developer III,European,2,0,1,4
IND21489,Joshua Clark,48,Budget/Accounting Analyst IV,African,1,1,2,2
IND30571,Earl Carter,49,Biostatistician III,European,1,0,2,1
IND59366,Todd Mccoy,37,Automation Specialist III,Asian,1,2,3,2
IND83619,Michelle Garcia,44,Software Engineer III,Asian,2,2,1,1
IND67029,Arthur Austin,73,Community Outreach Specialist,American,2,0,1,1
IND95869,Fred Welch,20,Automation Specialist II,American,1,3,1,1
IND66671,Adam Knight,73,Office Assistant III,Australian,2,2,1,1
IND86149,Martin Marshall,35,Software Engineer I,American,1,0,1,1
IND95415,Tina Alvarez,26,Account Coordinator,Asian,2,1,1,2
IND99553,Justin Bryant,56,Biostatistician IV,European,2,2,1,1
IND73319,Dorothy Rice,17,Geologist III,European,2,3,1,3
IND34968,Robert Thomas,59,Product Engineer,Asian,1,0,1,1
IND14715,James Lane,53,Computer Systems Analyst IV,American,2,1,2,1
IND16798,Johnny Nelson,35,Automation Specialist II,European,2,2,2,3
IND93663,Rose Sullivan,53,Professor,Asian,2,0,1,3
IND67391,Kathleen Stewart,54,GIS Technical Architect,Asian,2,1,2,2
IND96220,Craig Ruiz,55,GIS Technical Architect,Asian,2,0,1,4
IND44913,Stephanie Lopez,19,Editor,European,1,2,2,4
IND87824,Jeremy Hunter,82,Web Designer I,Asian,2,3,1,1
IND46155,Annie West,44,Account Representative I,European,1,3,2,1
IND35684,Irene Bell,83,Engineer IV,European,1,1,1,1
IND96387,Betty Harris,30,Biostatistician III,European,2,2,1,4
IND83308,Arthur Hicks,60,Automation Specialist IV,European,1,2,3,1
IND69120,Evelyn Peterson,25,Director of Sales,European,2,3,1,4
IND47860,Jack Sanchez,65,Social Worker,Australian,1,2,1,1
IND13419,Denise Garza,45,Assistant Manager,Asian,1,2,3,3
IND56121,Daniel Crawford,78,Research Assistant I,African,1,3,1,3
IND38822,Roger Riley,75,Sales Representative,American,1,3,1,1
IND58923,Jeffrey Black,33,Geologist IV,Australian,1,1,1,1
IND66682,Mark Cox,79,Research Assistant IV,American,2,0,1,4
IND96115,Keith Larson,42,Assistant Professor,European,2,3,1,1
IND40991,Terry Hayes,65,Analyst Programmer,European,1,2,3,3
IND57646,Russell Holmes,85,Human Resources Manager,Asian,1,2,1,3
IND76683,Nancy Gilbert,80,Web Designer IV,American,2,0,1,4
IND69465,Richard Armstrong,65,Budget/Accounting Analyst IV,European,1,1,3,3
IND45293,Cheryl Duncan,77,Staff Accountant III,European,1,3,2,1
IND31182,Shawn Dean,30,Financial Advisor,European,1,0,2,2
IND43704,Jonathan Moreno,43,Teacher,European,1,0,3,4
IND90107,Carolyn Peterson,42,Geologist IV,American,2,3,1,3
IND65206,Gary Reynolds,85,Geological Engineer,American,2,3,2,1
IND97608,Samuel Bailey,73,Developer I,European,1,3,1,1
IND99978,Russell Wagner,79,Operator,European,1,2,1,1
IND51034,Jonathan Harper,75,Web Developer III,European,1,3,2,4
IND77398,Russell Reyes,60,Dental Hygienist,Australian,1,0,2,4
IND48157,Sara Thompson,79,Software Engineer I,European,1,0,1,3
IND46455,Jonathan Duncan,83,Design Engineer,Asian,2,0,3,3
IND52005,Scott Franklin,19,Web Designer III,Asian,2,1,3,4
IND50424,Jason Garcia,30,Tax Accountant,American,1,3,1,3
IND48222,Walter Griffin,18,VP Marketing,Australian,2,0,1,1
IND48333,Walter Parker,41,Account Representative II,European,1,2,1,1
IND62022,Phillip Adams,76,Health Coach I,Asian,1,2,1,1
IND82740,Eugene Jordan,17,Operator,European,1,3,3,4
IND48400,Antonio Arnold,23,Safety Technician II,Asian,1,2,1,4
IND40646,Elizabeth Greene,79,Software Engineer I,American,1,1,2,2
IND40950,Tina Hunter,26,Statistician III,European,2,0,3,1
IND37853,Arthur Sanders,56,Paralegal,Australian,2,0,1,4
IND91954,Adam Chapman,42,Web Designer II,Asian,2,3,1,3
IND30253,Brian Payne,45,Account Representative II,European,1,1,2,4
IND82997,Philip Watkins,73,Recruiter,Australian,1,3,3,1
IND75882,George Reid,30,Automation Specialist II,European,1,2,1,2
IND31953,Lawrence Wilson,67,Geologist IV,American,1,2,2,2
IND69875,Harold Graham,76,Analog Circuit Design manager,European,1,0,3,4
IND57328,Jason Green,35,Software Consultant,American,1,1,2,1
IND70068,Wanda Smith,75,Programmer Analyst IV,Asian,2,2,1,1
IND57357,Amanda Miller,26,Accountant IV,American,1,0,2,4
IND79088,Alan Cole,75,Financial Analyst,European,1,2,3,3
IND57637,Anna Warren,81,Systems Administrator II,Australian,1,3,2,1
IND94614,Karen Hayes,27,Account Coordinator,Asian,2,1,1,1
IND16622,Fred Fernandez,48,Nuclear Power Engineer,European,1,1,1,1
IND36995,Phillip Scott,40,Structural Analysis Engineer,European,2,1,1,4
IND86491,Adam Howard,37,Design Engineer,European,2,1,1,4
IND59827,Kenneth Grant,72,Administrative Assistant IV,European,1,3,1,1
IND74969,Louis Price,50,Automation Specialist I,African,2,0,2,3
IND21853,Ernest Gutierrez,55,Automation Specialist IV,European,1,2,1,3
IND23903,Adam Fisher,83,Structural Analysis Engineer,Asian,2,2,1,4
IND68777,Joseph Bradley,23,Web Designer IV,Asian,1,1,2,4
IND81707,Jonathan Rodriguez,27,Account Representative II,Asian,1,3,1,1
IND97656,Christina Boyd,35,Accountant III,American,2,0,1,1
IND55034,Rebecca Fowler,17,Computer Systems Analyst II,European,2,1,1,3
IND96166,George Simmons,67,Administrative Assistant III,Asian,1,0,2,4
IND96324,Laura Fox,22,Social Worker,European,2,1,1,3
IND47674,Samuel Jackson,24,Actuary,African,1,2,1,1
IND70317,Johnny Hawkins,67,Web Developer III,European,2,0,3,2
IND38895,Ernest Jenkins,84,Web Designer I,African,1,2,1,4
IND61906,Johnny White,42,Human Resources Assistant IV,Asian,1,3,1,1
IND91852,Amanda Mitchell,48,Software Engineer III,European,1,0,3,1
IND49429,Kathleen Scott,47,Senior Developer,Asian,1,0,1,3
IND50848,Kathy Carter,80,Software Engineer I,European,1,3,2,1
IND25130,Walter Williams,53,Human Resources Assistant II,European,1,2,1,4
IND51890,Henry Harrison,30,Budget/Accounting Analyst III,European,2,0,1,1
IND29870,Albert Hudson,62,Product Engineer,Asian,2,0,1,3
IND24996,Harry Oliver,22,Biostatistician I,Asian,1,0,3,3
IND28319,Peter Fernandez,76,Geologist I,European,1,0,1,4
IND24921,Justin Dean,24,Web Designer IV,Asian,2,1,1,3
IND97391,Douglas GoPKRalez,51,Media Manager III,Asian,1,1,1,2
IND59368,Albert Tucker,30,Assistant Manager,European,1,3,1,2
IND23354,Ruby Griffin,78,VP Sales,European,1,3,1,2
IND29589,Deborah Armstrong,27,Associate Professor,Australian,2,1,1,1
IND48477,Clarence Carr,35,Marketing Assistant,American,1,2,1,1
IND70337,Justin Brown,43,Engineer II,Asian,2,0,3,4
IND69809,Amanda Rodriguez,25,Marketing Manager,Asian,2,0,1,2
IND23817,Ruby Andrews,38,Senior Cost Accountant,American,2,0,3,1
IND36692,Dorothy Kennedy,45,Teacher,European,2,0,1,3
IND39952,Kevin Cruz,42,Clinical Specialist,Asian,2,2,2,3
IND30232,Ryan Perkins,27,Human Resources Assistant III,American,1,3,1,3
IND31886,Jeffrey Little,48,Safety Technician II,European,2,2,2,4
IND16521,Donald White,58,Director of Sales,American,1,0,2,1
IND22770,Shirley Carr,28,Programmer I,American,2,2,3,1
IND74369,Mark Vasquez,73,Media Manager III,Asian,1,0,1,4
IND31020,Lillian GoPKRales,55,Software Engineer IV,American,1,3,1,1
IND83621,Robin Hudson,31,Systems Administrator I,European,1,0,2,4
IND87099,Joe West,72,Research Associate,European,2,1,1,3
IND68353,Adam Webb,71,Information Systems Manager,European,2,2,2,1
IND34739,Emily Garza,31,Electrical Engineer,European,1,1,2,2
IND49852,Alice Hawkins,75,Accounting Assistant IV,American,2,2,1,3
IND15739,Arthur Fuller,50,Human Resources Assistant I,European,2,2,1,2
IND35208,Earl Wagner,38,Office Assistant II,Asian,2,2,1,4
IND23172,Ryan Mitchell,32,Programmer Analyst I,European,2,1,2,1
IND89615,Phillip Gordon,37,Dental Hygienist,European,2,3,2,2
IND78041,Christine Davis,76,Senior Financial Analyst,European,2,0,1,4
IND25027,Louise Olson,31,Office Assistant II,American,1,3,2,1
IND70133,Ronald Foster,63,Budget/Accounting Analyst IV,European,1,1,2,1
IND96246,Jacqueline Moreno,65,Programmer I,European,1,1,1,4
IND74738,Craig Baker,61,Financial Analyst,European,1,3,1,1
IND94482,Timothy Scott,30,Accounting Assistant IV,European,2,2,1,1
IND54803,Evelyn Reynolds,20,Programmer IV,American,1,2,1,1
IND22264,James Burton,76,Librarian,Asian,2,2,1,4
IND66283,Julia Weaver,45,Research Nurse,African,2,1,3,3
IND45825,Nicole Garrett,37,Software Test Engineer I,European,1,1,1,1
IND94895,Steve Sullivan,68,Analog Circuit Design manager,European,2,1,3,1
IND66583,Andrew Baker,84,Account Representative I,African,2,3,3,1
IND73582,Christopher Wright,65,Human Resources Assistant I,European,2,0,1,2
IND62295,Tina Snyder,67,Programmer III,Asian,2,0,3,4
IND39698,George George,67,Database Administrator III,European,1,3,2,1
IND96489,Jeremy Bowman,48,Research Associate,European,1,3,1,1
IND62970,Kathleen Stone,41,Operator,American,1,1,1,2
IND53584,Nancy Castillo,76,Pharmacist,Asian,2,1,1,1
IND34425,Timothy Bradley,50,Programmer Analyst IV,Asian,1,0,1,4
IND53485,Michael Sims,23,Media Manager II,European,1,1,3,1
IND40496,Walter Jenkins,18,Accounting Assistant III,American,2,2,2,3
IND72603,Aaron Simpson,46,Financial Analyst,Asian,2,1,2,4
IND56984,Irene Rogers,35,Pharmacist,Asian,1,1,1,1
IND31180,Annie Hayes,47,Health Coach II,European,2,1,3,4
IND80616,Michael Stone,22,Programmer III,African,2,0,1,3
IND54495,Louise Barnes,28,Compensation Analyst,Asian,1,1,1,3
IND88782,Jose Jacobs,54,Senior Financial Analyst,Asian,1,0,2,1
IND25223,Steven Owens,49,Geologist I,European,1,1,1,1
IND26937,Steve Scott,63,Cost Accountant,American,2,1,2,1
IND14766,Debra Mendoza,49,Engineer IV,European,1,3,2,1
IND45041,Kenneth Moreno,60,Web Developer III,European,2,2,3,1
IND54922,Earl Mccoy,50,Accountant I,Asian,2,0,1,4
IND89369,Keith Banks,19,Account Coordinator,European,2,0,1,3
IND94380,Chris Meyer,48,Health Coach III,Asian,1,0,3,4
IND76782,Douglas Flores,68,Physical Therapy Assistant,European,1,1,1,1
IND44357,Michael Little,30,Financial Analyst,European,1,2,2,4
IND63865,Richard Matthews,20,Safety Technician III,European,1,3,1,1
IND14540,Joseph Fuller,32,Programmer II,Asian,1,3,2,3
IND20140,Joseph Adams,25,Database Administrator II,European,2,3,2,3
IND75181,Eugene Collins,26,Marketing Manager,European,1,3,3,4
IND60750,Louis Thomas,27,Chemical Engineer,European,2,0,1,2
IND40048,Harold Hunt,44,Systems Administrator I,Asian,1,3,2,4
IND91899,Steve Ross,54,Geologist III,American,1,3,1,1
IND49097,Joyce Gilbert,41,Legal Assistant,African,1,3,2,1
IND30559,Pamela Bailey,37,Programmer Analyst II,European,1,2,3,2
IND40540,Joseph Burton,73,Software Test Engineer III,European,1,2,2,3
IND32711,Terry Tucker,84,Software Engineer IV,European,1,3,2,3
IND71842,Shawn Duncan,33,Staff Accountant I,African,2,1,2,4
IND98821,Stephen Perkins,43,Engineer II,European,1,2,2,4
IND60303,Joshua Williams,60,Human Resources Assistant II,Asian,1,1,2,1
IND21271,Kenneth Simmons,55,Associate Professor,Asian,2,3,2,4
IND71938,Virginia Willis,63,Engineer III,European,2,2,1,4
IND48166,Martin GoPKRalez,71,Legal Assistant,Asian,2,3,1,4
IND35417,William Wagner,53,Librarian,European,1,3,2,4
IND36167,Juan Freeman,72,Software Consultant,American,2,0,1,1
IND53489,Samuel Johnston,48,Analog Circuit Design manager,Asian,2,1,2,2
IND46654,Frank Bennett,30,Biostatistician III,African,1,1,3,1
IND57483,Heather Mendoza,33,Software Test Engineer IV,American,1,3,1,1
IND26697,Jeffrey Watson,18,Operator,European,1,1,1,1
IND21028,Craig James,80,Librarian,European,1,3,3,4
IND86154,Albert Banks,65,Office Assistant II,European,2,3,3,1
IND47039,Gloria Williamson,41,Biostatistician III,American,2,1,1,4
IND18081,Rose Bell,22,Software Engineer III,Asian,2,0,1,1
IND13675,Johnny Castillo,72,Senior Financial Analyst,European,2,2,2,1
IND54772,Jose Fernandez,23,Research Associate,American,1,0,3,3
IND61012,Donna Moreno,35,Recruiting Manager,Asian,1,0,2,2
IND63638,Daniel Flores,38,Geologist II,European,1,1,1,1
IND73710,Jesse Frazier,47,Budget/Accounting Analyst II,African,1,2,1,1
IND93494,John Banks,49,Internal Auditor,European,1,0,2,1
IND97314,Angela Green,51,Administrative Assistant III,European,1,3,1,4
IND43915,Steven Kelly,66,Accounting Assistant III,Australian,1,0,1,4
IND62101,Timothy Duncan,24,Account Representative II,American,2,3,2,1
IND12706,Frances Gilbert,21,VP Product Management,American,2,1,1,1
IND96211,Dennis Chapman,31,General Manager,Asian,2,0,1,1
IND99855,Christopher Cooper,47,Quality Engineer,American,2,3,3,4
IND20615,Jesse Martinez,64,VP Accounting,European,1,2,1,4
IND42387,Catherine Robinson,37,Geologist I,American,1,0,1,3
IND51003,Tina Gutierrez,78,Web Developer III,American,1,1,2,1
IND38386,Paul Hall,50,Human Resources Assistant I,European,2,3,1,1
IND31075,Terry Fox,53,Director of Sales,Asian,1,0,1,1
IND29987,Russell Long,25,Senior Editor,African,2,0,1,1
IND53122,Mary Fowler,51,Mechanical Systems Engineer,Asian,1,1,3,4
IND71679,Joshua Little,57,Quality Engineer,European,1,3,1,4
IND96476,Randy Shaw,62,Occupational Therapist,American,1,0,3,1
IND59444,David Graham,60,Professor,Asian,1,1,1,4
IND96722,Peter Johnston,59,Accountant I,European,2,3,1,1
IND91553,Theresa Woods,54,Internal Auditor,Asian,1,0,2,3
IND43964,Johnny Duncan,21,Senior Quality Engineer,European,2,3,3,4
IND42604,Christopher Lewis,73,Web Designer II,European,1,0,1,1
IND80050,Juan Reyes,20,Junior Executive,African,2,3,1,3
IND15192,Raymond Marshall,55,Programmer III,European,2,1,2,4
IND61862,Juan Burton,47,Legal Assistant,European,2,0,2,4
IND32146,William Gray,66,Human Resources Manager,Asian,1,2,1,1
IND91035,Martha Davis,51,Database Administrator IV,European,2,0,1,4
IND65273,Shawn Watkins,84,Business Systems Development Analyst,European,1,1,1,1
IND34196,Tina Alexander,18,Safety Technician II,European,2,2,2,4
IND31640,Larry Cooper,65,VP Marketing,American,2,3,2,4
IND15111,Randy Jacobs,65,Human Resources Assistant II,Asian,2,1,3,3
IND22504,Andrew Torres,36,Research Nurse,American,2,0,2,1
IND33992,Randy Peterson,66,Nurse,Asian,2,0,1,3
IND89837,Thomas Martinez,20,Marketing Manager,European,1,0,2,4
IND39449,Shawn Robertson,55,Chemical Engineer,American,2,2,1,4
IND74203,Howard Webb,32,Structural Analysis Engineer,American,1,0,1,1
IND51348,Teresa Shaw,54,Accountant II,American,2,3,1,2
IND66999,Shirley Parker,73,Safety Technician I,European,1,1,1,3
IND42138,Sarah Hill,69,Statistician I,European,2,2,1,4
IND23112,Arthur Mitchell,40,Programmer Analyst II,Asian,1,0,2,4
IND93187,Joshua Green,32,Financial Analyst,Asian,1,0,2,4
IND35276,Jeffrey Edwards,77,Accounting Assistant III,Australian,1,0,1,1
IND52692,Doris Carroll,51,Senior Developer,Asian,2,3,3,4
IND92250,Steve Peters,60,Staff Accountant IV,American,1,2,1,1
IND42511,Annie Washington,25,Administrative Assistant I,Australian,1,2,2,1
IND88769,Roger Rose,34,Account Representative III,European,2,1,3,3
IND34775,Dennis Hart,51,Biostatistician III,Australian,2,3,1,1
IND89996,Mark Hicks,50,Web Designer IV,European,2,2,2,4
IND64241,Shirley Gilbert,37,Geologist II,Asian,2,2,1,4
IND87995,Joshua Frazier,66,Media Manager I,Asian,1,0,3,2
IND40619,Donna Fox,35,Database Administrator III,Australian,1,0,1,2
IND83760,Amy Gomez,80,Database Administrator IV,American,1,2,1,1
IND70928,John Riley,19,Paralegal,European,2,2,2,3
IND38406,Jennifer Sims,59,Nurse,Australian,2,2,2,1
IND37475,Mark Garrett,59,Help Desk Operator,European,2,3,1,1
IND46069,Ruth Mitchell,20,Programmer Analyst II,European,2,2,1,2
IND84868,Peter Foster,40,Computer Systems Analyst III,American,1,3,1,4
IND53486,Philip Fuller,78,Sales Associate,Asian,1,1,3,4
IND18304,Emily Bishop,48,Software Engineer II,American,1,2,3,1
IND47238,Amy Powell,67,Sales Representative,Asian,1,1,3,2
IND97355,Jimmy Gordon,80,Human Resources Assistant III,American,2,1,1,1
IND77366,Clarence Foster,51,Budget/Accounting Analyst I,American,1,3,1,1
IND46865,Jesse Hughes,70,Media Manager I,American,1,1,2,1
IND32633,Gerald Lee,56,Database Administrator II,European,2,3,1,1
IND37253,Ruby Russell,38,Web Designer II,European,1,3,1,3
IND66559,Frances Harrison,81,Biostatistician I,African,2,2,1,4
IND62312,Peter Reid,80,VP Quality Control,Asian,1,1,1,4
IND59076,Matthew Morgan,21,Automation Specialist III,American,2,3,2,4
IND23792,Brian Lawrence,33,Data Coordiator,Australian,1,3,1,2
IND18657,Roger GoPKRales,20,Programmer Analyst I,European,2,0,1,4
IND55471,Margaret Carroll,24,Engineer II,European,1,3,1,1
IND28379,Jonathan Weaver,28,Office Assistant II,American,1,2,1,3
IND29049,Joe Garcia,36,Marketing Assistant,Asian,1,3,3,4
IND22892,Marie Medina,29,Database Administrator I,European,1,2,1,3
IND92064,Jean Crawford,29,Web Developer I,Asian,1,2,2,4
IND54924,Ralph Boyd,75,Environmental Tech,Australian,2,1,1,1
IND87020,Eugene Fuller,70,Software Engineer IV,European,1,3,2,4
IND70196,Teresa Nelson,44,Structural Analysis Engineer,African,1,0,3,4
IND95448,Gary Jenkins,62,Research Assistant IV,European,2,1,2,1
IND68024,Michelle Davis,26,Media Manager II,European,1,2,2,1
IND87284,Eugene Morales,79,Budget/Accounting Analyst II,Asian,2,2,1,3
IND60030,Roger Greene,30,Automation Specialist III,Australian,1,1,1,4
IND88473,Margaret Washington,84,Electrical Engineer,American,1,2,1,1
IND48318,Helen Bradley,40,Accounting Assistant IV,European,1,0,1,1
IND27796,Justin Day,26,Assistant Professor,European,2,1,2,4
IND91449,Jeremy Alexander,32,Human Resources Assistant I,European,2,0,1,3
IND19945,Jason Allen,84,Actuary,Asian,2,2,2,1
IND23675,Keith Price,45,VP Sales,European,2,2,2,1
IND27188,Harry Weaver,77,Web Developer II,Asian,2,3,1,1
IND76385,Christine Robertson,42,Software Engineer II,Australian,2,3,2,3
IND50214,Brenda Murray,67,VP Quality Control,European,2,2,1,1
IND86957,Patricia Burke,68,Accounting Assistant IV,African,2,1,1,4
IND96568,Donald Allen,36,Research Nurse,Asian,1,3,3,1
IND74432,Fred Richardson,28,Structural Analysis Engineer,Asian,2,1,2,4
IND71551,Larry Ward,53,Nurse Practicioner,European,1,2,1,1
IND85827,Frank Cruz,21,Human Resources Assistant III,European,2,3,1,1
IND20637,Craig Young,50,Engineer IV,European,2,2,1,1
IND37323,Jeffrey Adams,37,Geologist I,Asian,2,0,1,1
IND37456,Sean Weaver,24,Biostatistician II,Australian,1,3,2,3
IND34064,Gregory Reyes,62,Product Engineer,American,2,0,2,2
IND47756,Louis Hall,83,Software Test Engineer II,European,1,0,1,3
IND99980,Marie Alvarez,47,Programmer III,European,2,0,2,2
IND51488,Denise Mason,34,Director of Sales,American,2,1,1,3
IND20002,Sean Palmer,72,Automation Specialist IV,Asian,1,1,2,4
IND27704,Willie Henry,26,Human Resources Assistant II,European,1,2,1,4
IND18899,Jennifer Butler,42,Editor,Asian,1,2,1,1
IND40674,Andrew Hudson,48,Speech Pathologist,European,2,3,1,4
IND49390,Craig Morgan,52,Geologist I,Asian,1,2,2,1
IND58018,Louis Crawford,36,Staff Accountant IV,African,2,0,2,4
IND31659,Carlos Howard,33,Database Administrator III,Asian,1,0,2,3
IND62967,Joshua Riley,18,Research Assistant IV,European,2,1,1,1
IND85018,Sarah Porter,49,Staff Accountant IV,European,1,0,2,4
IND15294,Gregory Rivera,67,Dental Hygienist,European,1,3,1,1
IND76668,Russell Arnold,32,Accounting Assistant I,American,2,2,1,1
IND24384,Stephen Bennett,36,Database Administrator II,European,1,2,3,4
IND20755,Catherine Bell,30,Accounting Assistant I,American,1,2,1,4
IND70347,Timothy Ortiz,29,Nurse,Asian,2,0,2,1
IND84219,Jimmy Wright,37,Speech Pathologist,European,2,1,2,2
IND30192,Carolyn Alexander,28,Quality Engineer,European,1,0,1,1
IND27266,Christopher Murphy,55,Health Coach II,European,2,3,1,3
IND88327,Benjamin Alvarez,40,Budget/Accounting Analyst IV,European,1,3,2,2
IND27052,Amy Williams,38,Account Representative IV,Australian,2,1,1,4
IND58319,Jason Stone,77,Developer I,American,1,3,1,1
IND45051,James Sanchez,47,Developer III,American,2,3,1,2
IND12704,Laura Lawrence,78,Account Coordinator,European,1,3,2,2
IND80231,John Warren,40,Senior Developer,Asian,1,0,2,1
IND91902,Margaret Dixon,85,Office Assistant I,Australian,2,3,2,4
IND86434,Stephen Peters,65,Clinical Specialist,Asian,2,3,2,2
IND96193,Adam Murphy,54,Programmer IV,European,1,0,2,4
IND15796,Carl Nichols,36,Health Coach II,European,2,2,2,1
IND98793,Ruth Freeman,63,Help Desk Operator,European,2,1,3,1
IND34695,Steven Alexander,43,Automation Specialist II,American,1,3,2,4
IND16655,Thomas Ortiz,51,Help Desk Technician,African,1,1,2,1
IND18544,Nicholas Garcia,60,Software Engineer IV,European,2,3,2,1
IND32922,Nicholas Porter,33,VP Accounting,European,2,2,1,3
IND77237,James Fuller,28,Computer Systems Analyst IV,Asian,2,3,3,4
IND26295,Christine Ryan,20,VP Product Management,Asian,2,1,1,1
IND36962,Rose Cook,58,Electrical Engineer,European,1,2,2,3
IND32434,Jeremy Alexander,75,Quality Control Specialist,Asian,1,2,1,4
IND23721,Joan Williams,21,Automation Specialist II,Asian,2,2,1,3
IND23827,Mildred Willis,47,Marketing Assistant,Asian,1,3,2,1
IND30551,Brian Flores,46,Systems Administrator I,Australian,2,3,2,1
IND27518,Patricia Mitchell,57,Data Coordiator,European,1,1,1,1
IND45324,Louis Weaver,42,Software Consultant,Asian,2,2,1,4
IND47775,Edward Bell,23,Statistician I,Asian,1,2,1,1
IND64118,Julia Foster,83,Research Assistant II,European,1,1,1,4
IND69719,Jeffrey Campbell,67,Automation Specialist I,European,1,0,1,2
IND36598,Tammy Baker,79,Database Administrator II,American,2,0,1,1
IND91994,Rose Johnson,80,Systems Administrator III,European,2,0,1,1
IND74106,Jeffrey Carroll,52,Database Administrator I,European,2,0,3,1
IND70950,Anna Wilson,31,Professor,Asian,1,1,2,4
IND48642,James Parker,42,Software Consultant,American,1,1,2,3
IND30520,Betty Phillips,18,Developer II,European,2,1,1,2
IND94062,Kathryn Graham,76,Paralegal,American,1,2,1,1
IND89076,Debra Moreno,45,Systems Administrator I,European,1,3,1,2
IND44502,Charles Cole,30,General Manager,European,1,3,2,2
IND88994,Carol Stanley,53,Paralegal,Asian,2,1,2,1
IND64701,James Olson,64,Nuclear Power Engineer,Asian,2,2,2,1
IND23199,Earl Schmidt,30,Developer IV,Australian,1,1,3,3
IND26254,Timothy Holmes,41,Junior Executive,Asian,1,3,1,1
IND26157,Lois Foster,69,Account Executive,African,1,1,1,1
IND15640,Stephanie Ryan,20,Community Outreach Specialist,European,1,1,2,4
IND30423,Juan Bailey,27,Sales Associate,European,2,2,2,3
IND96496,Eugene Kelly,62,Account Representative III,European,1,0,1,1
IND86268,Douglas Jacobs,61,Biostatistician II,Asian,2,1,1,1
IND94102,Howard Carr,36,Account Representative IV,American,1,0,1,1
IND89960,Marie Burns,23,Technical Writer,African,1,1,3,3
IND16977,Phyllis Elliott,28,Research Assistant IV,African,2,2,2,2
IND49418,Jesse Hughes,38,Media Manager III,African,2,2,1,3
IND90745,Julia Alexander,18,Accounting Assistant IV,African,2,2,2,4
IND26350,Jack Rodriguez,79,GIS Technical Architect,Asian,1,0,1,1
IND13447,Marilyn Stewart,78,Programmer Analyst III,Australian,2,0,1,4
IND52771,Chris Greene,17,Software Test Engineer III,Asian,2,1,1,4
IND36809,Jack Kelly,58,Tax Accountant,Asian,1,0,3,2
IND79287,Sarah Harper,46,Junior Executive,European,2,0,3,1
IND28199,Jesse Wood,70,Staff Accountant IV,European,2,2,2,1
IND34414,Stephen Hamilton,33,Recruiter,European,1,1,3,4
IND36046,Billy Ford,55,Technical Writer,Asian,1,1,2,3
IND96031,Joe Owens,75,Sales Associate,African,2,3,1,1
IND43923,Robin Moore,76,Human Resources Assistant II,European,1,2,3,1
IND73608,Matthew Carter,27,Business Systems Development Analyst,Asian,2,3,1,4
IND31048,Irene Phillips,52,Database Administrator I,Asian,2,0,1,4
IND57498,George Palmer,27,Staff Scientist,European,2,2,1,4
IND79604,Gloria Ferguson,70,Statistician III,European,2,3,1,3
IND53269,Tammy Howard,30,Administrative Officer,American,2,2,1,4
IND28717,William Moore,31,Developer I,Asian,2,2,1,4
IND14040,John Carr,77,Cost Accountant,European,1,2,2,1
IND33384,Katherine Watkins,47,Design Engineer,European,2,2,1,3
IND43946,Aaron Ferguson,83,Assistant Manager,Asian,2,1,1,1
IND85232,Gary Perkins,76,Geologist I,European,2,3,1,2
IND43081,Gregory Meyer,28,Administrative Assistant IV,European,1,2,2,1
IND71997,Robert Gibson,83,Systems Administrator III,American,2,2,2,4
IND97485,Harold Ryan,45,Accountant IV,European,1,3,1,3
IND50522,Ronald Scott,69,Analyst Programmer,Asian,1,1,1,3
IND53714,Anthony Simmons,19,Financial Advisor,European,2,0,1,2
IND80089,Johnny Ryan,79,Marketing Assistant,Australian,1,3,1,2
IND62555,Mark Duncan,28,Media Manager III,European,2,3,3,2
IND34231,Joshua Turner,19,Programmer III,Asian,1,3,2,3
IND50427,Howard Frazier,76,Programmer I,Asian,1,3,3,1
IND93386,Richard Olson,65,Senior Developer,Asian,1,3,1,3
IND34216,Joseph Gilbert,31,Health Coach III,European,2,2,3,4
IND19004,Diane Montgomery,72,Research Nurse,American,2,1,3,1
IND68883,Richard Simpson,26,VP Accounting,Asian,2,0,1,1
IND54095,William Alvarez,44,Statistician III,European,2,3,3,2
IND38266,Denise Hayes,69,Budget/Accounting Analyst IV,European,2,2,2,1
IND20371,Kenneth Hayes,47,Administrative Officer,European,2,1,3,4
IND46101,Christopher Watson,54,Automation Specialist III,Australian,2,3,3,4
IND25443,Fred White,55,Director of Sales,European,1,2,1,3
IND87264,Anthony Ferguson,48,Web Developer IV,European,1,2,1,1
IND93571,Harold Young,29,Database Administrator II,Australian,1,1,1,1
IND62324,Bruce White,28,Engineer II,European,2,1,1,1
IND78256,Larry Coleman,49,Design Engineer,European,1,3,1,1
IND83513,Bobby Fowler,61,Database Administrator III,American,1,2,1,4
IND99892,Howard Clark,82,Engineer I,European,1,3,1,3
IND80022,Lois Sanchez,85,Geologist II,European,2,2,2,1
IND24501,Sean Dixon,63,VP Quality Control,European,2,2,1,3
IND93719,Kevin Warren,26,Product Engineer,Asian,2,1,3,2
IND19589,Jane Parker,49,Developer II,Asian,2,3,1,1
IND54576,Heather Day,70,Business Systems Development Analyst,Asian,1,2,1,1
IND47226,Steven Welch,56,Financial Advisor,Asian,1,1,2,3
IND33338,Samuel Carr,85,Software Consultant,American,1,3,1,4
IND24309,Daniel Marshall,52,Marketing Assistant,European,2,3,2,2
IND66827,Earl Hall,82,Accounting Assistant III,American,2,1,1,3
IND40556,Billy Williamson,44,Paralegal,European,2,1,2,3
IND72414,Victor Black,70,Statistician IV,American,2,2,3,1
IND46652,Andrew Ford,56,Human Resources Assistant III,European,2,3,2,1
IND40216,Amy Nguyen,79,Biostatistician III,American,2,1,1,1
