IND81288,34324,2019-06-05,BE01,75384.7734375,17677.94921875,1,484.540008544922,776242.9375,1485828.625,603617.875,607332.4375,12249.9599609375,1134475.25,1,2,1,1
IND65833,42205,2001-10-12,BE02,289834.3125,17398.919921875,1,2256.8798828125,1270615.375,641482.8125,229521.375,344635.15625,61162.30859375,2000526.125,1,3,2,2
IND47499,7314,2010-01-25,BE03,169935.234375,42825.8984375,2,4568.740234375,1052715.875,1033401.5625,652674.6875,203054.34375,79071.78125,548137.5625,1,3,3,3
IND72498,34594,2019-03-28,BE04,356808.125,5473.14990234375,2,4205,121195.0625,1048157.5,1048157.5,234685.015625,57513.6484375,1148402.25,0,4,4,4
IND60181,41269,2012-07-20,BE05,130711.6796875,48077.6015625,1,3779.48999023438,1048301.9375,487782.53125,446644.25,128351.453125,30012.140625,1674412.125,0,3,1,5
IND78532,13204,2019-07-02,BE06,118326.9609375,6028.2001953125,2,5148.56005859375,601902.5,1307269.375,745627.75,238310.375,15615.1796875,1556031,1,2,1,6
IND95683,42910,2002-02-06,BE06,57336.46875,13929.16015625,1,959.900024414063,208909.6875,41200.1796875,60588.5,24639.330078125,3045.78002929688,154111.625,1,1,1,7
IND40785,6127,2000-03-11,BE04,65125.80078125,31077.80078125,1,4576.580078125,1140704.75,156983.125,53889.73046875,46813.78125,51979.19140625,1171456.625,0,2,2,8
IND13570,32656,2015-07-04,BE07,87849.46875,9385.349609375,1,78.620002746582,803444.4375,1242347.25,328334.625,279528.125,27125.279296875,464560.28125,0,1,2,9
IND53299,28340,1995-11-20,BE08,65369.359375,27364.80078125,3,4836.85986328125,60027.8984375,317246.65625,111532.03125,115869.390625,48043.51953125,908583.9375,2,1,3,10
IND76263,40459,2014-10-18,BE09,74966.5078125,16928.73046875,1,493.320007324219,214327.8125,37979.76953125,19335.16015625,52204.921875,10539.7900390625,353119.9375,3,1,3,11
IND56452,25563,2005-12-09,BE10,111449.0625,17480.189453125,2,392.589996337891,580468.5,749007.9375,204991.65625,513425.25,22904.91015625,294397.84375,0,2,3,12
IND28766,35687,2018-03-17,BE11,115637.1875,10848.599609375,1,5055.31005859375,815250.625,616330.9375,208277.34375,138738.21875,6336.64990234375,972455.4375,3,1,3,13
IND17897,19554,1996-02-01,BE12,124434.78125,26146,2,5211.3701171875,984792.5,802863,263714.125,174051.3125,68855.4921875,835554.8125,0,2,3,14
IND86325,33368,2020-05-06,BE13,260795.34375,11584.6796875,1,2866.34008789063,310876.625,116399.859375,69072.453125,67077.0234375,48101.12890625,1136169.25,1,2,3,15
IND74197,27913,2021-06-01,BE14,78892.5234375,32369.7109375,1,4882.1298828125,1510860.625,317542.21875,134344.78125,71284.15625,20708.55078125,2283081.5,3,2,3,16
IND28503,9505,2014-06-22,BE15,257120.21875,16263.990234375,1,8614.0595703125,436988.4375,2446251.5,1273391.25,253337.828125,80698.2578125,1128082.125,1,3,4,17
IND56539,36232,2020-01-19,BE16,145704.546875,3078.27001953125,1,1895.06005859375,384153.375,55118.87109375,25590.900390625,64095.37109375,10492.3701171875,199617.8125,3,1,4,18
IND53604,6299,2019-03-31,BE17,34404.16015625,19668.400390625,2,5384.7001953125,1102836.125,204450.828125,89694.5625,35877.8203125,22452.060546875,1115542.5,3,1,3,19
IND32064,7694,2009-09-03,BE09,129060.8828125,17283.630859375,1,395.579986572266,1000409.3125,966281.3125,472404.21875,396819.53125,37271.05078125,1631986.875,2,4,1,20
IND72934,38321,2020-03-04,BE02,129981.3125,10242.83984375,2,2383.86010742188,373846.6875,38406.80078125,11024.169921875,25028.4296875,24422.099609375,441603.53125,2,1,2,21
IND16101,12772,2015-12-31,BE09,123545.421875,2984.52001953125,1,2789.43994140625,1400623.125,547459.75,324420.59375,42985.73046875,31481.779296875,1255331.5,3,2,3,22
IND93121,28661,2013-01-14,BE15,308182.9375,64332.66015625,1,4458.60986328125,649331.8125,103871.6328125,77431.578125,133711.125,12045.0703125,176113.984375,0,5,4,1
IND93310,8767,2021-05-23,BE18,122579.40625,10312.5400390625,1,4959.35986328125,963017.5625,1115098.125,368467.1875,721420,11782.2197265625,861771.25,1,2,1,2
IND71301,14954,2021-09-19,BE11,30942.0703125,4469.97998046875,1,3338.63989257813,276532.78125,132960.515625,108193.359375,22381.689453125,23955.900390625,622223.6875,0,1,1,3
IND21279,24058,2013-03-20,BE09,50651.55859375,8097.25,3,509.209991455078,278071.375,302540.59375,94771.75,153748.9375,16732.390625,430027.78125,3,1,1,4
IND98618,8623,2014-01-29,BE19,502309.09375,69381,2,10639.3095703125,1469913.25,1724818.25,507299.5,1168238.25,75592.25,2143826,0,4,2,8
IND35589,38270,2018-08-01,BE20,87019.7265625,11316.5,2,1253.68005371094,273944.5625,192711.78125,54150.421875,73580.859375,21530.91015625,772573.625,1,1,2,9
IND40198,29119,2005-05-24,BE21,246615.84375,35332,3,5835.259765625,622181.875,765153.5625,552072.8125,308192.25,29778.580078125,1078308.25,0,3,3,10
IND49616,31338,2016-08-22,BE22,130023.359375,15464.3798828125,1,219.190002441406,366887.125,447804.625,221138.078125,271999.84375,31010.830078125,787555.5625,0,1,3,11
IND55475,21778,2013-06-04,BE23,82703.8125,8635.669921875,2,8521.7998046875,842201.375,2098819.5,990288.0625,424345.84375,32253.439453125,272858.21875,3,4,3,12
IND61272,34773,2020-10-12,BE24,137256.09375,18322.919921875,2,1050.56005859375,1035297.6875,976553.1875,180073.640625,471515.90625,34284.828125,469532.28125,0,1,3,13
IND33884,29287,2021-05-29,BE25,224640.75,57090.71875,3,3550.73999023438,1091959.5,828226.5,532945.75,127330.828125,61733.23828125,454281.875,1,3,3,14
IND53121,29278,2021-02-15,BE26,147292.90625,24297.419921875,1,4097.6201171875,105266.6484375,187826.40625,35438.94140625,70287.2421875,7805.91015625,1112746.5,3,1,3,15
IND25680,99,2017-09-25,BE27,263248.96875,47651.76171875,2,7069.16015625,693956.25,1420246.25,554930.6875,235234.171875,1624.18994140625,2518271.75,3,3,3,1
IND55454,20746,2017-11-28,BE28,193690.9375,11655.5400390625,2,3610.419921875,50809.390625,342138.3125,255463.265625,174627.40625,4469.1298828125,626121.875,2,2,4,2
IND96454,15809,2014-05-03,BE29,91243.046875,37750.71875,3,6660.85009765625,122158.609375,2137439.25,639548.75,1273038.625,12504.169921875,411062.28125,2,3,4,3
IND14292,30376,2005-12-13,BE05,162807.390625,70394.3984375,1,811.960021972656,709300.6875,1667444.125,517118.75,274495.09375,2337.77001953125,270162.9375,2,4,3,4
IND67206,38915,2012-01-13,BE23,193729.9375,44815.4609375,2,2062.14990234375,66053.90625,684295.0625,337704.0625,534461.0625,47911.890625,992911.875,2,3,1,5
IND90177,5659,2006-08-11,BE18,131497.09375,15962.66015625,1,3127.86010742188,57219.8984375,725666.625,233012.203125,506302.25,21798.3203125,498564.84375,0,1,2,6
IND60970,28045,2001-12-23,BE25,319205.90625,49416,1,9.55000019073486,0,309361.9375,360077,135307.8125,17710.51953125,945484,3,4,3,7
IND24003,16845,2020-02-28,BE23,44088.51171875,32418.880859375,2,2795.52001953125,1485747.375,396706.90625,153723.9375,55588.55859375,40504.26171875,717420.3125,1,2,4,8
IND87800,20816,2008-01-24,BE22,420683.65625,24472.55078125,1,1011.55999755859,820479.875,1818216.125,683649.25,886562.1875,14157.73046875,1549847.625,1,3,1,9
IND75987,30025,2006-11-12,BE10,32062.51953125,19653.48046875,1,1612.81994628906,231528.625,140280.046875,170536.53125,109748.5078125,5492.47021484375,352732.71875,0,1,1,10
IND70083,12219,2016-08-28,BE28,92487.6484375,23690.509765625,1,2199.17993164063,560657.25,208470.984375,49811.6484375,134675.953125,5026.4501953125,407139.6875,2,1,1,11
IND31444,33457,2020-01-31,BE18,130572.5078125,49441.921875,1,3225.22998046875,120782.421875,370436.78125,206472.953125,264528.28125,17000.189453125,854418.25,0,2,2,12
IND70450,31049,2021-07-21,BE16,54753.75,5311,1,1408.33996582031,80386.109375,11363.75,14158.1103515625,4470.97998046875,8745.7197265625,390608.625,1,1,2,13
IND47520,3444,2020-03-16,BE20,180214.796875,9226.349609375,2,587.710021972656,791256.5625,1988033,460993.15625,783688.375,36763.44921875,1991318.125,2,2,3,14
IND69076,3711,1996-12-11,BE01,52826.78125,26160.4609375,2,2617.61010742188,385480.4375,295345.625,277114.40625,86634.7109375,20544.69921875,71268.328125,2,1,3,15
IND53190,30998,2007-02-01,BE30,43622.87890625,19416.400390625,1,229.899993896484,39047.140625,192729.765625,87604.4375,223391.3125,16286.599609375,237137.34375,0,1,3,16
IND58356,3113,2018-09-01,BE31,142841.265625,5405,1,3431.38989257813,508939.375,527832.8125,450589,171867.515625,12316.330078125,542464.5,0,2,3,17
IND33691,30551,2009-07-04,BE06,90437.65625,12737.400390625,3,2830.36010742188,573366.1875,202406.3125,101203.15625,80786.5234375,9723.8701171875,704110,2,2,3,18
IND20398,16593,2008-09-29,BE32,32301.470703125,5597.39990234375,1,1751.42004394531,310657.96875,74293.46875,64447.3515625,14035.2001953125,13795.2802734375,579453.8125,1,1,3,19
IND54314,24168,2007-01-01,BE33,293419.0625,16443.25,1,4496.6298828125,2183384.75,1490773.75,634781.0625,281227.25,399.200012207031,1633759.25,2,4,3,20
IND74305,25730,1999-11-12,BE34,55011.83984375,14206.2001953125,1,3955.06005859375,479936.375,1209655.625,474674.96875,299657.71875,43547.80078125,698612.5,3,1,4,21
IND37195,10528,2015-04-16,BE30,77971.4609375,7820.39990234375,1,856.210021972656,478157.90625,61042.62109375,29222.529296875,25358.66015625,24984.349609375,487689.4375,0,1,4,22
IND52609,30762,2005-09-07,BE29,84111.5078125,18940.380859375,1,156.669998168945,304608.1875,130415.953125,61947.578125,84900.78125,3455.21997070313,356683.9375,3,1,1,1
IND26283,95,2006-04-21,BE21,98369.2890625,3050.25,1,1441.89001464844,213195.0625,376150.25,235795.6875,198629.796875,23821.779296875,312562.625,3,2,2,2
IND61913,10119,2012-08-30,BE35,243490.734375,63872.76171875,1,5578.33984375,1045569,428657.4375,214328.734375,382765.875,32217.390625,1105110.375,1,3,3,3
IND35876,28105,2006-09-27,BE17,72431.34375,34975.16015625,1,5303.5,1210753.125,205810.1875,127568.2890625,29765.9296875,25402.349609375,1532523.5,0,2,4,4
IND19011,33271,2003-07-11,BE12,456004,25171.19921875,2,7969.4599609375,1248952.375,1050537.375,674555.5625,237200.265625,71113.7734375,1347657.875,2,4,1,8
IND86703,11172,2018-02-16,BE36,71422.0390625,32993.51953125,1,4253.33984375,315175.40625,38234.01953125,33404.4609375,7799.740234375,38428.48828125,813247.125,2,2,1,9
IND23640,18659,2018-02-04,BE28,39077.37890625,14707.6796875,2,1305.38000488281,1187138.875,717787.6875,144670.390625,242934.96875,11997.9296875,1231614.25,0,2,1,10
IND93407,18123,2010-04-16,BE25,274099.125,26051.759765625,2,2461.93994140625,563101.9375,0,0,0,4870.240234375,520918.5,3,2,2,11
IND40136,27140,2019-09-25,BE18,260826.75,53468.1015625,3,270.600006103516,804360,529324.3125,295539.40625,106261.8515625,46060.05859375,296849.1875,0,3,2,12
IND76215,18521,1999-07-01,BE37,334331.8125,18591.75,2,1029.30004882813,164253.296875,641260.125,500709.96875,396615,46006.4296875,1094810,1,3,3,13
IND93216,40585,2012-11-02,BE38,61398.26171875,20668.939453125,1,550.75,360003.875,277273.40625,305000.75,109324.9375,2850.72998046875,118884.96875,2,1,3,14
IND54572,4749,2007-11-04,BE31,63246.30078125,18575.69921875,1,2914.17993164063,448652.6875,537205.5,362849.34375,93209.8671875,17124.279296875,237993.703125,0,1,3,15
IND18649,7639,2019-03-24,BE20,158091.859375,33824.44140625,3,1080.03002929688,207662.765625,177146.4375,177146.4375,70553.1484375,17133.58984375,235133.6875,0,2,3,1
IND51790,6517,2016-10-09,BE27,131729.84375,6664.06005859375,2,6215.33984375,863722.125,359436.78125,161746.5625,166059.796875,41209.8203125,506592.09375,2,2,3,2
IND17740,38743,2011-06-18,BE17,116926.9375,18431.279296875,2,3828.19995117188,1049088.875,463600.46875,200893.53125,58413.66015625,7382.33984375,1299697.25,1,2,3,3
IND49489,4567,1995-09-08,BE29,148224.71875,27518,2,27.8099994659424,302048.90625,73076.6171875,28675.630859375,52337.66015625,17272.560546875,456098.90625,3,1,3,4
IND50658,36151,2021-08-24,BE39,348248.5625,65026,1,3435.36010742188,1369215.625,450525.375,124963.2421875,169226.546875,6690.97021484375,2698297.75,0,3,4,5
IND14798,21413,2014-09-24,BE14,19637.779296875,9527.23046875,2,78.1399993896484,24331.26953125,150917.765625,83660.9375,40993.859375,17286.259765625,100054.71875,0,1,4,6
IND60926,7197,1995-12-13,BE31,150304.484375,7326.43994140625,1,767.059997558594,523866.09375,363305.25,199374.828125,224185.921875,33854.21875,607800.0625,1,2,1,7
IND57710,27256,2003-05-11,BE15,52109.12890625,14277.0498046875,1,209.679992675781,205552.046875,329191.59375,116949.640625,88665.15625,6681.6201171875,1148304.5,1,1,2,8
IND71795,21290,2007-08-23,BE40,156091.75,20609.0390625,3,382.869995117188,707577.875,435466.03125,112495.390625,252896.890625,35301.62109375,837133.625,2,1,3,9
IND98220,3957,2020-01-24,BE08,338383.125,57267.05078125,1,3505.86010742188,1565513.75,730384,497152.15625,144603.765625,74778.171875,884890.5625,1,4,4,10
IND91662,39668,2019-02-21,BE33,198553.59375,20851.740234375,1,5581.31005859375,414518.5625,1144704,696263.25,570935.875,40208.75,1522411.25,3,4,1,11
IND18901,374,2002-05-11,BE36,190119.9375,47110.05078125,1,3525.2099609375,527884.125,99616.3671875,122860.1875,23741.900390625,6920.93994140625,136723.46875,1,2,1,12
IND49888,31302,2003-01-26,BE12,147956.796875,52216.51953125,1,2977.86010742188,701005.5625,720211.875,302231.75,279467.90625,23058.9609375,1504310,3,2,1,13
IND76081,23190,2010-02-01,BE29,91071.75,33111.5390625,1,8062.64990234375,677123.9375,558283.3125,298923.34375,147703.296875,7880.759765625,1554535,0,2,2,14
IND93705,18488,2020-10-28,BE41,96545.3671875,23191.740234375,1,3386.44995117188,1104753,1268891,630243.875,252097.546875,39556.05078125,1941061.875,3,2,2,15
IND52847,8566,2015-06-19,BE35,63765,11354,1,2644.75,1012372.6875,1568405.375,541210.3125,478805.4375,62053.2890625,1665045.875,3,2,3,16
IND24592,10123,2007-09-18,BE25,191715.40625,31923.720703125,1,1296.44995117188,402401.84375,269460.6875,316098.125,121257.3203125,19337.2890625,673780.4375,0,2,3,17
IND31656,633,2012-01-28,BE38,218312.265625,21480.880859375,2,5886.56005859375,1757313,1099352.875,389770.5625,402363.125,30773.91015625,735797.5,1,5,3,18
IND85060,8325,2006-02-15,BE39,157167.46875,31498.25,1,1909.30004882813,597244.5,262988.53125,128881.796875,51169.55859375,42714.80078125,836453.625,3,1,3,19
IND89139,23184,2014-09-07,BE11,101929.59375,13019.2998046875,1,1163.81005859375,614181.3125,445914.25,137911.625,373280.78125,12590.01953125,516128.9375,3,1,3,20
IND81423,24727,2009-01-03,BE28,40985.48828125,19729.5,3,646.130004882813,358194.375,186144.375,114664.9375,37333.12109375,13412.6298828125,222160.875,1,1,3,21
IND85541,9136,2018-12-09,BE27,109218.703125,6820.7998046875,1,2767.30004882813,587928.75,198995.4375,128873.2265625,68530.2421875,13413.7900390625,566786.3125,2,1,3,22
IND59219,10186,2014-10-30,BE36,174258.515625,34182.51953125,1,5185.77978515625,648432.6875,1125389.625,830895.1875,198783.78125,36318.328125,452950.78125,3,3,4,1
IND43444,33070,2018-11-14,BE21,74059.2265625,14702.599609375,2,1361.56005859375,374816,384271.0625,216865.84375,124336.40625,8446.400390625,962932,2,1,4,2
IND85299,2874,2019-07-22,BE21,158874.140625,38794.28125,1,2366.28002929688,261364.765625,127418.4765625,101648.453125,46915.76953125,40839.4609375,334072.21875,0,2,1,3
IND58136,18759,2020-10-01,BE42,71958.8984375,13998.900390625,1,2756.830078125,124510.609375,199185.625,120782.7734375,81093.96875,15957.5302734375,639874.9375,1,1,2,4
IND35725,29867,2012-02-11,BE33,189074.1875,13258.419921875,1,4138.77978515625,291504.5625,247346.4375,81405.15625,162184.125,11482.6201171875,358381.375,3,3,3,8
IND15648,12708,2005-06-01,BE10,74408.6875,28689.619140625,2,494.760009765625,24949.099609375,188138.625,218375.1875,61145.05078125,12141.51953125,326434.34375,2,1,4,9
IND48116,2134,2019-06-06,BE02,447928.0625,42888.80859375,1,3074.92993164063,841124.625,611852.1875,222491.703125,457697.21875,33497.73046875,347546.25,3,5,1,10
IND28531,449,2001-08-20,BE26,309939.21875,51303.6015625,2,10999.169921875,1198037.875,1457194.625,691706.3125,145258.3125,44952.26171875,3619311.25,3,4,1,11
IND45135,27123,2011-02-22,BE21,151227.359375,25749.75,1,397.399993896484,455965.0625,212193.8125,276609.8125,79800.03125,13699.1103515625,796820.25,2,2,1,12
IND72586,31328,2016-08-11,BE24,401412.65625,48428.1484375,2,3172.64990234375,1511484.75,827446.875,498247.5625,399309.84375,51370.21875,155806.109375,3,5,2,13
IND80929,12694,2021-10-20,BE11,263452.25,17416.80078125,1,3107.15991210938,0,687595.125,297957.875,507980,16429.390625,980875.6875,2,2,2,14
IND40714,40567,2004-10-05,BE43,404760.25,41342.33984375,2,4733.35009765625,1022752.875,425498.09375,212749.046875,145323.953125,64179.7109375,477400.9375,0,3,3,15
IND48405,5800,2004-12-19,BE27,122608.890625,31945.220703125,1,226.910003662109,248995.765625,167320.359375,182304.28125,54616.359375,24666.310546875,166961.625,2,2,3,1
IND52634,25890,2008-10-12,BE06,72688.953125,5604.02001953125,1,2577.26000976563,44247.12890625,47024.48046875,16596.869140625,24784.669921875,24564.970703125,362233.8125,1,1,3,2
IND18163,31222,2020-05-18,BE17,96295.609375,23986.830078125,1,1323.88000488281,311472.625,193153.03125,136197.65625,60174.6015625,21291.849609375,396610.1875,2,2,3,3
IND94008,32556,1996-12-14,BE39,127182.6875,10617.08984375,3,3142.38989257813,92065.3671875,781027.6875,183771.21875,567065.5,24086.650390625,613018.8125,2,1,3,4
IND53034,28065,1996-05-19,BE44,86309.171875,19088.419921875,1,954.950012207031,184129.953125,136811.359375,39799.671875,71888.1484375,11832.6796875,506381.3125,2,1,3,5
IND91806,18610,2021-04-04,BE04,39039.16015625,35780.30078125,1,1286.88000488281,429795.625,217684.78125,110466.8984375,253034.1875,13282.16015625,83301.84375,2,2,3,6
IND25702,15463,2015-06-12,BE22,302021.9375,5907.2001953125,3,825.52001953125,1259346.375,462110.28125,75017.8984375,137282.765625,23172.4296875,2366879.75,1,2,4,7
IND67912,29994,2003-08-21,BE01,274381.4375,26955.98046875,1,4251.72021484375,665570.3125,1124343.25,488444.21875,424485.6875,47412.87109375,1827431,2,2,4,8
IND76171,22631,1996-06-17,BE09,122710.8984375,20009.16015625,1,4783.5498046875,763332.625,129332.34375,48804.66015625,76867.328125,14130.26953125,334266.15625,2,2,1,9
IND34798,41743,2020-02-14,BE18,120617.671875,15025.6796875,1,1932.43005371094,575222.3125,588831.4375,455869.5,122324.9765625,16839.349609375,970188.125,2,1,2,10
IND93920,23157,2016-11-11,BE34,108847.46875,7393.47021484375,1,2935.22998046875,129402.671875,257681.3125,177419.921875,294010.15625,18533.779296875,640916.375,3,2,3,11
IND18628,3323,2021-01-29,BE26,93309.6015625,22124.69921875,2,937.309997558594,695931.25,858197.375,319474.9375,168820.578125,30101.0390625,935708.8125,3,1,4,12
IND42134,37517,2006-11-27,BE41,131076.390625,13731.4404296875,1,6092.06005859375,256672.859375,325915.34375,109714.0703125,159730.796875,53942.1015625,1750716.5,2,3,1,13
IND92265,29835,2001-04-21,BE28,83441.3203125,2173.28002929688,1,862.349975585938,322636.125,198962.546875,37398.96875,133514.34375,1917.32995605469,432785.25,1,1,1,14
IND77317,14844,2021-04-08,BE17,359386.375,4756.080078125,1,2420.8701171875,1546378.375,1190649.75,872458.875,163201.125,75357.3984375,168061.171875,2,3,1,15
IND60176,41105,2011-07-31,BE30,113118.5703125,12160.5,2,1536.5400390625,641964.6875,1029868.125,340871.84375,349792.53125,6328.91015625,433718.34375,3,1,2,16
IND51597,26593,2008-10-07,BE45,110102.3203125,12255.5400390625,1,1513.51000976563,37756.80078125,136175.34375,151887.890625,91289.859375,5837.490234375,469924.53125,1,2,2,17
IND33238,26406,2004-07-08,BE01,343198.65625,27522.880859375,1,4049.92993164063,140800.984375,758995.4375,582243.0625,306509.375,11408.9404296875,637395,0,3,3,18
IND18364,14468,2021-04-06,BE36,139310.3125,37632.8984375,3,2109.05004882813,252780.625,94179.5390625,113664.96875,26792.4609375,10164.2802734375,303349.125,2,2,3,19
IND92467,41694,2017-01-30,BE02,89269.828125,18376.19921875,3,329.220001220703,32037.080078125,199933.90625,199933.90625,152113.65625,1727.52001953125,154043.359375,3,1,3,20
IND60476,37286,2011-08-03,BE16,75161.90625,13911.240234375,2,2286.76000976563,557461.25,25563.150390625,16645.76953125,11901.73046875,18131.51953125,491968.84375,3,1,3,21
IND61025,11151,2000-10-08,BE13,124589.3671875,23297.5390625,1,468.200012207031,124046.9921875,346256.75,400359.375,129413.4609375,22425.849609375,717391.375,0,2,3,22
IND55955,20600,1999-04-14,BE16,435632.15625,37078.859375,1,3008.919921875,424214.25,71187.9375,76882.96875,56978.8203125,10069.150390625,961426.375,0,4,3,1
IND75964,22925,2018-10-09,BE31,88221.8203125,12126.9501953125,1,5284.58984375,918742.125,542037,348097.15625,156643.71875,15380.76953125,1451850.5,3,2,3,2
IND17939,18807,2001-04-17,BE03,48788.1484375,30341.939453125,1,872.320007324219,1099020.5,1385972,511219.1875,337404.65625,53970.25,536373.75,1,2,4,3
IND49363,41568,2021-08-23,BE31,324199.84375,27648.390625,1,365.059997558594,557907.875,507996.375,369451.90625,74814.0078125,12758.3603515625,359677.6875,3,3,4,4
IND93355,15256,2003-07-08,BE30,282658.5,30651.240234375,1,10127.2802734375,436116.46875,989380.375,512232.40625,227346.984375,57308.33984375,588222.3125,1,2,1,8
IND65845,8942,1999-01-01,BE44,274736.5625,45424.80078125,2,641.869995117188,702014.6875,147575.125,105053.4765625,139270.90625,30227.919921875,865724.125,0,2,2,9
IND26284,31544,2005-07-06,BE15,147339.859375,27029.669921875,1,3638.14990234375,245108.4375,149314.453125,121975.1796875,53879.37890625,4424.419921875,959192.1875,0,2,3,10
IND24774,15098,2021-01-11,BE24,81683.4375,23580.900390625,2,2171.31005859375,418824.875,959454.4375,644753.375,73686.1015625,37787.75,742030.1875,1,1,4,11
IND12731,26908,2002-04-01,BE17,76005.296875,40640.6015625,2,5570.89990234375,495739.90625,606032.75,399981.59375,103025.5625,30266.720703125,172313.9375,0,2,1,12
IND93115,14612,2003-12-15,BE12,206026.5625,3094.19995117188,2,2470.82006835938,818737.3125,630729.875,411037.46875,357177.375,23541.919921875,256471.125,3,2,1,13
IND85411,33602,1996-10-29,BE37,288440.8125,5937.1201171875,1,1909.77001953125,397326.40625,265216,168773.8125,263367.53125,15874,654569.8125,2,2,1,14
IND58620,5929,2006-09-23,BE46,57825.3203125,47025.140625,2,3151.38989257813,627597.9375,972403.5625,395038.9375,328186.1875,73866.703125,1634407.25,2,2,2,15
IND86466,30879,2002-10-12,BE24,412837.03125,62194.6015625,1,7104.7099609375,927808.3125,1251565.625,441729.03125,428967.96875,104897.640625,958339.0625,0,5,2,1
IND67594,40787,2016-03-11,BE47,130272.5234375,20605.369140625,3,1928.39001464844,230291.875,124809.2890625,82050.546875,32508.19921875,34351.1015625,985553.25,0,1,3,2
IND34060,25142,1999-12-22,BE32,360800.21875,18238.48046875,1,526.419982910156,338782.78125,34504.44921875,45616.05078125,8748.9296875,27404.41015625,520344.875,2,3,3,3
IND93556,5443,2015-05-14,BE32,35234.55078125,15378.900390625,3,3792.07006835938,144620.703125,441638.9375,115353.4609375,257073.421875,23225.94921875,387030.3125,0,1,3,4
IND98512,34042,2011-08-17,BE26,95828.9375,9459.7900390625,2,1871.16003417969,312519.53125,267545.78125,93925.6484375,236464.9375,2184.53002929688,824674.125,0,1,3,5
IND52571,37025,2003-02-25,BE28,146788.5,39834.5,1,2397.23999023438,122986.1875,640602.9375,367870.96875,223767.046875,27457.359375,1002791.625,3,2,3,6
IND37643,30085,2010-10-13,BE37,70386.8203125,49752.78125,1,4733.41015625,1229595.625,325521.1875,190930.703125,86670.0234375,39190.01171875,1637999.5,3,2,3,7
IND54218,20483,2020-07-23,BE48,54632.69921875,6161.39990234375,1,833.75,60365.859375,90680.4609375,34781.55078125,76916.8984375,6030.41015625,412083.0625,3,1,3,8
IND61793,40266,2020-07-09,BE21,390608.46875,51660,2,6590.60986328125,1303392.75,81313.25,54839.171875,36534.23046875,35486.3515625,1703047.625,2,4,4,9
IND36608,5278,2016-11-28,BE01,209330.6875,12650.7900390625,1,2424.3798828125,469557.5,185097.765625,157333.09375,105814.21875,62.5900001525879,187166.546875,2,2,4,10
IND48488,1920,2005-07-19,BE48,112683.7265625,5161.2001953125,2,5247.14990234375,832861.8125,1070053.625,716470.6875,173348.6875,26418.7890625,1165505,1,2,1,11
IND67225,8973,2020-12-21,BE05,231396.28125,40382.640625,2,757.409973144531,113522.5703125,569570.5625,577946.625,251867.453125,6840.2001953125,1228111.125,1,2,2,12
IND82919,26692,2015-06-28,BE33,49986.8515625,19271.4609375,1,3557.98999023438,181563.1875,94786.2890625,28061.73046875,38070.41015625,14690.76953125,191065.765625,2,1,3,13
IND77016,27671,2013-03-13,BE34,179434.375,4757.759765625,3,3449.09008789063,391545.21875,224823.625,284776.59375,95325.21875,9890.2998046875,730708.25,0,2,4,14
IND75034,569,2011-05-30,BE23,111485.6015625,15780.759765625,2,1768.31994628906,109518.6875,386551.75,206941.84375,190855.046875,42470.6015625,810263.1875,1,2,1,15
IND90860,43235,2000-01-20,BE14,131121.984375,33075.98828125,1,4267.35009765625,738628.0625,628660.1875,487211.65625,352364.03125,10644.0703125,968501.5,1,2,1,16
IND73867,17602,2019-09-25,BE35,224722.40625,19388.05078125,2,690.580017089844,1398447,378083.15625,191631.203125,69349.78125,75949.3515625,1531982.625,1,2,1,17
IND27930,1542,1995-06-26,BE15,82651.2421875,9350.6396484375,1,1039.58996582031,172491.890625,780674.5625,223049.875,229271.796875,2813.18994140625,285502.46875,2,1,2,18
IND35620,33139,2019-08-30,BE15,21090.759765625,4114.31982421875,2,1386.56005859375,149157.796875,60794.5,27357.51953125,34044.921875,19680.189453125,427414.1875,2,1,2,19
IND91353,7074,2007-06-21,BE18,337249.375,19296.69921875,1,2617.080078125,484229.71875,678377.5625,196948.328125,413153.84375,52707.37890625,1545597.25,1,4,3,20
IND97689,39015,2018-06-21,BE39,107655.5234375,38404.01953125,1,1045.18005371094,624915.3125,405753.40625,171664.90625,428694.09375,1194.27001953125,655845.6875,0,2,3,21
IND77331,35870,2005-10-23,BE49,224839.0625,4873.509765625,2,3693.3798828125,816590.4375,469279.75,373833.03125,446849.75,25010.4609375,490030.5,0,3,3,22
IND71401,35626,2015-03-20,BE31,84089.46875,8018.39990234375,1,1815.03002929688,237269.0625,28379.41015625,33734.01171875,20010.16015625,602.739990234375,243516.78125,2,1,3,1
IND66104,41002,2002-08-09,BE10,246327.375,28068,1,2661.56005859375,878592.9375,74747.859375,46607.48828125,39677.921875,48436.609375,462837.75,0,3,3,2
IND36471,40756,2012-04-01,BE43,157380.5,4309.759765625,1,691.739990234375,1017636.3125,1236148.375,658677.5625,170534.328125,46020.328125,1144712.125,2,2,3,3
IND81572,34514,2012-06-21,BE09,94278.1875,19980.75,2,628.530029296875,135261.875,908877.6875,376851.71875,797373.9375,24220.55078125,1013471.4375,2,3,3,4
IND94055,38941,2012-11-29,BE41,439472.875,36385.94921875,2,917.320007324219,858150.9375,329460.1875,173400.09375,312120.15625,16741.08984375,535785.3125,0,4,4,8
IND88778,785,2018-01-25,BE43,309468.8125,24993.150390625,1,1974.35998535156,801630.5,822290.125,590771.5625,240779.3125,60404.96875,1488976.75,1,2,4,9
IND68221,2845,2001-12-15,BE49,384142.65625,34698.55859375,1,4193.47021484375,572900.875,270551.96875,145681.828125,197156.078125,47953.37109375,193773.28125,1,3,1,10
IND58681,27591,1995-06-11,BE21,107365.6171875,14408.16015625,3,2695.39990234375,172396.96875,137641.65625,74358.140625,75465.6015625,9218.4404296875,402594.375,2,1,2,11
IND54970,42186,2018-08-22,BE27,128148.7109375,12681.240234375,1,1332.05004882813,121833.5625,34050.76171875,46031.578125,14641.830078125,12705.66015625,383125,3,1,3,12
IND26450,11094,2003-06-24,BE38,208965.84375,53907.62109375,1,5767.77001953125,511241.4375,557088.3125,432689.9375,67066.9375,39350.76171875,227001.453125,1,3,4,13
IND28733,9369,2017-09-06,BE36,50054.16015625,4521.89990234375,3,389.450012207031,276227.71875,91304.2421875,39311.55078125,55999.9296875,11444.98046875,43473.890625,2,1,1,14
IND91334,36619,2013-03-10,BE38,29125.259765625,28117.390625,2,4248.2998046875,723573.6875,285173.375,151436.90625,53376.58984375,24406.009765625,406859.75,2,1,1,15
IND61397,26887,2021-04-28,BE42,60970.2890625,18932.48046875,2,707.109985351563,196012.671875,502813.34375,306060.28125,120675.203125,23474.76953125,293613.78125,1,1,1,1
IND65691,32480,2004-11-05,BE08,133180.875,27623.4609375,1,4027.35009765625,510992.6875,691698.9375,145620.828125,359475.4375,15138.4697265625,670259.875,2,1,2,2
IND19666,29591,2019-02-07,BE10,71186.0390625,13756.8603515625,2,4363.009765625,1267067.375,453483.46875,241658.953125,31743.83984375,73828.5,752241.875,2,3,2,3
IND76794,37248,2000-04-18,BE11,111956.46875,24675.669921875,1,1971.89001464844,556782.5625,258024.28125,246023.15625,56705.33984375,17993.5703125,567031.75,1,1,3,4
IND77195,25436,2011-09-17,BE30,175192.75,50740.23828125,1,2620.98999023438,777960.375,1118146.5,396433.78125,657266.875,11312,1117329.5,3,2,3,5
IND36167,3002,2018-03-09,BE10,148469.0625,43771.51953125,1,513.369995117188,96667.8984375,253711.484375,284331.84375,107171.2265625,26628.76953125,716626.125,3,2,3,6
IND76489,13507,2002-04-19,BE27,288372.6875,7674.7998046875,1,4381.43994140625,1369221,297694.65625,64500.51171875,192757.296875,63160.44140625,1068170,3,2,3,7
IND23438,19568,2008-08-11,BE15,266530.8125,21990.30078125,1,447.049987792969,467686.8125,834515.625,219609.375,388708.59375,9180.9296875,985045.4375,2,2,3,8
IND82705,26899,2012-06-09,BE23,78054.2109375,18705,1,2462.6201171875,443193.1875,698949.375,143374.234375,335137.28125,38769.58984375,768206.0625,0,1,3,9
IND67912,34075,2021-04-27,BE48,189555.9375,22685.01953125,2,1723.33996582031,457331.90625,64132.44140625,28963.0390625,72986.859375,41997.1484375,1220065,3,5,3,10
IND33202,41599,2019-05-03,BE25,58989.69921875,11962.080078125,1,1451.77001953125,238669.578125,840089.625,154753.359375,266617.9375,34111.48828125,0,0,1,4,11
IND19321,15899,2021-04-14,BE10,192727.1875,19953.69921875,1,4306.7099609375,703469.375,1110950.25,498986.15625,243373.4375,35074.140625,1713942.75,3,2,4,12
IND81583,23770,2019-01-20,BE42,258577.765625,37668.71875,1,1672.26000976563,372833.03125,502106.34375,222524.40625,379375.5625,40969.1015625,479087.53125,1,2,1,13
IND46105,9970,2015-05-26,BE45,456100.03125,57323.62890625,1,2551.94995117188,348975.03125,461512.75,363616.125,265160.0625,28117.689453125,1345870.75,3,4,2,14
IND21098,8380,1996-12-11,BE41,238781.125,38376.421875,1,4957.83984375,916634.5625,1211730.5,976443,113996.78125,12450.75,285914.625,2,2,3,15
IND47710,9302,2002-02-08,BE28,339802.5625,59287.12890625,1,5457.240234375,389702.53125,254722.4375,265049,63336.390625,36141.73046875,1023580.25,0,3,4,16
IND42043,26207,2003-07-15,BE04,138500.6875,31907.83984375,1,3299.67993164063,777274.75,2426965,439887.375,807724.25,101659.0078125,1868307.625,0,3,1,17
IND49707,22194,2012-12-22,BE49,385028.625,30937.599609375,2,3364.86010742188,926133.75,436763.03125,252503.625,352549.65625,3252.21997070313,225850.875,1,3,1,18
IND27394,10683,2019-11-21,BE10,147230.171875,19263.880859375,1,116.050003051758,431461.625,86604.90625,53923.80859375,67878.640625,17677.44921875,504046.5,0,2,1,19
IND86832,26420,2020-05-28,BE25,131962.796875,10259.669921875,1,4450.75,547003.75,561714.625,236175.46875,458435.75,11136.9697265625,973558.9375,0,2,2,20
IND34869,362,2004-03-20,BE24,173052.0625,35318.51953125,3,5.73999977111816,85486.2578125,289060.875,152413.9375,76154.40625,11728.349609375,980616.875,0,2,2,21
IND24876,34051,2007-03-05,BE03,144729.34375,30974.7890625,1,9300.759765625,546156.3125,399326.75,128730.328125,80390.78125,55348.3203125,1594072.125,1,2,3,22
IND87901,9512,2001-06-02,BE28,259866.828125,29786.740234375,1,1128.64001464844,442798.125,968239.875,746166.5,163445.984375,41568.05078125,372524.6875,2,2,3,1
IND56584,24308,2008-09-23,BE42,277568.28125,5312.5,1,3295.40991210938,1238071.875,389773.125,287201.25,108315.90625,46840.6484375,906190.25,2,4,3,2
IND43476,34405,1996-08-11,BE27,105030.5,3942.8798828125,2,3290.86010742188,520453.40625,887296.875,184853.515625,327806.90625,4826.85009765625,718061.5625,3,1,3,3
IND92423,33113,2011-05-31,BE09,46666.1484375,18698.849609375,1,4987.7998046875,892919.8125,1138431.25,468290.875,403537.5625,15969.099609375,185979.5625,1,2,3,4
IND64291,23179,1995-01-27,BE34,36972.05859375,9079.6796875,1,3727.73999023438,117948.3984375,1192095.125,509524.53125,424731.96875,32780.0390625,986870.1875,1,2,3,8
IND49463,4961,2015-01-20,BE18,26263.140625,6226.56005859375,1,3576.77001953125,210488.515625,272517.78125,144644.046875,53287.7109375,3155.36010742188,141708.734375,0,1,3,9
IND58198,38329,2021-06-09,BE23,150128.796875,4140.919921875,2,623.390014648438,700025.0625,143853.265625,75522.9609375,12802.9404296875,30303.330078125,1708599,2,2,4,10
IND90041,21056,2013-09-18,BE22,287122.28125,15789.4404296875,1,397.559997558594,250880.71875,553397.3125,394375.09375,282805.125,13139.919921875,1021626.6875,0,2,4,11
IND55402,27682,2020-04-25,BE27,63251.0390625,19842.939453125,3,2199.69995117188,495320.34375,433211.84375,166619.9375,217439.015625,22191.4609375,309608,0,1,3,12
IND58643,10565,2009-01-18,BE17,341966.25,61537.7109375,1,3460.56005859375,621046.125,149507.53125,97573.328125,53822.7109375,60734.53125,2075444,2,4,1,13
IND17528,18394,2006-05-17,BE26,156213.390625,20226.48046875,1,2675.34008789063,1646375.25,1628718.375,1025964.375,138505.1875,82576.78125,1658464.375,0,2,2,14
IND98400,14336,2021-05-06,BE07,94158.328125,48129.6015625,2,95.9899978637695,390594.1875,370924.28125,241907.140625,366623.71875,3489.43994140625,962024.5,1,3,3,15
IND43327,41415,2009-08-28,BE38,38120.109375,22574.5703125,1,1946.76000976563,69403.2421875,435733.3125,317722.21875,103486.65625,15585.6796875,738313.4375,3,1,4,1
IND77723,42859,2002-05-10,BE49,91644.671875,10116.6396484375,1,1128.10998535156,240786,310811.1875,141277.8125,149754.484375,22730,1430955.375,2,2,1,2
IND33585,15462,2003-09-07,BE49,247618.125,32999.37890625,2,9685.5400390625,1703777.625,2568583.25,1394373.75,299423.40625,55777.3203125,1146609.75,3,2,1,3
IND27105,12342,2018-04-27,BE28,37071.94140625,28886.880859375,2,1109.81005859375,356463.09375,508775.28125,300639.9375,100367.4921875,38155.171875,1166359.125,3,2,1,4
IND86081,3869,1996-02-23,BE22,502742.15625,51208.12109375,2,3210.86010742188,1099619.75,397889.375,258422.984375,171502.625,38996.1015625,601702.5,3,5,2,5
IND47439,36707,2020-08-04,BE43,127957.2265625,5475.5498046875,1,953.950012207031,399714.65625,615891.125,296324.96875,227763.5,19165.859375,615109.8125,1,1,2,6
IND27269,10806,2018-02-12,BE17,137103.453125,50526.44140625,1,396.709991455078,952802.25,274935.75,102642.6796875,163641.75,48305.73828125,172356.9375,2,2,3,7
IND97061,19756,2009-03-15,BE44,84376.7734375,20749.740234375,3,2511.6298828125,619021.375,223021.796875,111510.8984375,95313.46875,15177.6396484375,171393.625,2,1,3,8
IND94872,12131,2001-01-31,BE31,59749.609375,7175.5400390625,1,848.890014648438,582923.5625,410333.53125,232785.375,195736.984375,35640.3203125,894663.625,1,1,3,9
IND86593,17988,2020-12-11,BE06,93315.703125,30058.94921875,1,4268.58984375,458715.34375,0,0,0,37508.140625,1534082.375,2,2,3,10
IND84908,16234,2008-05-23,BE40,143176.046875,19395.599609375,1,2916.55004882813,865089,636679.1875,236603.75,216815.0625,20589.880859375,1636903.25,3,2,3,11
IND32885,36391,2010-06-29,BE48,282572.59375,14326.6103515625,1,4963.56982421875,126525.546875,238663.828125,70812.34375,128275.25,646.280029296875,549063.5,2,2,3,12
IND70495,4421,2012-03-12,BE40,85918.90625,8139.740234375,1,4196.2099609375,173599.5,448356.375,162056.515625,378131.875,34870.87109375,383001.125,1,2,3,13
IND45220,12117,2005-01-27,BE45,61641.5703125,4504.64013671875,2,2050.56005859375,62056.98046875,211125.765625,185378.734375,56231.55078125,1865.27001953125,452009.84375,2,1,4,14
IND49684,1582,2008-01-29,BE38,69503.1328125,28797.83984375,3,444.549987792969,246308.75,247751.5625,161413.90625,175453.15625,8059.39013671875,262550.125,3,1,4,15
IND26273,14496,2017-12-25,BE20,42693.609375,8208.3603515625,1,1582.80004882813,551527.1875,622135.25,276504.53125,182723.421875,33443.80078125,227747.765625,2,1,3,16
IND99234,18276,2004-12-23,BE31,172604.84375,57941.640625,1,813.960021972656,291661.46875,550490.75,595125.125,185976.59375,51923.87890625,940840.375,3,4,1,17
IND41611,6773,2019-06-30,BE20,216551.65625,6291.81005859375,1,5461.91015625,117004.828125,1510274.875,357696.65625,725329.375,9582.9404296875,1064518.25,0,2,2,18
IND96915,6529,1999-11-25,BE03,140652.046875,19839.640625,1,2813.3701171875,70599.96875,346514.65625,269511.40625,142071.015625,2319.72998046875,149810.53125,2,2,3,19
IND59595,386,2020-12-10,BE36,61720.62890625,6251.31005859375,2,3899.14990234375,218864.953125,606812.25,280702.25,118885.65625,17230.619140625,612629.0625,1,1,4,20
IND20812,25885,2009-04-25,BE45,45492.890625,25014.990234375,1,3284.69995117188,938754.6875,972009.25,368042.34375,328123.90625,24629.220703125,473930.90625,3,2,1,21
IND59202,12207,2009-02-18,BE32,363577.71875,51434.3515625,1,5129.75,731052.75,508649.84375,322383.6875,354622.0625,35455.62890625,614125.25,1,4,1,22
IND19395,3028,2002-07-14,BE39,40912.44140625,26186.400390625,1,4062.14990234375,90456.75,424422,122233.5390625,119517.2421875,31105.80078125,737636.875,2,1,1,1
IND38441,26699,2001-01-19,BE03,204136.6875,38722.25,1,7.1100001335144,898207.25,609009.5,309118.46875,109621.7109375,23720.099609375,1132529.375,2,2,2,2
IND80195,40474,2006-02-19,BE44,52754.1015625,21393.400390625,2,2723.07006835938,561273.75,620850,336732.1875,204564.796875,5815.509765625,290928.84375,0,1,2,3
IND90057,2290,2014-04-08,BE12,125007.578125,29763.119140625,2,7798.240234375,1361520.5,1503846.75,541827.125,659812.75,49406,294040.125,0,2,3,4
IND21309,28807,2005-03-22,BE04,66270.4921875,3225.46997070313,1,1723.46997070313,227862,84598.859375,68184.15625,33107.19921875,2786.28002929688,376337.625,0,1,3,8
IND33489,15485,2021-04-17,BE49,59368.37109375,30367.349609375,2,587.969970703125,730796.0625,578948.625,254070.984375,110458.3984375,16932.91015625,766071.125,2,2,3,9
IND27091,16697,2011-01-05,BE44,155282.28125,22415.109375,1,2345.36010742188,400838.5,223771.203125,236202.953125,46246.05078125,16386.55078125,157501.59375,1,1,3,10
IND37844,39878,1996-09-28,BE40,273718.71875,37893.28125,1,4825.919921875,569916.375,1711330.125,460742.71875,451747.28125,16989.7109375,2918539.25,1,5,3,11
IND47299,28123,2017-09-22,BE32,30131.150390625,11408.2099609375,1,10.1199998855591,205066.71875,151071.078125,148420.703125,93293.0234375,7800.56005859375,175087.484375,0,1,3,12
IND19507,39107,2007-02-10,BE05,352767.125,18067.5,2,2354.68994140625,321637.3125,219305.234375,227137.5625,92108.203125,14904.849609375,821211.75,0,2,3,13
IND73841,22077,2006-11-13,BE43,230627.765625,33204.1796875,2,7191.009765625,1583634.25,1933424,378278.59375,1053435.875,63161.328125,1317554.375,2,2,4,14
IND79955,22689,2018-03-25,BE39,132987.890625,15488.3798828125,1,2065.57006835938,632022.25,242511.703125,189791.78125,79712.546875,32823.48046875,944514.25,3,2,4,15
IND95385,6938,2017-10-22,BE02,408054.75,66808.2421875,1,6233.93994140625,1143817.625,395367.375,113521.3203125,336297.125,45525.05859375,2158734.25,2,4,3,1
IND73492,28172,2012-09-01,BE22,397666.90625,41829.05859375,2,1042.75,483400,512980.15625,227991.1875,597988.3125,26417.66015625,74992.0625,3,3,1,2
IND38646,28972,2014-08-30,BE41,127187.1484375,30942.369140625,3,2059.75,277278.40625,87108.71875,59009.12890625,58671.94140625,9987.6396484375,256403.875,0,2,2,3
IND89482,3836,2020-02-07,BE44,55548.390625,7374.89990234375,1,1919.5400390625,244695.40625,178785.09375,220242.515625,45084.94140625,4742.3798828125,206909.3125,3,1,3,4
IND27026,25472,2014-09-11,BE26,90398.53125,8791.2001953125,2,1192.51000976563,721798.25,284911.59375,398876.21875,73869.796875,35981.23828125,247714.84375,1,3,4,5
IND69949,10742,2004-02-23,BE27,88518.5703125,7891.83984375,2,964.299987792969,631312.8125,490144.28125,265969.75,112847.171875,24846.01953125,110986.2265625,3,1,1,6
IND84825,20961,2013-04-28,BE42,235108.203125,27598.140625,1,6791.72021484375,94868.8828125,629217.125,230905.359375,387921,74617.9296875,723146.0625,2,4,1,7
IND41067,2764,2020-04-15,BE21,242843.25,11390.6201171875,1,1898.13000488281,992141.25,1241580.625,432336.09375,500401.3125,16707.060546875,357398.21875,1,2,1,8
IND98674,28106,2011-12-01,BE16,88405.390625,15785.6796875,1,1863.76000976563,399897.78125,372862,403094.0625,124959.15625,1331.76000976563,621081.375,3,1,2,9
IND97660,15429,1999-08-11,BE07,83318.53125,12440.51953125,3,1644.10998535156,83782.9765625,131201.578125,64951.28125,79890.0703125,21339.58984375,80882.2734375,3,1,2,10
IND82676,23342,2020-06-05,BE21,33648.25,7178.759765625,2,1240.75,703436.6875,53513.76953125,12973.0400390625,30324.470703125,38456.51171875,1036722,1,1,3,11
IND88784,501,1996-12-21,BE06,280981.59375,47111.33984375,1,8968.01953125,1008926,1536138.375,485096.34375,777078.125,59924.328125,634311.8125,2,2,3,12
IND28479,31096,1996-07-22,BE49,170220.875,29354.8203125,2,608.190002441406,61733.8203125,773797.125,238724.65625,368212.1875,49762.37109375,1600184.125,2,3,3,13
IND23784,28705,1996-04-01,BE45,59538.6796875,13632.0595703125,1,2064.65991210938,137346.296875,958605.5625,262018.859375,222460.40625,21243.30078125,755052.875,2,1,3,14
IND42646,14360,2020-03-07,BE49,140111.65625,21047.880859375,1,1892.17004394531,353092.375,977415.1875,555349.5625,140688.546875,37730.80078125,1308995.5,2,1,3,15
IND53717,32498,2006-07-10,BE45,100505.78125,45279.98828125,3,1413.19995117188,55287.76953125,61603.08984375,65779.5703125,32837.578125,34740.19921875,279086.125,0,2,3,16
IND96295,17535,2006-07-13,BE49,407658.875,46110.6015625,1,288.359985351563,413765.28125,2064017.375,1358811.5,440667.71875,28688.0390625,2065106.875,2,4,3,17
IND41811,6417,2018-11-14,BE04,218227.828125,6990.740234375,1,1760.51000976563,901417.125,950183.9375,375654.125,270691.9375,38060.19140625,1132352.875,1,2,4,18
IND45638,20753,2019-01-30,BE47,131425.90625,19634.7890625,1,2478.51000976563,191480.3125,96516.7890625,104086.7265625,66426.2578125,709.309997558594,723429.9375,1,2,4,19
IND70297,32094,2007-09-14,BE19,177985.984375,14040.98046875,1,1237.23999023438,931663,873130.8125,324048.5625,576086.3125,40430.26953125,105245.09375,1,2,1,20
IND79201,16640,2019-03-20,BE09,81564.5390625,30304.400390625,2,3697.42993164063,916379.25,369789.84375,271441.5,130488.609375,16668.98046875,344986.78125,2,2,2,21
IND17019,26267,2015-05-03,BE42,241251.125,61785.8984375,1,6139.25,328691.1875,717212.3125,654456.25,128291.3515625,50692.08984375,619029.4375,0,3,3,22
IND20282,7295,2005-03-31,BE45,86087.84375,1974.31994628906,2,3563.330078125,776496,1721388.625,389748.375,388016.15625,52492.828125,340324.5,0,1,4,1
IND30151,31777,2002-02-25,BE20,280477.3125,53280,2,3296.38989257813,425874.8125,1141059.625,279108.125,352168.75,70151.90625,234240.375,2,3,1,2
IND45419,20397,2005-10-11,BE16,95144.4765625,13554.599609375,1,1957.51000976563,168791.515625,311802.6875,206231.703125,30640.140625,14935.2998046875,646481.4375,2,1,1,3
IND78162,17420,1996-01-25,BE15,236297.5,5771.52001953125,1,1731.98999023438,360708.09375,104336.328125,84773.2734375,25584.140625,36848.640625,1427206.375,3,2,1,4
IND66784,37403,2012-06-12,BE05,90635.4765625,18348.330078125,1,2289.88989257813,780486.5,505712.96875,277949.125,104848.578125,25680.779296875,114050.25,2,1,2,8
IND97262,28330,2020-10-03,BE43,43925.328125,16519.060546875,1,835.72998046875,262499.1875,449640.375,207958.671875,435532.875,26525.810546875,514167.375,0,2,2,9
IND33193,41166,2020-08-26,BE47,80157.3671875,21503.240234375,1,1.16999995708466,0,502316.84375,383792.625,121007.5625,7429.0400390625,467912.65625,0,2,3,10
IND94106,21408,1996-11-07,BE24,70540.203125,11519.9501953125,2,1889.51000976563,63478.9296875,515950.03125,200062.25,391700.84375,27234.16015625,72544.65625,2,1,3,11
IND15556,10882,2008-07-26,BE16,252385.90625,55804.2109375,1,1479.88000488281,186590.375,2709947,633494.125,585630.125,108607.421875,1300585.5,0,3,3,12
IND20631,32303,1999-09-24,BE15,156566.484375,21752.80078125,1,1898.31994628906,331846.6875,281503.375,330654.78125,66220.3203125,12985.5595703125,0,0,1,3,13
IND13898,6641,2004-07-03,BE30,75764.578125,15575.0400390625,1,4635.31982421875,158797.5,934525.875,455677.90625,161495.34375,41753.078125,923993.4375,3,2,3,14
IND46880,30163,2014-04-20,BE06,204271.890625,44020.0390625,2,3318.5,172853.890625,89494.09375,79324.3125,17675.080078125,50720.078125,416387.71875,2,2,3,15
IND57163,19694,2014-04-16,BE39,201648.21875,14404.5595703125,2,951.840026855469,107662.15625,621905.5,795223.4375,197378.546875,27281.80078125,446940.0625,3,5,3,1
IND42982,41580,2003-07-29,BE36,315314.03125,44429.6015625,1,5872.6201171875,296790.15625,213338.1875,252958.125,39376.12890625,46508.76953125,1292032.5,3,5,4,2
IND51913,12618,2018-08-06,BE12,377580.78125,7498.33984375,3,4179.4501953125,588087.1875,161814.09375,184133.28125,79679.4921875,45271.08984375,460631.8125,3,4,4,3
IND76764,8388,2010-01-05,BE20,298532.4375,58122.078125,3,857.640014648438,658958.3125,934240.4375,324124.25,660641.4375,83982.1171875,2181217.25,2,5,1,4
IND82314,20653,2020-08-31,BE05,89771.9921875,22998.4609375,1,3782.38989257813,785239.0625,855645.4375,312639.65625,259436.078125,35581.48828125,104237.1328125,1,1,2,5
IND82248,25797,2003-03-29,BE35,390543.25,24477.669921875,1,9028.33984375,154049.5625,1333928,1006509.3125,226767.765625,38351.3515625,696843.375,0,4,3,6
IND49091,22793,2003-11-28,BE15,131274.453125,19188.400390625,1,4158.72021484375,332987.375,635381.875,201611.5625,331559.375,71732.1484375,1813895.5,2,4,4,7
IND24529,13495,2021-12-31,BE05,164793.5625,21262.849609375,1,4001.2099609375,1925660,382095.46875,148457.46875,56949.26171875,113315.046875,2442602.25,1,3,1,8
IND93171,39395,2018-11-24,BE38,127005.2109375,11175.75,2,85.5800018310547,338482.84375,229651.609375,254478.8125,67033.4375,4522.81005859375,193570.5625,2,2,1,9
IND71818,8335,1999-08-21,BE35,90051.8515625,30906.19921875,2,4230.97021484375,187672.484375,447985.625,316511.5625,172133.59375,30877.369140625,1049172.375,0,2,1,10
IND35821,13099,2014-03-31,BE47,125353.078125,15580.7998046875,1,2478.36010742188,731631.3125,207011.515625,122426.171875,70116.8125,668.760009765625,500477.875,3,2,2,11
IND44974,22806,2002-07-30,BE34,46485.80078125,28551.640625,1,232.080001831055,512394,225281.671875,130718.9921875,114977.09375,24084.220703125,667723.75,3,2,2,12
IND24341,38239,2014-07-28,BE10,54599.921875,27873.119140625,1,2993.76000976563,551546.375,275577.71875,112855.640625,89759.6015625,35534.51953125,600977.1875,3,2,3,13
IND60293,29051,2018-07-30,BE44,185334.796875,54576.28125,2,608.719970703125,147615.390625,97134.296875,107594.921875,38076.6484375,25101.44921875,877758.25,0,2,3,14
IND46675,40157,2001-01-18,BE18,68488.90625,13326.1201171875,1,1398.84997558594,345182.34375,802404.8125,479943.0625,213274.6875,28291.98046875,862147.5,0,2,3,15
IND17984,31814,2000-02-18,BE29,158424.734375,28804.720703125,1,1556.18005371094,966712.9375,600275.75,240874.96875,76391.78125,68672.546875,835554.75,1,2,3,16
IND23002,11734,2018-05-03,BE08,67064.2890625,13002.150390625,1,1024.46997070313,540459.4375,713832.75,418010.1875,132798.625,6756.7900390625,930370.5,1,1,3,17
IND70737,31110,2020-06-15,BE12,253484.84375,18608.19921875,2,2720.34008789063,758463.8125,2677607,1088893.5,696177.875,18832.259765625,993212.75,1,2,3,18
IND17926,16964,2014-05-03,BE35,178028.671875,56679.83984375,1,5767.56982421875,213942.234375,979093,617952.125,99674.8828125,5526.009765625,2005100.875,2,2,3,19
IND30891,33173,1999-12-21,BE01,276465.90625,27357,2,4708.7001953125,1051216.875,842029.375,412422.5625,290414.21875,10505.9697265625,246249.046875,3,2,4,20
IND51261,6314,2017-05-03,BE38,130585.8515625,32567.529296875,1,2471.92993164063,522784.21875,744629,342765.75,206014.03125,18798.0390625,654281.125,3,1,4,21
IND69251,18877,2012-03-10,BE27,254376.8125,30033.419921875,1,1431.27001953125,390415.46875,285189.0625,360238.84375,138691.953125,5310.5400390625,1100827.875,1,5,1,22
IND56740,19875,2020-11-16,BE31,326097.4375,57977.12890625,2,11795.080078125,230977.46875,2570377,599110.375,1173483.375,5866.6201171875,1123859.75,0,5,2,1
IND95612,6534,2021-03-22,BE01,94054.8828125,33644.921875,1,1816.32995605469,229582.625,349048.34375,148414.25,154240.890625,33071.8203125,843246.125,0,4,3,2
IND35099,20679,2014-03-21,BE48,42249.87109375,10373.099609375,2,1339.38000488281,292045.3125,0,0,0,26726.490234375,617304.5625,1,1,4,3
IND42857,9805,2007-05-29,BE16,176579.015625,28374.869140625,1,4132.5,222865.578125,323812.21875,294814.125,143250.65625,42386.44140625,401802.03125,0,2,1,4
IND32603,42615,2009-02-10,BE20,284451.4375,39205.80078125,1,4797.08984375,331162.90625,661146.875,589671.5625,203526.03125,26742.6796875,739135.375,2,2,1,8
IND62569,5964,2014-08-04,BE45,84128.4375,4384.06005859375,1,2893.81005859375,525364.6875,225096.125,206774.34375,51117.76171875,25570.7890625,531393.125,3,1,1,9
IND35181,3763,2012-03-13,BE20,251879.40625,26983.640625,1,4136.580078125,417909.0625,2066780.625,935331.375,395554.65625,48521.98046875,1168214.625,3,2,2,10
IND99256,40530,2009-09-08,BE09,149878.40625,15027.66015625,2,845.710021972656,185144.59375,206964.234375,154282.4375,277520.21875,11239.6396484375,637463.75,3,2,2,11
IND65151,21348,2020-01-04,BE22,209683.640625,33801.55859375,2,1043.25,80952.859375,157298.6875,124956.8984375,20948.66015625,36332.921875,1027468.8125,1,2,3,12
IND81182,41356,2012-05-05,BE47,80357.9375,3330.89990234375,3,3933.57006835938,733994.5,632728.6875,165264.953125,334543.46875,5619.9599609375,770146.75,1,1,3,13
IND89708,37025,2006-02-16,BE38,93484.796875,39737.3984375,1,7837.02001953125,1333813.625,475667.3125,155108.90625,221805.734375,53936.75,551738.625,3,2,3,14
IND63717,10341,2015-06-07,BE23,357044.21875,50071.078125,1,6260.830078125,835844.625,113708.6484375,81976,47228.75,15764.1796875,677672.75,0,3,3,15
IND71868,708,2021-05-12,BE02,409671.25,29437.1796875,2,4704.16015625,606101.5,502389.90625,204795.875,116349.65625,22681.41015625,1089105.625,0,3,3,1
IND32785,14050,2001-04-13,BE01,86761.1171875,20849.400390625,2,2760.3701171875,1152800.625,2434167.75,753015.9375,668783.25,94733.0625,608463.875,0,3,3,2
IND79142,7141,2009-03-17,BE11,343318.21875,26468.51953125,1,10939.16015625,771443.0625,1702162.875,1002079.75,396576.5,90515.828125,1587032,3,5,3,3
IND59824,12543,2020-01-30,BE13,26102.919921875,6053.93994140625,1,3118.90991210938,534231.875,1099013.625,600794.125,120012.2890625,29252.33984375,513468.3125,0,1,4,4
IND37278,7071,2018-08-17,BE14,231731.40625,45854.76171875,1,9450.66015625,1628140.25,663468.6875,338504.4375,80112.71875,23323.55078125,2837008.25,0,3,4,5
IND34859,10258,2019-06-17,BE29,171944.375,36222.69921875,1,2227.8701171875,144972.421875,144974.234375,96649.4921875,37512.08984375,19145.5703125,806753.3125,0,2,1,6
IND50054,26827,2003-10-09,BE19,44716.109375,22993.80078125,2,1565.43994140625,327695.03125,273886.125,226064.734375,171113.609375,13964.6796875,521488.625,3,1,2,7
IND62645,26133,2007-01-02,BE02,82751.25,13481.5,1,1854.18994140625,193510.140625,235512.875,53180.328125,91850.0234375,14762.58984375,496955.59375,2,1,3,8
IND41646,19424,2021-01-29,BE42,208878.84375,23771.099609375,1,2633.6201171875,754448.25,1336149.125,687439.0625,210588.71875,29931.91015625,505515.625,1,2,4,9
IND92575,41526,2011-03-17,BE44,151936.0625,14982.66015625,2,91.7200012207031,563576.5625,584228.5,179408.75,333930.3125,28985.080078125,1044870.9375,0,2,1,10
IND36120,42476,2007-12-15,BE03,39515.03125,2577.39990234375,2,2085.330078125,437736.34375,426926,322465.375,92197.8515625,8560.83984375,501499.6875,0,1,1,11
IND85936,8631,2007-11-12,BE09,99114.15625,17043.6796875,3,560.630004882813,258295.953125,127718.6171875,100171.46875,169790.640625,12330.98046875,330177.84375,3,1,1,12
IND49172,37801,2015-01-22,BE28,492748.5,45816.44921875,1,2956.46997070313,592003.5625,398694.71875,381105.25,166220.515625,25316.240234375,152034.65625,0,5,2,13
IND34576,12878,2011-01-10,BE04,133624.84375,18375.55078125,1,1359.27001953125,573098.9375,292189.21875,180469.8125,171961.9375,13279.7197265625,264524,1,2,2,14
IND75884,16449,2013-09-13,BE22,229363.28125,10728.7001953125,2,2386.75,1459530.75,156752.09375,93163.9765625,57451.12109375,74635.2421875,2055429.625,2,4,3,15
IND41393,43140,2002-09-30,BE13,82926.453125,51430.5,2,6875.06005859375,1387659.875,0,0,0,26394.7109375,1720882.5,0,4,3,16
IND67868,32461,2001-07-05,BE11,142846.078125,27466.80078125,2,1542.68994140625,261710.5,177967.6875,201307.71875,88633.7421875,2871.27001953125,395005.875,0,2,3,17
IND82789,5401,2010-12-16,BE41,436829.84375,38715.6015625,2,2030.10998535156,1200919.75,163502.984375,173721.90625,34029.05859375,57285.30859375,436274.5,3,3,3,18
IND77478,33467,2012-11-01,BE40,157640.3125,21154.759765625,2,790.080017089844,937720.9375,875102.8125,216967.640625,536633.3125,44400.55859375,348364.75,2,2,3,19
IND57043,19161,1999-05-06,BE45,243163.984375,18336,1,758.47998046875,425661.25,1860597.125,361782.78125,818662.75,52488.80859375,2249791.5,3,2,3,20
IND68936,34019,2015-12-11,BE42,75434.2890625,20579.970703125,1,161.119995117188,452704.09375,92375.96875,49267.19140625,38322.828125,19550.1796875,799505.8125,3,1,3,21
IND44846,5865,2015-12-04,BE41,317895.34375,37634.01953125,1,1540.10998535156,378614.21875,677452.125,512928.03125,354791.34375,19883.669921875,994680.5625,0,3,4,22
IND55021,27514,2020-12-18,BE38,77686.0078125,13902.2099609375,1,8330.9599609375,1316597.125,952781.8125,274963.875,313458.84375,26215.0703125,584240.3125,2,2,4,1
IND30407,18184,2018-03-06,BE36,141027.4375,30446.5703125,1,775.669982910156,866004.9375,309035.875,244511.90625,61807.171875,1484.07995605469,1012817,2,3,1,2
IND15466,17561,2020-12-20,BE02,121206.4921875,24852.279296875,2,3497.84008789063,542515.3125,1065754.375,714682.375,280356.125,41697.69921875,546214.1875,2,4,2,3
IND15083,37501,2007-02-03,BE30,140152.046875,33774.78125,1,7373.10986328125,1208729.25,572741.0625,123033.2734375,156634.078125,1415.22998046875,2288946,2,3,3,4
IND37063,40024,2015-12-03,BE14,197043.625,25437.060546875,3,4814.97998046875,162005.828125,834989.6875,767287.8125,256364.40625,985.659973144531,1541737.5,0,4,4,8
IND78066,16198,2000-11-19,BE45,96486.3828125,15747,3,1159.31005859375,522574.25,390366.09375,327276.625,71054.5078125,5956.4599609375,166342.015625,1,1,1,9
IND87900,14466,2019-10-08,BE22,17987.509765625,12029.580078125,2,464.779998779297,197326.484375,201141.125,224960.453125,45653.73828125,3402.01000976563,367428.03125,1,1,1,10
IND47950,41420,2019-02-05,BE06,302672.5625,57277.3984375,1,11512.75,1580709.5,205369.671875,115957.0234375,19000.189453125,7278.56005859375,3063954.5,1,5,1,11
IND84355,11844,2001-04-14,BE42,155402.53125,12356.990234375,2,2494.43994140625,456252.75,334449.40625,162936.890625,137667.375,38971.30859375,643943.0625,0,1,2,12
IND45102,30740,1996-12-31,BE41,43815.12109375,18123.560546875,1,2300.84008789063,292482.625,375603.21875,165100.3125,193167.359375,1639.38000488281,254205.8125,0,1,2,13
IND56828,18201,2010-07-12,BE27,52253.83984375,25702.439453125,2,1879.72998046875,377449.59375,443691.71875,395982.9375,71372.3515625,26090.4609375,419656.84375,1,1,3,14
IND28199,29082,2005-09-03,BE01,150041.265625,41586,1,6302.4501953125,1533133.75,1399795.625,675763.4375,182456.125,3604.53002929688,1156148.75,3,2,3,15
IND67109,19730,2015-01-23,BE06,86558.078125,29076.80078125,1,2170.28002929688,817889.6875,175002.71875,80653.4296875,69377.171875,32342.599609375,166400.40625,3,1,3,1
IND85846,18570,2005-10-30,BE05,57359.08984375,9176.400390625,1,645.539978027344,788268.625,172941.296875,93817.8203125,21713.740234375,5011.18017578125,359030.71875,2,1,3,2
IND76900,31088,2004-10-15,BE32,384040.15625,12587.1201171875,2,9060.2802734375,276335.09375,549058.625,328408.90625,193966.515625,82736.2578125,2431104,0,4,3,3
IND87656,28760,1996-09-30,BE42,159512.375,6399.1201171875,1,2280.3798828125,358797.5,385891.90625,264739.8125,211567.484375,10801.2197265625,683194.375,1,1,3,4
IND76306,3257,2018-06-30,BE22,61901.37109375,3418.71997070313,1,3705.88989257813,496453.4375,616815,253485.609375,177439.9375,10925.58984375,1287514.25,0,2,3,5
IND42135,1037,2013-04-05,BE49,84406.75,15039,2,1801.68005371094,82289.140625,357419.78125,137469.15625,240571.015625,3804.48999023438,257335.65625,0,2,4,6
IND15894,35162,2017-08-30,BE44,343263.8125,34554.55078125,1,479.429992675781,400443.09375,380432.8125,121933.59375,190216.40625,8338.2900390625,519790.46875,2,3,4,7
IND81866,42849,1995-03-06,BE37,281200.90625,50842.890625,1,2473.1298828125,824738.5625,48331.62109375,33621.98828125,40066.2109375,45966.171875,787864.5625,1,3,1,8
IND69783,23006,1999-04-06,BE26,39080.44921875,20456.919921875,2,3261.38989257813,236826.234375,118416.3203125,82084.0390625,51955.16015625,33963.640625,167237.875,2,2,2,9
IND67788,26807,2009-11-22,BE16,35113.5,37779.5,2,391.75,404231,207152.25,314871.40625,97444.421875,2637.25,602095.75,2,2,3,10
IND29999,17244,2020-03-03,BE47,141689.8125,47517.46875,3,8732.91015625,775554.875,1838008.125,835458.25,362031.90625,63127.58984375,2498273.5,0,3,4,11
IND50590,16018,2013-07-29,BE20,124471.9921875,23768.640625,1,1295.75,689147.8125,532977.5625,197537.15625,145394.796875,7110.93017578125,329405.09375,1,1,1,12
IND64905,9146,2018-04-02,BE32,467025.8125,61694.33984375,1,1953,1176441.125,1076630.5,578688.875,728744.25,70580.296875,1186496.25,3,5,1,13
IND50588,15326,2014-08-08,BE16,59563.83984375,8380.400390625,1,3084.2900390625,238085.625,925053.0625,260171.1875,383897.03125,19083.779296875,1244783.625,3,1,1,14
IND24058,4853,2000-03-01,BE04,304960.65625,53267.6796875,2,4115.740234375,1029192.0625,437621.1875,256054.953125,125699.703125,32226.869140625,1302186.5,1,2,2,15
IND87992,31048,2020-04-29,BE01,276516.4375,12269.25,1,6397.14990234375,427468.375,346860.25,81759.921875,190897.015625,46466.41015625,1569491.625,1,2,2,16
IND90735,41318,2014-07-29,BE49,109051.9296875,20070.279296875,1,2548.46997070313,314437.28125,250159.5625,73910.78125,135256.734375,38508.390625,408638.40625,0,1,3,17
IND18126,1454,2021-05-03,BE39,76166.25,4898.7900390625,1,267.869995117188,1364588.625,61344.4609375,44443.44140625,9802.599609375,71470.2734375,1595668.75,0,3,3,18
IND95672,26233,2006-08-06,BE49,62219.7890625,47300.66015625,3,3792.73999023438,471715.3125,386699.09375,526710.8125,170814.3125,30641.890625,527962.8125,3,2,3,19
IND59778,38454,2010-03-02,BE24,155343.5625,60272.1015625,2,1152.7099609375,565486.3125,114149.546875,90118.0703125,27335.810546875,61536.921875,1850387.375,0,3,3,20
IND74622,32157,2005-07-08,BE18,347462.0625,42715.19921875,1,2469.830078125,160930.65625,495285.8125,381427,193503.046875,53395.23828125,464353.25,1,4,3,21
IND40781,611,2021-02-12,BE33,94766.640625,7822.7998046875,1,4469.97998046875,1202896.875,1009283.8125,205010.765625,431784.21875,13635.16015625,1336414.125,3,2,3,22
IND39173,37837,2007-07-28,BE09,354296.34375,10313.2802734375,1,1654.13000488281,403093.75,866009.625,546410.8125,353723.6875,28919.119140625,1267574.25,1,2,3,1
IND41835,30634,2003-05-29,BE13,373681.15625,48392.1015625,1,12379.009765625,742802.9375,469244.53125,153014.515625,140263.3125,105409.78125,2991211.75,2,4,4,2
IND13004,28861,2014-12-28,BE21,358008,16942.5,1,4027.82006835938,568206.0625,424237.28125,507799.15625,67492.2890625,28909.490234375,695986.8125,1,3,4,3
IND69109,14875,2008-03-08,BE49,317479.6875,49484.8203125,1,2589.7099609375,119431.6875,859290.25,478213.71875,266305.25,51445.78125,676196.125,0,2,1,4
IND95810,36140,2002-07-13,BE41,220526.625,31535.25,1,88.0299987792969,294138.46875,1100759.25,275189.8125,525118.5625,68948.5703125,869131.625,3,2,2,8
IND81099,10026,1999-02-16,BE13,312028.59375,28002.509765625,1,4229.7900390625,343720.875,612080.125,338254.78125,509154,43799.94140625,991953.25,1,3,3,9
IND76632,5139,2010-10-11,BE09,253368.1875,8391.75,3,3024.2099609375,1765195.25,2087860,677876.625,711770.4375,89738.7421875,884619.9375,1,2,4,10
IND55460,6553,1996-09-22,BE18,256652.078125,21247.05078125,1,2448.02001953125,857452.1875,342515.25,187830.9375,317213.3125,21356.259765625,670331.4375,1,3,1,11
IND64186,6819,2008-05-23,BE31,155456.34375,56270.87890625,2,11374.73046875,850612.75,2918088.5,1266340.25,534799.375,96425.359375,426597.125,3,2,1,12
IND65738,11470,1995-07-25,BE20,110274.5703125,17670.599609375,1,2629.14990234375,488286.59375,660940.8125,468166.40625,79312.8984375,35583.41015625,734974.125,1,1,1,13
IND38016,10983,2013-08-29,BE15,75703.6796875,30983.19921875,1,1499.65002441406,462891.03125,1781157.75,1274449.125,187942.859375,72572.3828125,2054733,2,3,2,14
IND97456,12707,2018-03-11,BE37,184290.875,36991.359375,1,2351.0400390625,386783.03125,489242.875,241359.8125,104306.578125,18244.80078125,287864.625,0,2,2,15
IND94167,14880,2020-01-01,BE25,302653.21875,32413.439453125,1,6911.6201171875,1027643.3125,605550.5,208995.3125,392268.125,35796.94921875,224344.59375,2,2,3,1
IND54473,5299,1999-01-20,BE49,211242.4375,28260.599609375,1,2778.23999023438,616290.1875,696707,443359,396851.5625,44530.05859375,1336291,0,5,3,2
IND32547,29676,2021-05-30,BE09,123939.65625,43769.3515625,1,1731.52001953125,1876810.75,3498983.5,941105.9375,986230.75,94340.84375,2627767.25,1,5,3,3
IND78611,10300,2012-02-06,BE39,52433.51953125,15258.240234375,1,1205.97998046875,184632.03125,46784.3203125,55657.2109375,26755.7890625,1485.81994628906,279016.71875,1,1,3,4
IND15955,2035,2011-08-12,BE32,175521.359375,9585.66015625,2,3226.23999023438,214473.234375,1065362.125,532681.0625,288300.03125,23692.05078125,1671865.875,2,4,3,5
IND15581,28131,2010-09-26,BE06,352957.96875,64102.71875,1,4321.77001953125,882153.625,469038.875,161013.34375,98288.1484375,18318.869140625,2186957.25,2,4,3,6
IND29679,19132,2013-09-29,BE16,274096.625,11739.91015625,2,4556.64990234375,290026.75,484808.6875,239256.234375,249833.890625,59326.171875,480522.53125,3,4,3,7
IND30445,9034,2004-09-10,BE43,271874.75,22229.619140625,1,5568.7900390625,999814.25,941401.375,460468.0625,365816.28125,33233.140625,433363.6875,3,2,4,8
IND90272,28631,2009-04-24,BE38,175522.515625,63412.9609375,1,4634.56005859375,938339,1065811.125,317475.65625,955148.1875,66724.53125,250774.5625,3,4,4,9
IND25035,20905,2021-10-20,BE49,268391.40625,42700.94921875,3,4490.669921875,1176709.875,1827640.125,609213.375,649827.5625,23319.150390625,1900317.75,1,5,1,10
IND25593,7445,2015-02-17,BE31,147925.265625,70885.796875,2,4771.43994140625,1070645.75,699992.0625,533743.9375,208160.140625,32094,1732155.875,1,4,2,11
IND79190,24920,2000-09-14,BE43,60986.6484375,24094.80078125,1,2322.57006835938,668879.5625,1073972.875,772506.8125,181444.890625,33764.5390625,310784.09375,2,2,3,12
IND31341,5971,2000-02-10,BE17,204585.5625,53799.55859375,3,43.6800003051758,350035.96875,359180.21875,216492.1875,181853.4375,27853,226370.3125,0,2,4,13
IND49233,24729,2005-04-08,BE24,294392.375,29599.720703125,1,125.190002441406,533201.8125,243942.3125,197677.390625,180559.375,28223.099609375,1004235.875,3,3,1,14
IND82834,25799,2020-02-12,BE46,165050.625,13828.650390625,1,6542.43017578125,243394.578125,2069961.125,680725.4375,786446.3125,79502.078125,1209823.875,1,4,1,15
IND64549,21326,2013-12-09,BE30,295482.46875,53716.9609375,1,2226.59008789063,274761.4375,116494.453125,124010.21875,60689.8515625,175.139999389648,564437.375,3,4,1,16
IND63160,3296,2002-11-03,BE14,93650.65625,8067.47998046875,1,7483.60009765625,1489763.75,385805.4375,246662.484375,64701.46875,23952.580078125,1116161.125,1,2,2,17
IND99412,40601,1996-09-03,BE48,77959.9765625,5382.39990234375,2,2690.25,671360.6875,2253059,952635.6875,699355.5625,60745.48046875,2207401.75,0,2,2,18
IND41977,8858,2017-11-26,BE10,116049.96875,43763.578125,2,646.380004882813,278395.59375,170837.09375,66057.0078125,121294.34375,5379.89013671875,974568.125,1,2,3,19
IND54849,34339,2020-03-08,BE41,116714.921875,13955.7001953125,1,2723.73999023438,516023.375,880569.5625,352227.84375,185658.15625,65938.3203125,2117997,1,2,3,20
IND73662,1792,2020-10-31,BE41,357836.90625,44869.6796875,1,10100.3798828125,1483140.875,203097.34375,88056.1875,55589.01953125,40711.41015625,857606.375,0,2,3,21
IND58104,30088,2003-05-11,BE38,355665.1875,33963.75,1,5924.10009765625,985822.4375,1218185,435066.09375,719102.0625,69306.828125,1015033.5,1,3,3,22
IND42259,9576,2009-12-01,BE35,311721.03125,14891.400390625,1,5528.02001953125,1453594.875,859353.8125,479255,260285.046875,71447.6875,1468403.375,0,4,3,1
IND96983,5388,2013-01-25,BE14,57955.109375,14284.580078125,1,2026.85998535156,569742.4375,1100932.875,260961.875,682089.0625,33544.55859375,230177.453125,3,1,3,2
IND15092,6407,2001-12-16,BE38,210595.734375,28588.560546875,1,8276.83984375,784128.8125,2080505.75,703269.5625,396175.15625,30445.029296875,299258,1,4,3,3
IND52181,13585,2016-11-29,BE20,439388.90625,46346.69921875,1,855.650024414063,1428253.25,1051950.5,400198.5625,624309.75,21641.109375,1061775.375,1,5,4,4
IND14614,34530,2018-08-18,BE21,130987.359375,41223.69921875,1,4484.259765625,529607.9375,589706.0625,631234.6875,101662.0078125,49008.51953125,544902.0625,2,5,4,8
IND75661,15030,2008-09-16,BE18,169936.359375,7795.7998046875,1,3232.52001953125,994804.8125,638808.875,453108.625,301280.09375,41118.41015625,434504.78125,2,2,1,9
IND63878,38395,2003-03-31,BE13,440439.34375,36666.9609375,1,3399.17993164063,1250526.375,1169639,406295.65625,775409.0625,53226.44921875,211540.59375,2,4,2,10
IND60682,5940,2000-07-08,BE34,407606.875,31157.80078125,1,4901.7900390625,994316.5625,302004.9375,274549.9375,166560.296875,49432.8515625,914353.625,1,4,3,11
IND71119,20204,2002-12-06,BE42,116733.046875,45004.69921875,2,7012.68017578125,1369673.375,418166.6875,226802.265625,127576.28125,34458.23828125,401783.75,1,2,4,12
IND31796,7151,2013-06-18,BE30,67276.78125,38611.9609375,1,1563.05004882813,529250.5625,135237.78125,88680.5078125,87793.7109375,29212,614445.375,2,2,1,13
IND15290,8593,2017-11-13,BE34,227427.296875,24462.810546875,2,264.769989013672,915680.5625,96740.84375,55088.5390625,41222.3515625,41414.78125,418918.375,0,3,1,14
IND69222,6287,2013-07-25,BE17,51486.640625,3271.80004882813,1,649.25,772340.3125,412699.0625,114638.6328125,210771.3125,17877.91015625,232139.953125,1,1,1,15
IND41761,36961,2018-07-18,BE43,145733.4375,42675,2,6157.4599609375,1213139.75,801883.5,328390.40625,326481.15625,12662.2099609375,1490464.25,1,3,2,1
IND65488,1066,2020-07-05,BE02,91981.5625,8266.7001953125,2,54.4199981689453,0,202898,130434.4296875,153043.0625,11058.8701171875,302676.5625,1,1,2,2
IND99221,35244,2021-10-31,BE15,221101.234375,42077.0390625,2,9935.6201171875,1179223.375,137423.96875,25767,75153.7421875,1963.83996582031,1599843.125,3,2,3,3
IND71359,42096,2003-06-05,BE02,56751.75,44945.21875,1,5764.830078125,916908.5,118377.03125,76596.8984375,39853.6015625,63313.140625,1774345.25,0,2,3,4
IND82515,26789,2019-11-09,BE22,217040.015625,46771.26953125,1,558.289978027344,232807.125,281401.59375,151956.84375,451930.9375,28197.720703125,996154.25,0,4,3,5
IND85958,10882,2000-09-04,BE40,346305.6875,22081.7890625,1,732.080017089844,1568709.375,1118447,634171,586319.875,492.079986572266,1784867.625,3,4,3,6
IND68750,35370,2020-03-02,BE26,81243.90625,13675.9599609375,1,3895.8701171875,766963.0625,444257.9375,390080.15625,148663.875,34909.7890625,656503,0,2,3,7
IND91822,7210,2018-11-08,BE15,184460.640625,5971.83984375,2,3397.78002929688,1177332.875,77019.890625,31271.23046875,31433.380859375,47875.73828125,1890384.375,2,2,3,8
IND80931,28963,2015-11-28,BE12,91923.171875,1662.83996582031,1,3999.36010742188,328211.75,563246.3125,190285.921875,207411.65625,8284.08984375,208974.21875,2,1,3,9
IND20616,19066,2009-09-28,BE36,342649.03125,54620.01953125,1,1371.63000488281,2012623.25,2603230.75,886206.1875,547232.3125,56366.578125,1928415.875,0,4,4,10
IND59654,20907,2020-12-03,BE33,153118.3125,7345.64990234375,1,386.700012207031,476536.8125,31217.83984375,20811.890625,21988.220703125,10093.400390625,375326.96875,2,1,4,11
IND56699,31169,2018-12-04,BE48,124830.453125,17836.560546875,1,843.700012207031,66111.390625,357447.8125,213315.625,319627.53125,25951.119140625,853225.9375,0,2,3,12
IND45574,26217,2005-02-03,BE15,80104.8671875,31921.259765625,1,7.5,215709.90625,38471.76171875,64119.58984375,8825.8701171875,14874.6904296875,465264.25,0,1,1,13
IND46000,4234,2002-05-01,BE39,95522.359375,25063.349609375,1,1245.56005859375,270996.625,171005.234375,158050.296875,79828.3515625,11632.419921875,660230.5,3,1,2,14
IND72516,15353,2007-05-27,BE14,35717.94921875,25180.609375,1,4212.419921875,0,561513.3125,197455.21875,427984.1875,29525.7109375,914946.6875,2,2,3,15
IND35302,35348,2015-05-31,BE19,209541,20205.119140625,1,988.849975585938,69727.0625,349744.28125,394711.40625,72397.0703125,3322.3701171875,503201.65625,0,2,4,16
IND80068,18605,2019-08-23,BE48,229059.96875,35876.7890625,1,10358.0703125,664298.75,2093007.375,582862.8125,801171.4375,47743.30078125,1631733.375,3,4,1,17
IND53480,23141,2002-12-06,BE45,116813.4765625,35734.3984375,1,8294.259765625,1512494.375,455464.40625,233971.4375,66291.90625,10038.51953125,1088475.5,1,2,1,18
IND88872,24630,2018-06-01,BE37,255097.359375,45422.37109375,2,1845.77001953125,841410.8125,98999.7265625,27789.400390625,68500.8671875,33799.2109375,1198593.875,2,2,1,19
IND66621,37219,2009-02-05,BE03,130296.2734375,7269.83984375,3,746.460021972656,805317.5625,581539.75,143148.25,292022.40625,37479.78125,856988.5,0,1,2,20
IND29174,21473,2020-02-10,BE36,65006.5390625,43491.80078125,1,3575.55004882813,346892.25,262181.5,127118.296875,172880.890625,34090.78125,96305.3515625,2,2,2,21
IND98830,43305,2020-05-09,BE02,152311.984375,14530.0595703125,1,2509.6201171875,342021,244910.015625,109895.5234375,253073.6875,26021.55078125,753600.875,1,1,3,22
IND34318,18785,2020-10-30,BE07,185421.5,32352,1,1106.13000488281,259398.703125,92897.5,50830.69921875,84624.359375,4548.419921875,586872.3125,1,2,3,1
IND95108,31766,2006-07-18,BE18,54339.87109375,23045.19921875,3,2819.830078125,870569.3125,982426.125,438956.375,311937.71875,28292.75,282071.78125,2,1,3,2
IND21281,30896,2008-11-05,BE13,229493.03125,64475.19140625,2,689.599975585938,1959490.875,892214.75,465788.59375,108443.453125,34932.83984375,1313564.375,2,3,3,3
IND86574,3316,1999-08-22,BE36,181040.171875,44591.609375,1,6249.77978515625,1164820.875,1128622.5,626097.1875,225394.984375,7572.9599609375,580150.875,2,2,3,4
IND25843,11279,2013-03-06,BE08,182458.46875,4511.56005859375,2,2241.6201171875,548946.1875,351614.28125,188072.765625,134676.453125,14156.8603515625,1340059.25,2,2,3,8
IND15764,13846,2019-10-27,BE30,291240.71875,23770.259765625,2,3655.52001953125,1016372.5625,426063.71875,119297.84375,159518.265625,46176.3984375,1468523.375,1,2,3,9
IND70765,43328,2006-08-03,BE27,49043.12890625,4382.85009765625,1,4305.68017578125,617980.375,949361.0625,718435.375,136844.84375,6145.35986328125,139564.53125,2,2,4,10
IND88371,14100,2021-05-23,BE13,75068.8671875,29197.560546875,1,5644.759765625,498253.4375,75457.28125,16285.740234375,43700.078125,46587.8203125,1406014,2,1,4,11
IND28842,19003,2020-08-29,BE46,161766.546875,31767.390625,2,3231.44995117188,1212157.125,1863378,815227.875,543041.625,19827.759765625,1344797.875,2,3,3,12
IND90911,11394,2000-02-19,BE27,92005.3203125,32561.759765625,1,1654.39001464844,637776.8125,321318.75,357020.84375,105321.1484375,20584.970703125,578961.5625,0,2,1,13
IND52021,42732,2020-02-09,BE46,115626.2578125,58417.05859375,2,5614.8798828125,187115.25,807585.375,741208.5,306661.1875,24320.830078125,1336128.25,0,3,2,14
IND71090,7217,2021-06-22,BE33,71411.328125,4823.009765625,3,180.550003051758,325297.0625,245247.34375,103548.8828125,168948.171875,335.829986572266,395131.84375,1,1,3,15
IND60722,33141,2019-04-17,BE19,198017.125,15203.16015625,1,2452.5,1069184.125,407035.6875,140481.34375,199951.796875,33131.109375,867514.9375,3,2,4,1
IND77027,42731,2001-06-06,BE28,70495.4375,11339.1904296875,1,1975.41003417969,216251.875,342290.03125,307283.09375,86583.8203125,16865.3203125,176758.71875,2,1,1,2
IND45186,41911,2018-09-16,BE18,96190.359375,29582.240234375,1,661.739990234375,684939.1875,605732.4375,291648.96875,209987.25,23267.91015625,195103.90625,3,1,1,3
IND84015,1178,2004-01-30,BE01,234323.734375,51258.30859375,1,5762.91015625,1467976.625,650421.0625,207866.53125,518191.15625,3080.31005859375,908973.1875,3,3,1,4
IND66550,868,1996-12-02,BE30,91924.7265625,59506.26171875,1,5841.580078125,1344156.25,0,0,0,81434.109375,1195526.25,0,4,2,5
IND35051,41342,1996-12-03,BE33,31557.7890625,24787.619140625,1,1470.68994140625,316354.3125,162241.375,141592.484375,105840.3828125,8162.06005859375,70239.7734375,0,1,2,6
IND91538,4581,2004-03-14,BE49,473184.8125,23686.4609375,2,2894.89990234375,1595011.25,165852.296875,98003.6328125,62270,6270.5,412057.1875,2,4,3,7
IND30644,31647,2008-05-27,BE10,202980.6875,24450.970703125,1,2407.48999023438,734192.125,811487.5,811487.5,205126,1680.18005371094,1592898.75,0,4,3,8
IND78937,34753,2020-06-04,BE34,84601.65625,6177.330078125,1,3009.05004882813,429537.21875,895244.8125,407451.15625,178073.375,4299.60986328125,258774.75,1,1,3,9
IND25670,8353,2005-11-28,BE27,59708.25,56647.5,2,4592.2998046875,404115.09375,2345848.75,567296.75,589222,46247.69140625,2494143,2,3,3,10
IND58212,38504,2015-03-06,BE30,162559.046875,31014,1,5916.7998046875,739928.3125,106405.890625,32586.80078125,30186.01953125,29937.279296875,364451.84375,1,1,3,11
IND74531,5746,2021-02-21,BE21,216722.125,35115.80078125,1,7380.72998046875,0,1626699.625,489147.4375,667856.875,21932.98046875,1678425.375,0,5,3,12
IND49953,25812,1999-03-01,BE23,428363.5625,46266.30078125,2,2560.72998046875,825031.375,254964.453125,112721.1328125,127643.2578125,55129.55078125,1196463,3,4,3,13
IND88814,2363,2000-04-17,BE15,195942.171875,55171.6015625,2,7708.60986328125,1747294.75,921893.1875,417836.46875,284659.375,112205.359375,195747.46875,0,4,4,14
IND49516,35647,2020-04-08,BE08,100945.4765625,33938.4609375,2,4280.740234375,1488351,958002.5625,271132.8125,271735.34375,27191.099609375,716924,2,2,4,15
IND17543,899,2015-08-07,BE23,266108.6875,8389.01953125,1,557.039978027344,602721,39035.5703125,41037.390625,4864.43017578125,19652.369140625,424460.03125,3,2,1,16
IND54739,4701,2001-01-25,BE44,136517.328125,16272.6201171875,1,4758.85009765625,833335.0625,65946.8671875,34407.05859375,52604.5703125,53509.640625,345459.28125,2,4,2,17
IND70122,10011,2019-05-25,BE37,138181.234375,25128,2,505.779998779297,171992.9375,946880.875,514447.0625,231128.40625,52983.76953125,1465894.625,1,2,3,18
IND53005,17118,1996-02-12,BE10,82561.546875,18069.640625,2,1565.97998046875,90144.59375,76544.84375,126073.859375,20411.9609375,9492.08984375,330864.375,0,1,4,19
IND99246,10714,2015-10-10,BE29,235695.734375,19555.94921875,1,7227.1298828125,77362.7890625,981482.25,654321.5,592273.75,14202.099609375,871087.375,2,4,1,20
IND79699,36679,2012-09-27,BE31,59762.8515625,4970.89013671875,2,1420.68005371094,256985.09375,126048.4921875,84032.3203125,17286.650390625,8019.06982421875,465859.40625,0,1,1,21
IND81435,870,2009-11-16,BE07,329678.6875,43425.69140625,1,3289.2900390625,757623.3125,316130.59375,351822.75,172291.15625,39091.8984375,176177.3125,3,3,1,22
IND44710,11856,2018-06-28,BE18,73487.3984375,42877.109375,1,3080.59008789063,369800.9375,322387.40625,150794.109375,284272.875,16929.26953125,93946.796875,1,2,2,1
IND69069,5292,2018-03-15,BE16,102452.21875,15198.6796875,1,28.0100002288818,214464.3125,307762.40625,138868.40625,234087.09375,19838.8203125,285724.5625,2,1,2,2
IND94927,40673,2002-03-15,BE36,26171.5,9578.400390625,1,2609.830078125,676530.625,368643.59375,215695.703125,213538.75,30805.400390625,521730.8125,1,1,3,3
IND21170,36544,2003-05-30,BE29,202295.21875,26062.220703125,2,4071.5,214711.0625,404575.53125,296207.09375,37062.01171875,46494.91015625,1263947.75,2,2,3,4
IND28755,32919,2020-12-24,BE10,98325.1171875,42326.3984375,1,1172.81005859375,821532.625,360444.875,188804.46875,153789.8125,4659.47998046875,1272622.125,3,2,3,8
IND29416,2381,2005-08-23,BE17,66889.5703125,5156.7998046875,2,324.059997558594,422696.5,173410.984375,63443.05078125,94741.6171875,23387.189453125,84366.59375,1,1,3,9
IND61034,9519,1995-04-25,BE37,258230.375,10956.919921875,1,466.929992675781,1294321.375,1120446.375,330491.375,437538.34375,62722.69140625,2502530.25,0,3,3,10
IND78545,291,2000-08-14,BE28,160452.703125,20490.240234375,2,7265.8701171875,1207473.75,243863.046875,188703.546875,108722.2734375,27445.990234375,1886543.875,1,5,3,11
IND98856,21238,2020-07-20,BE39,88492.453125,32749.859375,3,6858.08984375,649790.6875,593455.875,293467.1875,448352.65625,26095.08984375,1582188.875,2,3,3,12
IND76287,19265,2016-02-27,BE27,201968.1875,61581.23828125,1,5404.02001953125,1368188.125,1234416.5,840453.75,496393,37952.12109375,1668972,2,3,4,13
IND45303,24187,2016-01-04,BE17,186416.5625,10340.4697265625,1,2210.5400390625,50845.0390625,661637.75,393281.15625,54134,54999.9609375,1705043.125,1,2,4,14
IND35316,31390,2005-06-11,BE27,90677.953125,2017.40002441406,2,1445.7099609375,66006.5703125,369235.4375,221541.265625,115318.0625,3017.43994140625,442531.90625,2,1,1,15
IND84401,17062,2004-03-23,BE02,82847.03125,10579.83984375,3,5702.52978515625,878032.0625,1193658.125,716194.875,226244.125,14165.6298828125,1420808.875,1,2,2,1
IND49213,35489,1996-07-21,BE26,201867.46875,11760,2,1309.10998535156,1286811.5,465096.9375,313845.875,52068.171875,37946.98046875,1169189.625,0,2,3,2
IND97338,18640,2007-08-26,BE31,27107.939453125,20852.16015625,1,567.380004882813,132835.34375,173962.46875,100715.109375,101356.03125,24574.6796875,196701.15625,0,1,4,3
IND76090,16232,2020-09-27,BE26,117682.7421875,34088.671875,1,395.480010986328,594429.75,2311699.75,1208049.5,297538.125,61770.4609375,1528636.5,2,2,1,4
IND92942,38658,2018-11-06,BE33,145534.9375,18154.19921875,2,3260.57006835938,1153058.25,2031820.25,654884.25,1218924.25,683.469970703125,570962.875,2,3,1,5
IND90141,9804,2018-01-15,BE13,17723.130859375,3331.5,1,81.3199996948242,375034.46875,144824.703125,67675.09375,79179.859375,16634.220703125,302632.65625,0,1,1,6
IND59125,32599,2003-07-26,BE40,327602.6875,51064.26171875,1,2176.0400390625,501402.09375,644225.1875,583285,258560.65625,48517.12109375,460534.03125,1,3,2,7
IND46331,1007,1996-02-09,BE33,194912.8125,14289.2802734375,2,3876.36010742188,322239.5,397157.75,268255.6875,63301.37109375,8151.81982421875,1705763.25,2,2,2,8
IND25095,15224,1995-10-15,BE16,59131.73828125,9959.66015625,1,1710.5400390625,820453.75,1166648.125,228066.5625,389467.5,31424.51953125,1377643.75,3,3,3,9
IND87283,38059,2006-09-10,BE43,69983.4609375,45892.73828125,1,5292.97021484375,318410.84375,891613.1875,517135.65625,426904.40625,50264.609375,751781.6875,3,2,3,10
IND96588,41448,2008-10-08,BE06,210247.90625,13843.759765625,1,970.849975585938,1466637.875,2350808.75,407473.5,1426470.75,75744.5,1547360.5,2,2,3,11
IND44048,8057,2021-05-09,BE02,242469.234375,26585.240234375,1,5095.5,783262.9375,41509.98828125,40997.51953125,7892.02001953125,20251.9296875,533964.6875,0,3,3,12
IND73301,34234,2008-08-07,BE25,153473.234375,14605.8896484375,1,5800.3701171875,123383.7734375,459218.9375,103694.6015625,271976.125,772.159973144531,368074.5,0,2,3,13
IND15363,1496,2000-06-26,BE29,146380.609375,15563.669921875,1,5958.39013671875,338237.1875,665273.4375,175308.53125,142584.265625,65572.5,1196080.25,2,2,3,14
IND28655,13837,2019-03-04,BE41,189942.0625,14572.900390625,3,690.75,363101.75,97468.6171875,98671.9375,13862.2001953125,36494.23046875,1207066,3,2,3,15
IND71338,36561,2011-07-21,BE38,50793.8984375,26256.44921875,2,1853.86999511719,247586.625,257863.78125,157583.421875,130221.2109375,26028.490234375,126120.75,0,1,4,16
IND18100,35813,2012-12-21,BE41,388875.53125,6121.56982421875,1,1164.89001464844,504681.84375,152384.265625,173299.765625,67766.1796875,42886.55078125,175106.3125,1,4,4,17
IND35375,6553,2002-01-16,BE02,231903.484375,7407.72021484375,1,317.829986572266,670385.25,537536.4375,190104.34375,321145.25,13484.9599609375,125841.84375,1,2,1,18
IND77446,23496,2005-04-20,BE41,70262.8515625,18440.98046875,2,4643.47998046875,172240.453125,474980.5625,209110.9375,94996.109375,3304.47998046875,166402.6875,2,1,2,19
IND57619,30677,2014-04-02,BE05,173669.625,26695.19921875,1,6116.89013671875,936230.8125,524300.8125,207372.703125,163667.9375,874.590026855469,230184.265625,1,2,3,20
IND32973,38399,2005-06-16,BE04,150110.25,30599,3,2879.07006835938,948876.125,365701.59375,208514.0625,75225.4609375,10319.2802734375,385864.34375,0,2,4,21
IND91469,11471,2003-03-10,BE36,49991.1484375,1875.06005859375,1,107.720001220703,243590.875,829387.3125,581280,150565.703125,15509.6396484375,504766.6875,2,1,1,22
IND66158,24930,2014-06-11,BE26,305897.03125,45816.359375,1,4924.509765625,715867.875,97927.53125,88010.8203125,34510.16015625,32039.6796875,1358921.5,3,2,1,1
IND79633,32020,2002-11-20,BE45,154578.8125,36643.6015625,1,1538.86999511719,420382.375,634688.8125,425121.75,187532.59375,34511.83984375,741431.875,3,2,1,2
IND24344,28281,2019-10-08,BE21,207038.15625,15002.900390625,3,4638.25,626080.125,1095366.75,238123.203125,333372.46875,63777.25,1391370.75,1,2,2,3
IND54434,27563,2018-07-28,BE37,184429.703125,38928.30078125,1,1373.98999023438,1098051,0,0,0,65346.66015625,613427.0625,0,2,2,4
IND38076,30285,2012-06-02,BE29,257268.625,32310.640625,1,1211.14001464844,617259.375,128258.4765625,123983.203125,64642.26953125,25494.5,714631.8125,0,3,3,8
IND78584,39386,2002-03-16,BE44,125954.5625,40762.26171875,1,371.709991455078,270980.21875,921518.125,444004.1875,421301.34375,45859.23828125,1382971.875,0,2,3,9
IND42885,33468,2001-12-18,BE15,295097.53125,68695.5390625,1,2619.59008789063,698016.625,1133099.25,365896.625,618955.5,78642.390625,305529.15625,2,4,3,10
IND61947,27724,2008-01-10,BE15,136269.28125,12691.599609375,1,1487.81994628906,393333.96875,106097.8671875,144512.609375,35341.5703125,8706.9599609375,48762.69140625,1,1,3,11
IND22902,36843,2002-08-25,BE08,99093.140625,19900.33984375,3,3501.419921875,825497.625,73608.2109375,41220.6015625,19108.689453125,18445.76953125,167447.734375,0,2,3,12
IND36415,9429,2017-06-14,BE03,484083.75,31756.01953125,2,7886.240234375,1153726.5,1312296.5,320324.34375,499086,59339.01953125,754215.375,2,5,3,13
IND17053,34916,2002-07-05,BE32,84045.3125,19776.5,3,1544.03002929688,120289.3125,34566.9609375,22057.009765625,5757.8701171875,18889.759765625,204607.203125,1,1,3,14
IND93602,39275,2012-09-15,BE24,105267.75,32879.5,2,3408.60009765625,96089.6484375,473972.25,374188.625,149675.453125,8513.4296875,1153379.375,3,2,4,15
IND87324,8724,2009-08-21,BE45,102526.0390625,21319.58984375,1,4925.5498046875,219431.0625,1531869.125,746040.125,283495.25,40830.109375,216820.875,1,1,4,1
IND86489,41661,2001-07-06,BE18,124351.921875,24996.80078125,2,4314.6201171875,473165.5625,1159087.375,240565.296875,556799.3125,17240.689453125,289790.875,1,1,1,2
IND33219,18702,2015-01-29,BE43,109519.6484375,7229.990234375,2,1381.02001953125,229627.09375,44965.23828125,11339.0595703125,18599.970703125,29041.1796875,89790.8671875,0,1,2,3
IND92525,30792,2005-06-05,BE08,62681.87890625,19043.75,1,2323.06005859375,453629.375,235700.921875,129743.6328125,102929.9375,16167.7001953125,354073.40625,2,1,3,4
IND57611,42908,2000-09-16,BE16,51317.5,11454.25,1,2324.60009765625,419785.875,178265.140625,66471.75,75294.359375,24748.439453125,441110.84375,1,1,4,5
IND33962,10486,2018-09-30,BE04,23368.689453125,6392.8798828125,2,1024.09997558594,244356.234375,58857.6796875,67835.96875,21707.509765625,5802.2001953125,168890.03125,0,1,1,6
IND25477,39052,2020-05-14,BE11,137063.359375,17385.55078125,1,2992.5400390625,406311.375,147842.921875,90817.796875,73435.6875,28887.94921875,477317.3125,3,2,1,7
IND21399,26631,2011-04-04,BE32,42638.69921875,15049.7998046875,1,1793.82995605469,161088.828125,80407.609375,32758.66015625,37910.69921875,8061.52978515625,195265.5625,2,1,1,8
IND51180,25668,2013-02-22,BE05,144947.046875,21712.400390625,2,1105.52001953125,361603,129506.1328125,62262.55859375,155033.78125,391.869995117188,441428.21875,3,1,2,9
IND34917,32102,2007-04-02,BE09,89651.5390625,34484.3984375,1,1441.0400390625,75730.25,227310.078125,237642.359375,73669.1328125,8620.4296875,663583.25,0,2,2,10
IND99500,31985,2017-09-11,BE03,125518.15625,14427,2,1341.35998535156,309039.84375,246783.28125,120820.9765625,170306.171875,9985.25,842949.5,3,2,3,11
IND27808,15445,2006-01-16,BE46,212433.234375,12492.150390625,1,5253.33984375,1302282,1339990.625,304543.3125,575586.875,68816.640625,1344634.375,1,2,3,12
IND68013,37130,2012-06-07,BE28,432392.21875,57262.6015625,2,583.849975585938,1484948,1553625.5,797807.6875,589817.8125,27489.310546875,2376662.25,2,4,3,13
IND73002,31483,2009-12-27,BE14,309505.875,14034,1,8138.580078125,138266.09375,1685740.75,309878.8125,948229.125,20744.759765625,1508293.375,1,3,3,14
IND91167,30124,2013-07-01,BE13,245839.90625,5995.990234375,2,3888.97998046875,45681.0390625,133610.015625,96496.1171875,178097.203125,23080.23046875,453420.75,3,3,3,15
IND19266,43019,2015-02-11,BE28,123010.609375,13183.650390625,1,1710.85998535156,406604.21875,451472.90625,256626.703125,120234.3671875,404.839996337891,641971.1875,0,2,3,16
IND41224,29383,2004-11-02,BE39,332853.4375,11742.1796875,2,2923.25,195457.28125,128811.0078125,62105.30859375,124256.6171875,15412.0302734375,406706.78125,3,5,3,17
IND70122,14117,2006-05-23,BE16,225155.265625,15855.0703125,2,4199.22021484375,257892.890625,556022.6875,529545.4375,132386.359375,5119.5498046875,1010955.125,0,2,4,18
IND21599,41404,2007-09-13,BE15,191832.9375,61192.80078125,1,3854.44995117188,1131108.25,991058.25,444267.46875,233753.046875,29654.8203125,209853.40625,0,4,4,19
IND47190,12368,2004-12-25,BE47,114845.0234375,37392.4296875,1,3797.89990234375,328327.125,215160.765625,92499.0234375,86868.6484375,55163.62890625,1542433.25,0,2,1,20
IND84384,35879,2014-08-21,BE08,204170.59375,18233.80078125,1,4209.72998046875,902243.0625,244609.515625,86456.8125,139343.078125,38402.73046875,773583.5,1,2,2,21
IND18979,1628,2019-10-02,BE16,149316.84375,26054.400390625,1,1924.06005859375,232953.765625,184556.234375,57942.0703125,86162.0078125,720.340026855469,973020.8125,3,2,3,22
IND49334,25347,1999-02-07,BE37,114353.9609375,8347.599609375,2,4164.169921875,47289.19921875,974941.375,441973.40625,168469.875,50440.4609375,735249.75,3,1,4,1
IND13115,15103,2016-07-14,BE24,127319.90625,21277.30078125,1,2700.11010742188,498813.28125,1415618.5,713052.3125,167777.015625,35231.19140625,716817.8125,3,2,1,2
IND61086,1339,2020-08-15,BE32,268515.96875,56615.26171875,1,1876.91003417969,1115686,117731.25,81265.8203125,21087.439453125,78395.671875,1528818.125,1,5,1,3
IND50034,21612,2019-05-31,BE15,117611.359375,59393.1015625,1,2597.40991210938,672728.625,897649.5,407181.21875,424949.125,38196.19140625,1310004.5,2,3,1,4
IND94544,10301,2021-04-09,BE33,338354.25,41769.30078125,1,3435.55004882813,702584.25,1354185.5,837320.8125,237654.390625,6855.60009765625,2041772.625,3,3,2,8
IND96395,23106,2018-10-12,BE40,433576.03125,24844.01953125,1,4593.75,1058012.125,0,0,0,57862.0703125,1484760.125,0,5,2,9
IND50912,12833,2021-03-10,BE12,21648.310546875,5792.85009765625,2,879.530029296875,271617.03125,130679.2890625,196018.9375,30989.66015625,13377.7197265625,372718.75,2,1,3,10
IND83055,21573,2009-07-10,BE30,201624.359375,35242.01953125,1,2743.77001953125,215325.359375,114548.5625,50579.890625,108984.78125,27108.91015625,1162702.625,0,2,3,11
IND97304,4666,2010-05-07,BE45,191665.953125,18891.3203125,1,5542.39990234375,703944.5625,963737.0625,323643.03125,486543.375,50868.078125,1134052.375,0,2,3,12
IND66871,24732,2005-07-25,BE08,68974.15625,46500.62109375,1,6257.06982421875,488280.25,492769.9375,174853.84375,138770.375,78995.15625,1671574.875,2,2,3,13
IND50172,21266,2006-07-05,BE01,158182.0625,8128,1,2537.21997070313,385054.21875,670840.5625,647971,93765.2109375,34929.1015625,901834.125,2,2,3,14
IND25256,10559,2003-06-17,BE09,363674.0625,48830.25,1,2388.75,547854.375,1958573.5,423051.875,697722.1875,32338.130859375,1639786.875,1,3,3,15
IND35349,5702,2005-03-16,BE01,116995.296875,25803.759765625,3,5173.259765625,835236.6875,467665.09375,92167.5703125,171943.734375,37405.2890625,184692.578125,0,1,3,1
IND18663,41752,2019-01-01,BE01,312678.875,36217.48828125,2,2410,232904.125,318996.71875,343071.9375,142344.765625,8041.330078125,324524.375,2,2,4,2
IND44333,7401,2007-08-18,BE21,179214.84375,7625.83984375,1,4830.41015625,133589.15625,1098831.5,573303.375,171672.515625,19661.029296875,688949.125,0,2,4,3
IND78750,38144,2018-01-05,BE25,92257.21875,3185.82006835938,1,2855.84008789063,188851.15625,551246.25,235483.84375,320686.1875,25738.58984375,458120.625,0,1,1,4
IND51161,19182,2019-08-04,BE37,371154.59375,27938.349609375,2,1606.85998535156,643011.875,101813.109375,89086.46875,43426.12109375,48379.28125,878224.375,3,3,2,5
IND76383,27031,2018-04-13,BE47,90996.1015625,53228.44140625,1,4652.990234375,202183.171875,508705.4375,337675.15625,105907.2109375,40222.76953125,2156323.5,2,5,3,6
IND14845,28620,2016-11-21,BE20,88363.59375,2396.82006835938,1,4651.10009765625,289513.40625,313284.25,162907.796875,23433.66015625,42386.1796875,463309.9375,1,2,4,7
IND20426,10796,2003-05-23,BE15,49932.69140625,27622.720703125,1,380.630004882813,639697.9375,656176.25,136348.3125,162254.484375,45820.46875,1040900.375,1,1,1,8
IND76186,3148,2006-05-21,BE36,217568.28125,20333.25,1,877.739990234375,754059.625,346491.25,99403.2265625,193836.296875,69407.6484375,1110975.125,2,2,1,9
IND35748,33258,2020-11-15,BE42,64664.6796875,10189.4404296875,1,968.599975585938,63620.51953125,88598.21875,99021.546875,52290.3203125,12236.3603515625,174457.21875,2,1,1,10
IND55295,16301,2020-10-13,BE26,273943.4375,31529.8203125,1,1735.80004882813,709346.375,1901203.125,494621.96875,914432.375,57452.87890625,2461660.75,3,3,2,11
IND77847,39503,2016-11-22,BE32,31135.259765625,7688.39990234375,1,3017.69995117188,259726.359375,613385.9375,273484.15625,124239.953125,17087.41015625,704282.0625,0,1,2,12
IND89099,39353,2020-06-30,BE04,254494.359375,28591.6796875,1,2549.5,392579.25,151853.65625,154831.1875,165788.46875,22964.73046875,198653.65625,1,2,3,13
IND75515,2201,2010-07-03,BE42,301258.4375,12422.759765625,1,2728.2900390625,431187.125,1924837.5,757516.6875,503686.53125,10385.91015625,1011039,0,2,3,14
IND72150,17746,2013-06-14,BE09,116857.2578125,3676.32006835938,1,288.769989013672,289385.84375,119417.9296875,115300.0703125,91498.84375,19688.0703125,242944.546875,2,2,3,15
IND77948,17602,2001-04-13,BE08,168841.703125,9931.5400390625,1,5870.18017578125,581815,827479.8125,282554.09375,770161.75,10222.150390625,630789.25,0,3,3,16
IND46116,38489,2008-12-26,BE17,174354.265625,32175.990234375,1,6250.490234375,1083317.75,701988,277100.53125,267555.9375,50204.328125,1048697.75,3,2,3,17
IND92008,41863,2015-11-27,BE04,439025.40625,54862.19921875,1,6432.64013671875,1677910,2905687,1400582.875,820908.8125,81009.7578125,3062598,1,4,3,18
IND32087,15243,2019-04-07,BE35,99734.46875,20219.16015625,1,1499.05004882813,99562.40625,63984.19140625,43841.01953125,49267.828125,3357.81005859375,302583.125,3,1,3,19
IND16848,33464,2002-08-04,BE23,198219.34375,31234.98046875,1,585.380004882813,76295.1171875,52060.328125,41834.19921875,27099.259765625,5796.5,848195.375,2,2,4,20
IND95525,20052,2010-05-02,BE48,284185.875,34633.171875,1,3059.080078125,1385576.5,1508181.375,807954.3125,657136.1875,37926.3984375,930352.625,1,3,4,21
IND17508,20570,2007-03-20,BE10,41393.51171875,8353.919921875,1,484.859985351563,449273.6875,303063.1875,288631.625,38965.26953125,21848.919921875,385764.6875,1,1,1,22
IND56276,16197,2013-10-26,BE20,110634.59375,53911.078125,1,6032.990234375,863656.125,491522.75,419087.84375,86508.0078125,51942.28125,1249293.625,1,2,2,1
IND39354,13377,2012-04-02,BE25,246173.171875,28755.55078125,1,3498.32006835938,111984.4375,549814.1875,212663.96875,223400.90625,440.059997558594,696573.125,2,5,3,2
IND27001,12726,2009-02-15,BE32,174156.78125,6242.740234375,2,4121.759765625,1064873.5,1500152.125,767253.375,234298.5625,46303.8515625,1242500.625,3,2,4,3
IND73045,39295,2013-02-06,BE08,113018.140625,35999.6015625,1,6200.60009765625,823329.625,1043862,260965.5,798554.4375,40144.80078125,417688.25,0,4,1,4
IND99269,23986,2019-04-07,BE22,72256.1015625,21380.33984375,1,635.380004882813,509627.0625,532457.625,344531.375,352361.65625,35000.37109375,353693.90625,2,2,1,8
IND90516,25808,2010-12-23,BE38,374660.4375,62933.94140625,3,567.010009765625,592185.875,315905.15625,201525.703125,401471.875,38412.609375,625771.8125,2,5,1,9
IND54595,8988,2020-10-27,BE25,262363.6875,21253.220703125,2,1165.07995605469,129564.5234375,1133682.375,441539.4375,646556.9375,37874.80859375,1164877.5,3,2,2,10
IND81069,4058,2010-02-23,BE29,34741.078125,32926.0390625,1,1372.06994628906,446377.4375,992942,623883.875,277760.125,16752.75,601553,0,2,2,11
IND87002,19672,2002-01-17,BE48,149332.859375,16450.9609375,1,1940.05004882813,201418.125,1035073.8125,509812.5,299398.96875,26369.939453125,275078.5,1,1,3,12
IND26303,32705,2015-05-05,BE18,159587.3125,16346.169921875,1,2095.23999023438,257156.828125,390039.90625,225812.578125,70959.890625,61461.5390625,1604851.125,2,2,3,13
IND47408,17279,1999-07-12,BE33,222608.875,12398.01953125,3,2320.55004882813,527901.25,980906.3125,233166.25,456684.25,21955.5703125,1248832.625,2,2,3,14
IND24335,33198,2020-05-13,BE25,217266.484375,55805.05078125,1,1420.19995117188,1286734.25,1637696.375,706919.3125,282767.71875,78752.71875,723093,1,3,3,15
IND76682,41279,2014-05-12,BE47,357820.75,13509.990234375,1,3730.919921875,1385345,63685.80859375,25208.970703125,43186.94140625,12373.169921875,890352,2,3,3,1
IND95974,41969,1996-10-04,BE09,185224.4375,48836.078125,1,986.239990234375,2266543.5,2937042,766184.875,1661769.875,98676.0390625,1273738,2,4,3,2
IND93947,38288,2005-04-04,BE04,89464.296875,11944.33984375,1,4591.14990234375,414692.21875,837966.4375,309402.96875,402223.875,19344.380859375,291862.125,0,1,3,3
IND14471,8086,2008-03-16,BE08,181394.40625,23975.4609375,1,1649.96997070313,755733.1875,597364.25,251272.28125,113641.4375,51140.21875,1550188,2,2,4,4
IND88703,13708,1996-11-10,BE17,241627.6875,31251.19921875,2,8747.66015625,1763699.125,2134158.5,684234,1096077.75,57034.26171875,1030468,1,3,4,5
IND47036,10551,1996-03-02,BE44,343910.375,62158.48828125,1,798.090026855469,817278.625,523535.6875,243333.484375,390292.15625,583.239990234375,1448323,3,4,1,6
IND38886,8712,2012-07-15,BE12,109843.1875,37048.71875,3,6149.43994140625,1210157.25,1938117.375,689108.375,537504.5625,3250.07006835938,758862.6875,3,2,2,7
IND20053,2080,2000-01-05,BE09,90493.2578125,41330.25,1,1471.26000976563,120713.71875,228001.875,120000.9921875,156801.296875,30259.849609375,717355.8125,3,2,3,8
IND47894,23182,2012-08-31,BE05,215401.046875,59875.69921875,2,882.919982910156,363645.4375,463032.46875,469045.875,105835.9921875,53088.4609375,402108.4375,0,4,4,9
IND88607,18607,2005-10-15,BE29,95682.1328125,11891.650390625,2,1225.68994140625,77092.0625,718547.0625,185431.5,322650.8125,60605.51171875,638533,2,1,1,10
IND91152,16066,2009-02-07,BE02,79374.203125,12797.4599609375,3,3435.78002929688,308861.21875,679198.4375,284203.625,233046.953125,2706.61010742188,570277.4375,0,1,1,11
IND53812,26406,2021-04-10,BE36,401144.875,58665.359375,1,5276.18994140625,384347.65625,398228.09375,193732.59375,292751.46875,19834.3203125,1387979.5,2,3,1,12
IND96437,38732,2010-01-04,BE13,390058.28125,30999.599609375,1,2550.98999023438,121180,590538.5,624283.5,267598.28125,39935.44921875,834960.875,0,3,2,13
IND40105,20800,2013-04-15,BE28,282275.53125,32380.19921875,2,3753.34008789063,521029.6875,349786.125,377400.8125,60476.1796875,10875.1396484375,0,1,2,2,14
IND54599,3906,2019-03-02,BE17,261816.265625,28229.279296875,1,4348.31982421875,1836558.875,519403.28125,133267.9375,179262.46875,40575.96875,813538.4375,3,2,3,15
IND31887,3730,2003-03-19,BE28,118810.15625,22807.599609375,2,1707.57995605469,283417.375,428988.1875,225493.796875,214164.109375,29332.6796875,622683.0625,2,1,3,16
IND54112,34854,2021-09-20,BE32,268884.375,12529.6796875,2,3547.46997070313,231498.1875,446067.71875,388879.53125,157381.84375,15193.6396484375,754235.3125,2,3,3,17
IND75973,42143,2003-11-16,BE15,335526.8125,62567,1,5215.81982421875,1099840.75,2704170.25,712727.0625,1452705.5,81626.46875,1591725.875,3,4,3,18
IND67265,8329,1995-04-07,BE18,71153.1171875,3357.98999023438,2,1652.19995117188,262372.625,411362.40625,103676.703125,223841.34375,660.549987792969,698882.875,1,1,3,19
IND92210,12790,2020-04-21,BE42,153042.859375,11321.51953125,1,3839.02001953125,1043974.875,768909.5,273390.03125,352445.3125,4800.9501953125,287682.59375,2,2,3,20
IND37311,38265,2007-04-19,BE22,117573.890625,29474.279296875,1,7522.91015625,1475007.625,1053001.5,369336.34375,295704.8125,46731.8984375,2048937.75,0,3,3,21
IND93006,37723,2020-11-10,BE04,219948.15625,32740.6796875,1,4198.31982421875,217839.1875,223869.046875,125260.0625,168088.34375,7758.06982421875,644919.125,0,4,4,22
IND50691,14993,2007-03-10,BE01,389746.09375,35218.3984375,1,2219.89990234375,386539.65625,1252407.625,399704.53125,405478.0625,51611.640625,1909063.25,3,3,4,1
IND60221,23432,2013-07-13,BE18,222185.796875,44354.0703125,1,3824.23999023438,865214.1875,1023932,404810.34375,353931.21875,23356.990234375,1331501.625,2,2,1,2
IND50457,12025,2003-04-11,BE42,46631.30859375,21327.5703125,3,3706.7900390625,151883.9375,204987.25,56405.890625,66558.953125,18299.419921875,715134.125,2,1,2,3
IND61531,23489,2020-08-08,BE38,45899.16015625,29179.060546875,1,1080.36999511719,240303.953125,93779.2265625,93779.2265625,30313.5,15891.169921875,47541.640625,2,1,3,4
IND55634,445,2019-05-21,BE24,213562.546875,39890.12109375,1,4447.330078125,356462.125,0,0,0,40259.328125,521049.1875,1,3,4,8
IND73340,32821,2006-10-23,BE04,62265.140625,20300.16015625,1,2802.8798828125,141136.9375,565013.4375,239239.9375,275176.84375,11120.9599609375,583342.5,1,1,1,9
IND36571,10719,2001-04-01,BE36,77385.8515625,2471.85009765625,3,2914.84008789063,428019.96875,414347,260712.71875,143391.984375,526.260009765625,745917.625,2,2,1,10
IND48638,1031,1996-08-12,BE03,136921.890625,23715.419921875,1,954.859985351563,345598.375,111513.2265625,46463.8515625,87816.671875,476.609985351563,415285.40625,0,1,1,11
IND17470,27679,2010-11-05,BE25,121124.0234375,53804.3984375,1,7657.7900390625,370608.78125,1292973.25,317572.375,440971.90625,43959.37890625,507670.96875,2,3,2,12
IND90409,39013,2019-06-15,BE44,46065.0390625,15053.599609375,1,639.27001953125,286540.09375,826638.75,173663.59375,609559.25,18316.9609375,1111305.75,1,1,2,13
IND37142,42895,2013-03-18,BE27,260944.03125,21134.009765625,1,327.850006103516,500216.96875,298094.8125,343955.5625,81402.8125,32642.73046875,904332.0625,2,2,3,14
IND88367,23314,2008-04-02,BE03,226151.90625,6668.4599609375,1,1245.07995605469,446679.5625,86326.2734375,117157.09375,42546.51953125,2120.34008789063,756362.75,3,2,3,15
IND58182,5564,2004-09-06,BE12,126577.5,7851,1,5217.2998046875,1203236.125,181465.921875,37805.3984375,100940.421875,56313.8984375,1055124,1,3,3,1
IND35165,25364,2016-01-18,BE15,249185.875,24091.080078125,3,4896.60986328125,1252227.25,2569398.5,1275715.375,359536.125,33250.0703125,481759.125,3,3,3,2
IND24057,31081,2011-09-29,BE37,205494.125,14821.2001953125,1,311.450012207031,1886976.75,2365411.75,1544359.75,246315.59375,33050.05859375,1779026.375,3,4,3,3
IND73753,11036,1999-09-18,BE34,27514.689453125,6758,1,472.390014648438,72751.4609375,379435.5625,289466.3125,104755.5078125,19041.58984375,367893.84375,1,1,3,4
IND23130,22928,2021-01-10,BE17,292770.125,50378.3984375,2,2913.1201171875,207917.140625,359098.53125,410398.34375,60533.75,20133.2890625,437118.6875,0,2,3,5
IND49045,42531,2004-10-06,BE09,198096.203125,11072.16015625,2,6595.85009765625,114777.9765625,917484.875,732223.5,121478.5234375,20052.029296875,1698348.5,0,4,4,6
IND15747,42864,2002-08-02,BE23,362306.1875,44052.19921875,2,7059.6298828125,964779.4375,2774466,1439912.75,164360.765625,23523.130859375,1068650,0,3,4,7
IND20560,13518,2004-09-11,BE36,139988.21875,11940.2802734375,1,2725.8701171875,935799.5,124273.6484375,26695.8203125,36600.890625,26586.849609375,269082,1,2,3,8
IND89128,42936,2000-10-24,BE39,33068.69921875,33989.3984375,1,278.619995117188,55472.26953125,96495.5703125,28319.349609375,88817.8828125,30365.66015625,256321.890625,3,2,1,9
IND66207,41092,2020-05-08,BE11,174802.453125,65530.921875,1,6168.3701171875,955717,1776637.375,448471.59375,1225362.375,50727.609375,499975.5,2,4,2,10
IND40294,12377,2020-12-10,BE02,61636.2109375,16324.7001953125,3,3175.47998046875,287448.6875,103147.2421875,58137.53125,26368.1796875,9625.76953125,99371.96875,1,1,3,11
IND90506,3383,2002-08-04,BE48,95092.109375,21094.150390625,1,6448.990234375,101219.03125,677319.5,338659.75,242851.8125,23398.060546875,203476.0625,3,2,4,12
IND82575,42011,2020-06-14,BE33,137228.515625,44184.3984375,1,1433.47998046875,508536.53125,115188.953125,57594.48046875,171290.234375,7320.4599609375,900304.5,1,2,1,13
IND22602,18592,2015-04-08,BE28,86940.953125,12303.900390625,2,2040.84997558594,216689.703125,566112.0625,210537.546875,149247.71875,5029.06005859375,372413.1875,0,1,1,14
IND32945,36433,2006-11-22,BE39,248004.4375,33819.76171875,1,577.380004882813,189579.453125,1052953.5,579477.75,85225.6328125,13528.1298828125,2192573.75,2,2,1,15
IND24180,29021,2020-10-15,BE44,220337.078125,25245.4609375,1,1881.85998535156,744311,353911.5,109834.6015625,178176.125,13489.8603515625,512965.59375,1,2,2,16
IND43809,29484,2007-10-29,BE33,338674.03125,61516.19921875,1,344.329986572266,67113.140625,295854.25,309942.5625,122943.8828125,621.719970703125,952042.9375,1,4,2,17
IND86910,3962,2021-06-26,BE21,359289.59375,68461.1171875,1,1015.10998535156,993970.5,964151.375,815055.8125,203962.75,38662.26171875,1492177.875,0,4,3,18
IND17854,30951,2010-08-28,BE33,172210.3125,13336.3701171875,1,6019.43017578125,1691022.375,1119262.625,613521.75,116403.3125,23747.58984375,848784.5625,3,3,3,19
IND82540,30950,2009-04-22,BE03,373315.25,55703.7890625,1,4560,1006783.0625,688411.875,479567.8125,323321.53125,62882.578125,510841.34375,2,3,3,20
IND26234,34719,1999-08-30,BE11,238756.390625,33685.51953125,1,6721.43994140625,75127.9765625,254032.8125,184508.046875,50565.8984375,47314.26171875,703736.4375,0,4,3,21
IND38793,9401,2013-04-22,BE27,136993.015625,26132.33984375,2,2899.8701171875,328610.75,550592,308665.21875,78083.9609375,27069.73046875,708248.4375,3,1,3,22
IND49322,5411,1996-12-01,BE01,104969.7734375,16207.7900390625,1,4486.60009765625,204480.3125,1087915.5,566160.125,440605.78125,57773.66015625,191774.984375,2,4,3,1
IND86286,15970,2016-01-03,BE20,55803.05078125,4509.56005859375,2,2337.3798828125,796661.8125,1011369.9375,423364.15625,411133.65625,35180.98046875,716234.5625,3,2,3,2
IND92223,18341,2014-12-20,BE20,59987.48828125,13287.6796875,1,920.080017089844,897469.75,354030.90625,130256.6484375,242444.375,17771.19921875,1437562.125,2,2,4,3
IND68280,36480,2003-03-28,BE14,70501.0234375,2847.80004882813,1,1113.16003417969,137866.296875,190187.84375,90959.3984375,180981.640625,12921.8603515625,371348.1875,0,1,4,4
IND87450,1184,2007-05-07,BE41,59768.75,15256.25,1,1294,116161,106658.2421875,46662.98046875,99658.7890625,13589.2001953125,137838,3,1,3,8
IND51266,25316,2017-05-06,BE14,126495.3828125,26566.689453125,1,2357.3798828125,298416.40625,264490.46875,188281.34375,215806.28125,15867.16015625,520962.5625,3,1,1,9
IND68515,11154,2021-04-12,BE17,446770.8125,20431.73046875,2,1504.63000488281,866230.4375,3890598,1969923.125,482631.15625,49155.12890625,1156672.625,2,4,2,10
IND22846,6338,2020-04-17,BE15,303829.6875,13388.0703125,1,2446.86010742188,314467.3125,59044.12109375,20410.310546875,30440.51953125,29712.240234375,899282.9375,2,2,3,11
IND70559,40710,2019-01-31,BE43,56861.37109375,20159.0390625,3,324.049987792969,657736,1206135,705282.3125,316865.96875,16297.0302734375,1656805,3,2,4,12
IND58661,26906,1999-12-25,BE21,266959.84375,24591.69921875,2,5225.56005859375,628014.5625,646178.75,576945.3125,173083.59375,941.97998046875,509266.8125,1,2,1,13
IND23121,3684,2015-03-08,BE16,162388.328125,17051.400390625,1,418.609985351563,230956.265625,762328.25,418221.75,65591.9921875,459.429992675781,1244204.75,2,2,1,14
IND75610,4322,2020-10-30,BE47,152605.640625,16132.6201171875,2,1094.2099609375,283293.40625,370664.46875,248563.234375,195013.125,25294.880859375,265156.75,2,1,1,15
IND96933,774,2011-05-26,BE25,455859.875,20830.099609375,1,5386.419921875,807653.875,506526.40625,168842.140625,243793.359375,65502.671875,524468.25,0,4,2,1
IND59583,35292,2001-06-13,BE21,244722.65625,58019.3515625,1,5268.25,805464.625,335673,160539.265625,293349,20436.51953125,1591663.5,0,5,2,2
IND64445,20043,2012-10-17,BE16,145929,9192,2,209.580001831055,642987.75,528116.25,413585.03125,211564.640625,39254.44140625,207783.03125,3,2,3,3
IND16141,15016,2005-03-21,BE22,340620.90625,13051.75,2,1957.84997558594,361330.65625,408152.375,344818.375,190213.078125,12113.4697265625,1014594.8125,2,3,3,4
IND16245,17069,2008-05-13,BE36,87756.8828125,13734,1,611,378562.59375,127377.0625,66138.09375,29860.119140625,20495.01953125,86328.578125,2,1,3,5
IND51347,25594,2014-12-17,BE12,143783.203125,9774.2900390625,1,1838.16003417969,222209.046875,540814.5625,373162.0625,139151.59375,15997.3203125,784376.3125,0,1,3,6
IND74826,29157,2019-03-14,BE21,94100.4296875,17554.859375,1,699.989990234375,90544.7265625,650368.8125,218658.484375,355684.46875,12835.2099609375,273553.4375,1,1,3,7
IND49841,15087,2008-01-14,BE41,247280.34375,17404.41015625,2,2403.71997070313,143660.953125,192955.953125,291254.28125,59707.12890625,15073.3896484375,400699.71875,0,2,3,8
IND92294,32199,2010-08-24,BE38,331759.84375,31363.640625,1,2218.10009765625,1000955,475504.34375,324461.78125,279596.5625,51420.140625,835541.25,3,3,3,9
IND13248,31760,2010-01-26,BE43,67646.5625,1606.25,1,1407.57995605469,270694.9375,27280.609375,13010.75,14479.7099609375,8318.7001953125,238537,3,1,4,10
IND78119,40315,2008-10-31,BE05,345696.5625,10441.0595703125,3,1818.7099609375,717055.8125,147698.375,113349.90625,61895.921875,5289,471020,3,3,4,11
IND45023,33592,2021-05-24,BE44,112870.078125,32374.19921875,1,799.179992675781,900385.9375,1435680.25,396419.15625,526487.5,28185.830078125,1417066.125,1,2,1,12
IND25976,5071,2021-12-13,BE48,163505.3125,32595.119140625,2,4321.1298828125,768675.875,1230159.375,299786.71875,447715.96875,55078,1126976.25,1,2,2,13
IND39108,38823,2015-03-14,BE31,221165.78125,21311.16015625,1,7306.47998046875,782563,2140190.25,781992.625,430644.6875,20385.4609375,1253848.375,2,2,3,14
IND16958,36080,2017-02-28,BE48,91667.359375,22934.099609375,2,4658.14990234375,257599.59375,945239.6875,462564.09375,110143.8828125,38451.05078125,1143777,2,1,4,15
IND26204,6283,2012-06-13,BE46,64318.5,22468.5,1,5126.5400390625,535407.375,131688.703125,55760.078125,38355.8203125,33785.0703125,386056.875,3,2,1,16
IND99025,1031,2000-01-11,BE12,47528.2109375,20520.080078125,1,5525.2998046875,159111.390625,936383.125,664271.8125,170069.578125,56265.9609375,705328.0625,2,2,1,17
IND54417,16098,2015-07-18,BE05,69757.28125,46121.01953125,2,3893.15991210938,438835.90625,287835.90625,113512.75,251025.34375,14741.6201171875,354068.53125,2,2,1,18
IND76613,2785,1995-12-15,BE49,89384.2578125,9857.400390625,1,4683.419921875,283922.71875,99189.09375,48933.28125,18052.41015625,51384.05859375,608804.25,1,1,2,19
IND77083,31085,2006-05-10,BE05,137924.078125,17677.19921875,1,3310.23999023438,613845.5,269797.125,158704.1875,168226.4375,20991.259765625,868019,3,1,2,20
IND65802,32606,2014-05-01,BE10,54579.53125,41182.69921875,2,4508.169921875,825130.875,1168652,332461.34375,647997.375,53996.19921875,1012159.8125,0,2,3,21
IND80061,4609,2020-09-07,BE22,124234.2734375,8070.02978515625,1,1035.85998535156,153164.125,336228.375,205794.953125,90781.65625,20133.099609375,674567.25,2,1,3,22
IND68708,15241,2010-07-05,BE26,223989.1875,8430.240234375,3,5969.4599609375,637300.875,532843.875,146038.6875,243687.25,4696.3798828125,930966.75,1,3,3,1
IND90486,27231,2007-02-13,BE12,236722.4375,47236.5703125,2,6535.2001953125,535361.9375,681186.5625,396038.6875,154455.09375,11236.150390625,283675.875,3,2,3,2
IND78396,41213,2020-06-24,BE26,280142.40625,42962.3984375,1,2230.19995117188,1094204.875,0,0,0,21942.140625,301544.21875,2,2,3,3
IND80646,41861,2009-04-05,BE14,77026.8515625,27200.880859375,2,3224.84008789063,350098.75,1032296.8125,338963.125,470234.3125,47135.62890625,543992.9375,0,1,3,4
IND61166,28691,2013-05-26,BE24,73475.1484375,38312.3203125,1,2055.2099609375,203929.6875,410919,305555.15625,203562.953125,33945.6015625,302462.78125,0,2,3,8
IND64879,12428,2020-11-25,BE43,193779.1875,60467.30078125,1,7686.68994140625,795551.625,627662,158329.15625,386775.5,41536.640625,331996.875,3,4,4,9
IND59415,19815,1999-10-26,BE18,119101.3515625,35146.19921875,1,216.910003662109,740668.25,222029.984375,64933.30078125,130076.046875,37738.328125,326036.59375,0,2,4,10
IND97044,10729,2000-02-16,BE48,243077.734375,34902.69921875,3,4071.31005859375,222845.734375,1042355.625,614245.25,389208.125,15041.0400390625,1738690.125,3,2,1,11
IND68021,28581,2008-10-21,BE31,161778.265625,26341.19921875,1,2069.34008789063,856379.125,693314.75,445090.9375,402636.125,54605.23046875,777518.5,1,3,2,12
IND72946,529,2006-11-25,BE08,135668.234375,4835.52978515625,1,448.970001220703,572186.6875,446124.625,264886.5,203823.1875,29308.259765625,243587.28125,0,1,3,13
IND58634,16304,2000-03-01,BE25,283534.125,56172.75,1,1864.5,307744.8125,556885.5625,284771.03125,313248.125,2139.06005859375,731803.375,1,3,4,14
IND50985,19619,2015-10-26,BE45,187068.34375,33993.8515625,1,4178.47998046875,937917.3125,1303677,298932.3125,441091.21875,44780.25,1328572.5,0,2,1,15
IND23452,17677,2001-10-10,BE26,26691.560546875,2617.5,1,1493.71997070313,234570.75,455937.8125,242882.765625,108104.140625,17093.7890625,127376.0078125,0,1,1,1
IND77117,40157,1996-08-09,BE39,40920.83984375,18679.98046875,1,889.710021972656,516676.84375,275056.625,168894.4375,76726.3203125,8709.41015625,860302.0625,3,1,1,2
IND19327,17629,2020-09-20,BE28,42085.37109375,16982.900390625,3,3804.6201171875,339248.28125,332126.0625,210456.109375,65109.859375,45594.87890625,624929.75,0,2,2,3
IND96247,12818,2009-12-08,BE40,182270.296875,25891.19921875,2,1620.66003417969,122514.2421875,156565.34375,209738.484375,104514.75,20617.509765625,1109415.875,0,5,2,4
IND40048,14033,2011-06-06,BE16,125120.171875,20429.5,2,749.109985351563,498763.375,776817.5,512187.375,249264.515625,5281.3701171875,1029228.3125,3,2,3,5
IND29312,3959,2001-12-06,BE15,121752.0625,31512.9609375,1,2465.88989257813,704962.4375,391066.125,367000.53125,150169.40625,42508.91015625,600400.5,2,2,3,6
IND91194,18232,1995-06-15,BE21,190491.9375,23924.880859375,1,1403.68005371094,1366594.5,681478.125,234607.21875,382298.0625,8998.330078125,916987.25,1,2,3,7
IND29701,42233,1996-07-21,BE08,347932.8125,58421.6015625,2,622.299987792969,257923.734375,326853.4375,248798.875,152986.921875,41523.37890625,736855.8125,0,3,3,8
IND76758,16436,2008-06-01,BE03,183442.484375,42297.0390625,1,1993.28002929688,471206.78125,126741.671875,46412.44140625,138701.796875,45712.2109375,311211.0625,3,3,3,9
IND80021,39243,2009-08-23,BE02,74614.578125,6165.8798828125,3,461.440002441406,90295.5078125,374513.1875,135812.484375,297799.71875,70.8300018310547,131724.46875,1,1,3,10
IND90597,12601,2011-05-03,BE30,423137.75,16354,1,1116.90002441406,584990.9375,530781.5,336161.59375,641714.8125,40540.921875,0,2,4,3,11
IND36038,29534,1999-04-16,BE40,126994.671875,45002.16015625,3,918.840026855469,816538.6875,1418385.125,396667.03125,563748,19105.380859375,1653331.25,3,2,4,12
IND65968,24050,2019-08-14,BE19,185416.359375,50291.640625,3,452.320007324219,793668.25,1211394.125,600927.75,338808.8125,86244.3828125,2623646.25,3,3,4,13
IND22142,31952,1996-03-20,BE33,296441.0625,25646.919921875,1,2740.7900390625,1423871.875,954905.25,477452.625,288225.46875,32169.6796875,1595502.125,1,4,1,14
IND32126,42021,2009-10-06,BE17,66888.6328125,11009.3095703125,1,2046.46997070313,213976.703125,420132.5,227571.78125,140744.390625,2146.06005859375,561056,2,1,2,15
IND55096,16207,2000-02-09,BE25,178742.3125,18878.859375,1,443.019989013672,419469.21875,147522.015625,115304.5703125,46664.44140625,22403.599609375,706528.3125,2,2,3,16
IND62447,23549,2007-09-25,BE19,88000.0703125,13229.919921875,1,2354.21997070313,653528.875,1131215,463174.65625,397617.625,9357.1103515625,138982.5,2,2,4,17
IND68508,35626,2015-02-04,BE01,97918.078125,30549,1,1832.15002441406,782160.25,367026.65625,286582.46875,211869.921875,34597.1796875,377680.375,1,2,1,18
IND69834,35330,2019-09-22,BE01,328810.0625,27827.279296875,1,3220.0400390625,94231.1171875,284288.875,305347.3125,218902.4375,29725.69921875,140591.25,2,2,1,19
IND45589,34128,2012-07-07,BE33,99113.7109375,10702.23046875,3,4072.28002929688,247887.421875,697496,164948.375,238939.515625,23459.810546875,587505.125,2,1,1,20
IND64345,30447,2002-12-16,BE43,172352.71875,4285.43994140625,1,2762.3798828125,172387.015625,41045.7109375,19762.75,53435.4296875,7493.64013671875,677016.25,2,2,2,21
IND77099,17273,2020-10-23,BE38,170998.96875,48033.37109375,2,6876.8701171875,1354308.375,812601.8125,300662.65625,542655.5,38218.94921875,1687910.875,3,3,2,22
IND23075,7473,2005-10-07,BE36,357944.03125,44053.19921875,2,9837.830078125,1687860.5,272673.21875,123942.3828125,48750.671875,49768.87890625,1512885.875,3,4,3,1
IND95786,30336,2014-10-07,BE43,207395.953125,26423.080078125,1,7882.740234375,593839.3125,1353471.625,376529.71875,782164.125,66350.34375,1942767,2,3,3,2
IND30950,11171,2000-11-22,BE38,41423.421875,18651.4609375,1,793.340026855469,503119.15625,59947.94921875,32737.5390625,6356.18017578125,19520.44921875,887127.6875,1,1,3,3
IND22467,4425,1999-12-18,BE10,143170.1875,19029.599609375,2,243.350006103516,900692.875,0,0,0,19859.80078125,992065.8125,3,2,3,4
IND61104,8672,1996-05-09,BE44,199127.90625,21470.619140625,3,5785.64013671875,347902.53125,506306.84375,148913.765625,319668.21875,20108.740234375,1500775.125,2,3,3,8
IND31340,19509,2009-05-18,BE48,197866.90625,33104.9609375,1,2800.28002929688,642385.0625,334596.5625,185632.34375,28738.640625,12558.33984375,1158750.125,3,2,3,9
IND97227,32821,2008-11-11,BE22,71724.6484375,21190.16015625,1,1142.41003417969,557275.1875,108466.28125,22308.669921875,67179.859375,30545.44921875,887492.125,1,1,3,10
IND51772,26182,2005-04-14,BE22,433015.625,42292.6484375,2,1419.30004882813,1396318.375,0,0,0,34695.578125,1980824,3,3,4,11
IND97733,41078,2009-05-03,BE24,236954.140625,21430.609375,1,4829.31982421875,742124.125,189929.59375,101546.5234375,107263.2109375,22040.109375,1824725.375,2,2,4,12
IND94420,30428,2002-03-09,BE08,347506.84375,56643.140625,1,5535.39013671875,1077668.5,228420,218037.265625,50252.3984375,35022.859375,1801444.125,1,3,1,13
IND23132,33448,2020-02-17,BE45,81404.6875,19174,1,977.710021972656,171160.796875,176184.234375,116693.4609375,66149.171875,6541.14990234375,255239.984375,3,1,2,14
IND37935,21727,2000-03-15,BE02,184463.5625,28482.349609375,1,8958.2001953125,1013173.125,1997339,546035.125,641447.5625,38482.78125,1447952.75,0,2,3,15
IND82385,29634,2006-09-06,BE15,286833.78125,24870.3203125,2,4559.81005859375,689264.8125,155881.109375,86443.15625,60793.62890625,33450.55859375,473631.375,0,2,4,1
IND70540,19917,2017-01-01,BE17,234921.328125,24974.259765625,1,7956.2998046875,1236125.75,1166846.875,706531.1875,363970.59375,73406.25,534266.8125,0,3,1,2
IND64051,36869,2020-11-04,BE15,54580.1015625,10827.6796875,1,6272.77978515625,985812.9375,1484654.375,673708.75,539466,36491.58984375,1004302.9375,2,2,1,3
IND29216,19905,2013-02-11,BE23,243019.984375,47511.359375,1,985.289978027344,130808.171875,302827,400347.59375,72267.8671875,30474.439453125,654628.5,0,3,1,4
IND50658,20625,2012-02-20,BE44,66144.859375,11830.830078125,3,1875.4599609375,247173.703125,517617.75,222413.875,151039.234375,30576.689453125,738236.5,2,1,2,5
IND98869,14471,2003-07-27,BE42,44231.62109375,23320.439453125,2,778.030029296875,448474.875,210065.0625,169667.9375,124557.8125,7243.919921875,198561.453125,2,2,2,6
IND26568,31363,2007-03-02,BE23,262208.375,58676.55859375,1,634.140014648438,53339.6015625,413171.40625,191829.59375,338505.4375,22809.1796875,662886.0625,2,3,3,7
IND21009,26056,2006-10-09,BE10,162116.953125,47411.6484375,2,2642.1201171875,317002.40625,524488.625,334361.5,183112.09375,15214.6796875,1065429.5,1,2,3,8
IND21838,743,2009-10-29,BE42,98690.546875,31774.630859375,1,2657.1298828125,1579301.375,592875.75,228029.140625,88171.2734375,100465.96875,1242582.125,3,2,3,9
IND17701,2509,2006-01-08,BE17,82414.3828125,15019.75,1,117.819999694824,244323.640625,170188.984375,96968.140625,54500.05078125,16683.5703125,487931.125,3,1,3,10
IND95185,32700,2016-08-20,BE03,333873.96875,40151.25,1,2673.44995117188,976021.9375,272917.59375,169163.796875,68229.3984375,48750.73046875,587022.375,0,3,3,11
IND99321,6427,2011-02-21,BE11,101280.3984375,38744.80078125,2,4111.52001953125,0,135513.265625,117444.8203125,41406.828125,34137.76171875,442229.9375,2,3,3,12
IND93185,30588,2013-05-29,BE01,62546.71875,27911.099609375,1,2793.8798828125,329800.0625,244297.859375,217451.9375,61208.69921875,11470.4599609375,295167.65625,0,1,3,13
IND43584,10948,2006-07-20,BE31,323196.6875,57873.26953125,1,4821.39990234375,235971.0625,449101.84375,328993.1875,146845.84375,40135.69140625,1743999.625,1,4,4,14
IND19265,27891,2018-09-10,BE24,163975.078125,6904.3798828125,1,908.409973144531,514321.28125,144554.625,118812.0234375,43564.41015625,16099,675987,3,2,4,15
IND81391,13537,2005-06-18,BE43,402718.125,58736.609375,1,4112.85009765625,363138.875,476277.9375,339266.46875,341354.28125,21843.91015625,693155.0625,1,3,1,16
IND31357,42047,2007-08-10,BE10,192479.875,58742.30078125,1,7111.72021484375,181420.65625,1034708,808365.625,177840.4375,499.489990234375,292596.78125,3,4,2,17
IND73056,19145,2016-07-05,BE31,227250.890625,46770.0390625,1,3155.84008789063,251052.59375,2109610,697244,1112372.375,37511.8203125,695101,0,5,3,18
IND70935,16525,2017-07-26,BE40,76171.90625,62695.19140625,2,4554.02978515625,629673.6875,333106.9375,135872.5625,302426.03125,15128.2802734375,921513.125,1,3,4,19
IND52716,18803,2013-04-30,BE42,50643.44140625,15186.75,1,79.0699996948242,488341.34375,136187.5,32425.599609375,63554.171875,17281.849609375,59911.109375,1,1,1,20
IND22605,36850,2005-07-31,BE09,198506.328125,43878.44921875,1,2544.55004882813,292235.25,0,0,0,46739.21875,654069.5,3,2,1,21
IND55690,13782,2021-01-11,BE35,85031.171875,5254.58984375,1,677.169982910156,346606.25,352507.0625,252224.875,44944.6484375,7376.93994140625,0,2,1,1,22
IND13395,19581,2019-02-11,BE14,364513.875,48900.6015625,1,4294.490234375,63118.1484375,321916.53125,394070.25,80479.1328125,26637.140625,1005176.25,3,4,2,1
IND51390,16211,2018-02-11,BE33,287767.5,16043.75,1,4195.259765625,417783.625,419185.53125,644303.6875,109531.6328125,28074.740234375,893733.125,1,4,2,2
IND45563,35742,2001-11-08,BE23,132163.921875,19996.400390625,2,1988.56005859375,340874.84375,311874.15625,358422.5625,83507.796875,4649,154235.34375,1,1,3,3
IND39191,11231,2001-05-04,BE21,19831.490234375,20224.400390625,1,929.97998046875,397362.6875,63120.44140625,25412.119140625,41290.6015625,9690.26953125,270674.59375,3,1,3,4
IND15088,12337,2013-03-14,BE45,67454.4375,18561.109375,1,2850.419921875,202973.21875,515252.125,197330.59375,182421.171875,29202.529296875,460614.28125,1,1,3,8
IND36682,6739,2021-02-09,BE44,117770.2265625,13432.2197265625,1,4949.740234375,1170149.5,370857.625,162656.84375,113859.796875,19534.490234375,1166836.125,2,2,3,9
IND52986,38502,2015-04-11,BE21,403281.5,43655.921875,2,5223.39990234375,553744.375,478960.25,313393.75,236227.921875,5801.47998046875,1732498.875,0,4,3,10
IND61440,4019,2003-11-13,BE01,71031.7421875,35318.71875,2,1934.52001953125,543903.5625,2181586.5,891070.5,593637.3125,25402.0390625,604293,3,3,3,11
IND99015,41607,2012-12-18,BE38,102785.7578125,18023.19921875,1,3640.3701171875,1291456.875,540168.0625,148636.859375,267365.09375,108374.2578125,1918724.25,0,3,3,12
IND54373,36978,2009-10-13,BE04,284195.28125,33799.578125,1,4595.81005859375,829864.0625,762603.375,240078.84375,400790.4375,15438.150390625,1967483,2,5,4,13
IND87901,38178,2006-10-17,BE21,28916.560546875,18960.0390625,1,2537.169921875,411663.3125,556226.5625,322970.25,316391.25,29204.91015625,312349.90625,2,1,4,14
IND64411,4876,2010-08-28,BE28,230426.15625,24638.109375,1,1326.58996582031,381936.28125,141945.9375,76650.796875,196879,13577.8095703125,660537.125,2,2,1,15
IND51179,6858,2005-04-11,BE02,358617.15625,62413.94921875,1,1597.40002441406,735813.6875,540484.3125,315867.46875,320430,740.909973144531,882359.8125,2,3,2,1
IND74150,31754,2020-03-29,BE48,21970.970703125,7296.2099609375,2,204.710006713867,258938.796875,127319.2421875,108595.8203125,80997.5078125,8921.1201171875,116205.7578125,0,1,3,2
IND71806,2783,2010-04-21,BE40,157903.390625,24730.7890625,1,1723.94995117188,222678.453125,89287.6015625,54605.640625,19377.619140625,21003.390625,995856.75,0,1,4,3
IND92305,14885,2018-04-21,BE01,27469.919921875,15909.919921875,1,2995.13989257813,472794.65625,535094.1875,233680.375,124934.34375,30842.0390625,123411.296875,3,1,1,4
IND50530,15976,2017-05-03,BE14,150224.484375,13471.7802734375,1,10.6800003051758,48561.78125,175088.875,120894.703125,72661.890625,78.870002746582,405905.03125,1,1,1,5
IND23766,27916,2004-11-23,BE30,222977.359375,34262.6484375,1,5567.22998046875,278909.21875,821381.5,497151.9375,344331.75,34701.1796875,1256329.125,3,4,1,6
IND51999,41329,2011-07-11,BE30,53692.16015625,21817.94921875,1,3485.43994140625,492002.96875,1748950,511597.625,569658,35765.609375,1918772.625,0,2,2,7
IND74286,2474,2010-07-08,BE07,315625.90625,7689.9501953125,1,3854.919921875,173071.875,290695.75,349743.34375,107602.8515625,21933.25,413073.875,0,3,2,8
IND96410,14593,2001-08-25,BE22,68785.3125,6001.5,1,1473.23999023438,452592.96875,67101.7265625,40379.80078125,23182.759765625,5537.85009765625,716674.8125,0,1,3,9
IND19975,28644,2010-03-31,BE30,44664.01171875,22347.05078125,1,155.899993896484,861778.1875,856487.3125,417263.03125,176275.34375,36125.73046875,1149200,1,1,3,10
IND33502,16878,2017-03-01,BE41,102662.3125,29101.05078125,2,6378.3701171875,890491.375,147432.65625,36543.140625,60838.01953125,31572.0390625,432845.78125,0,2,3,11
IND66341,23361,2019-10-01,BE41,336627.375,34353,1,740.090026855469,257342.640625,1769697.625,1059031.625,321053.8125,30243.779296875,1803174.875,2,3,3,12
IND70050,33429,2012-03-11,BE46,388550.53125,72210.3203125,1,8095.64990234375,2381138.25,1246002.375,276889.40625,582506.0625,74882.8125,2238560.25,3,4,3,13
IND96601,42072,2020-01-10,BE36,335346.96875,11722.0498046875,1,3055.77001953125,543866.625,311496.34375,269963.5,306512.375,31149.359375,701015.625,1,5,3,14
IND95215,37847,2019-02-06,BE34,424394.34375,42781.51953125,1,2730.97998046875,1200805.5,805006.75,276991.5625,712214.5625,37754.3984375,1717982.375,2,3,3,15
IND77741,4384,2006-11-13,BE12,256234.921875,61022.76171875,1,6906.18017578125,1677991.25,1635153.75,649422.75,540876.375,58327.1484375,1427372.625,0,3,4,16
IND80280,12779,1996-12-13,BE16,36030.30078125,31578.359375,1,1219.38000488281,530279.4375,166642.0625,160313.875,54675.46875,18631.009765625,599993.75,1,2,4,17
IND41934,649,2003-12-09,BE48,199546.53125,12853.3203125,1,4383.22998046875,975487.5,781992.0625,243981.53125,286209.125,7917.75,2038248.75,2,2,1,18
IND90650,6011,2002-04-12,BE11,79425.6171875,9808.5595703125,1,614.919982910156,487050.59375,580085.125,199599.1875,496253.46875,32646.390625,510896.59375,2,1,2,19
IND94273,15239,2013-06-17,BE48,37600.421875,12698.51953125,3,821.539978027344,250595.953125,519934.03125,234336.46875,159495.265625,14215.33984375,389519.5625,0,1,3,20
IND44029,28171,2003-03-05,BE47,222815.171875,40789.28125,1,4068.80004882813,961006.4375,88271.9765625,29724.240234375,46468.890625,42918.8984375,912686.25,0,2,4,21
IND45063,38300,2020-11-16,BE16,141963.46875,12185.080078125,1,1073.26000976563,599113.5625,1209702.5,425951.625,332242.25,24756.849609375,413357.875,1,1,1,22
IND70183,42747,2005-03-18,BE36,75807.359375,17002.69921875,2,3280.3798828125,647520.75,26021.939453125,20395.580078125,14769.2099609375,23382.8203125,414144.9375,0,2,1,1
IND35875,30620,2003-12-16,BE35,196216.484375,46580.16015625,1,5982.169921875,1520783,570748.375,300623.1875,94543.8125,43542.98828125,1208409,0,2,1,2
IND75766,6433,2019-01-04,BE32,397676.1875,46862.55078125,2,10269.4501953125,772691.75,1282034.5,309753.3125,572699.4375,89158.1015625,1114325.5,1,5,2,3
IND52274,41138,2019-01-29,BE08,95884.8671875,13662.33984375,1,443.579986572266,49153.640625,529249.0625,543553.0625,144184.59375,7199.22021484375,998314.125,0,2,2,4
IND25512,15353,1996-10-12,BE17,170389.4375,44144.48046875,2,6518.7001953125,566788.25,2195313.25,1118367.125,160023.15625,316.190002441406,1866373.75,0,2,3,8
IND85958,6801,2006-04-08,BE05,77420.046875,25194.6796875,1,2804.3701171875,1802064.625,3047678,1552957,438710.34375,80730.171875,1959128,3,2,3,9
IND24266,16402,2002-09-17,BE19,163043.734375,21898.80078125,1,4012.27001953125,1072353,0,0,0,40255.3515625,1302218.25,1,3,3,10
IND19846,33054,2019-06-13,BE03,97502.578125,5150.33984375,2,1344.21997070313,157753.40625,150704.234375,101864.8984375,21098.58984375,20996.650390625,385928.65625,2,1,3,11
IND93267,28350,2013-09-20,BE05,191630.734375,31036.4609375,2,5646.47998046875,1397029,1049952.75,464733.21875,475060.625,2821.02001953125,703070.8125,0,4,3,12
IND80594,12419,2018-03-10,BE44,66802.2265625,21204,2,2798.67993164063,386424,531230.5625,249678.375,306891.90625,21076.900390625,649812.0625,3,1,3,13
IND80690,6674,2004-03-26,BE10,110364.7109375,24412.8203125,1,752.52001953125,94224.546875,350433.96875,303360.75,239445.765625,26551.580078125,479127,2,2,3,14
IND13801,8332,2016-12-31,BE45,125706.3515625,30939.5703125,1,4904.419921875,1617744.25,243600.03125,94621.5,54417.4296875,16818.51953125,526397,2,3,4,15
IND80847,14854,2020-03-23,BE30,30509.30078125,16039.1298828125,2,116.139999389648,447251.71875,127045.8828125,86132.796875,23471.189453125,33808.98828125,708654.1875,1,1,4,1
IND56469,23145,2000-08-13,BE43,174820.328125,39963.51953125,1,1423.86999511719,376822.875,933331,460184.03125,165407,48243,1101798.625,1,2,1,2
IND96719,31263,2020-09-14,BE32,214432.046875,19656,1,2129.39990234375,601115.75,506969.4375,321080.65625,297929.03125,6751.080078125,1457392.875,3,2,2,3
IND69161,35334,2020-11-04,BE21,158390.390625,42135.6015625,1,92.75,424424.84375,348631.4375,228195.125,401623.40625,2156.06005859375,787650.25,0,3,3,4
IND63563,32711,2007-07-11,BE32,191377.90625,43629.73828125,1,3899.22998046875,1444418.25,1425990.25,753353.375,556405.25,43399.16015625,1256997,2,3,4,5
IND33616,30784,2012-11-03,BE35,70008.453125,18547.880859375,3,243.300003051758,139171.90625,45857.71875,21291.08984375,41206.44140625,9063.16015625,34164.75,3,1,1,6
IND61446,9033,2000-06-10,BE01,65431.30078125,25178.099609375,1,2991.32006835938,352619,509618.03125,364012.875,180326.375,13655.5703125,680989.75,0,2,1,7
IND71063,24062,2001-03-19,BE21,315981.65625,43658.609375,1,6394.97021484375,758591,1045776.75,366021.875,679754.875,66448.1875,1445831.25,1,2,1,8
IND41653,7669,2021-07-03,BE30,66391.140625,13088.7197265625,1,141.300003051758,536031.4375,107038.7265625,72218.8984375,42557.5703125,3854.82006835938,755302.875,3,1,2,9
IND82371,33117,2001-12-16,BE40,51443.62109375,8991.83984375,1,7099.669921875,261255.796875,530295.8125,158750.984375,196918.765625,66527.8125,1738470.75,0,2,2,10
IND75420,14413,2001-01-17,BE01,209712.859375,16818.26953125,1,2467.830078125,226487.546875,39921.3203125,64187.21875,14653.4697265625,12887.169921875,96489.5625,1,2,3,11
IND95008,25002,2016-06-19,BE31,417117.09375,7290.91015625,1,7436.68017578125,981015.375,2057795.25,1248170.875,530641.3125,64086.921875,1188000.125,1,3,3,12
IND56438,7822,2019-10-04,BE40,82231.6875,14281.919921875,1,4312.7099609375,36652.66015625,743620.875,378112.3125,221825.890625,20722.359375,479827.46875,1,1,3,13
IND62378,34571,2012-05-04,BE17,158077.0625,26127.990234375,1,6228,262656.0625,1211126.375,622230.0625,454672.40625,41574.51953125,1004496.25,2,2,3,14
IND84180,15142,2019-03-17,BE48,277452.625,49296.44921875,1,2428.3798828125,205873.59375,141935.640625,171393.984375,107978.2109375,25416.6796875,601229.875,2,5,3,15
IND69349,18379,2004-08-12,BE13,350625.03125,27300.30078125,1,6833.39013671875,867561.75,796059.4375,314721.15625,299355.375,89702.46875,963282.9375,0,4,3,16
IND65968,8473,2001-10-27,BE34,185599.453125,23896.3203125,2,1233.15002441406,457126.65625,303143.84375,249011.015625,107399.53125,26623.109375,407741.25,1,2,3,17
IND83086,14376,2008-02-12,BE34,95819.671875,2697.80004882813,1,1816.93994140625,780831.5625,253946.59375,67504.7890625,103475.203125,9755.7998046875,351955.75,0,1,4,18
IND70927,11190,2013-02-28,BE21,30898.919921875,21343.5,3,845.989990234375,162813.125,150843.390625,149003.84375,34951.51953125,5480.14013671875,395819.65625,1,1,4,19
IND71808,17834,2004-07-02,BE45,66283.453125,28269.720703125,2,3500.19995117188,508481.5,363561.0625,331244.5,73439.328125,9567.9599609375,319287.625,0,2,1,20
IND17448,14779,2020-03-02,BE34,46525.21875,5173.56005859375,1,1349.77001953125,381700.40625,116082.890625,61455.6484375,40560.73046875,17195.669921875,597224.8125,1,1,2,21
IND24125,35662,2018-04-30,BE01,231731.078125,73595.546875,1,2370.78002929688,1198853,99957.671875,50540.3984375,37062.9609375,106.529998779297,652778.4375,2,5,3,22
IND96154,11043,2021-02-13,BE39,122947.0390625,31710.4296875,1,364.700012207031,34744.48828125,214791.359375,149788.703125,162054.4375,22845.439453125,177518.046875,2,2,4,1
IND35689,11467,1995-03-13,BE31,123401.703125,70315.5234375,1,5618.6201171875,1033489.8125,1572645.25,875211.25,344614.4375,85673.8984375,1678416.125,2,4,1,2
IND28975,21777,2011-02-06,BE27,342354.8125,25422.69921875,2,5913.22021484375,1475135.5,1251739.75,561804.4375,271243.125,64653.5390625,616714.625,1,3,1,3
IND39526,18447,2020-11-01,BE45,59012.3984375,22778.919921875,2,1249.73999023438,65119.83984375,66531.7421875,25265.220703125,43035.08984375,4403.2998046875,371481.53125,0,1,1,4
IND96775,18822,2005-10-24,BE05,162714.8125,21954.240234375,1,342.570007324219,342340.59375,81825.796875,35481.98046875,45424.1796875,24733.7109375,873421.3125,3,2,2,8
IND90131,467,1995-11-22,BE21,157581.375,33288,1,5292.4501953125,785409.8125,1042672.625,466458.8125,524354.5625,18663.80078125,1436150.375,1,3,2,9
IND68422,28613,2017-10-28,BE23,75751.9375,25677.080078125,1,6576.3701171875,467736.46875,434860.5,185978.078125,85768.7109375,22662.58984375,1703957.125,1,2,3,10
IND34367,533,2014-10-28,BE04,121290.328125,21999.779296875,1,2810.30004882813,1354505,2640689.25,604079.25,762865.75,2175.47998046875,1101119.75,3,3,3,11
IND56930,32252,2018-03-21,BE26,100123.921875,16866.900390625,1,5213.43994140625,1263579.5,300310.90625,226208.203125,144149.234375,52584.83984375,588852.5,1,4,3,12
IND47675,5209,1995-10-22,BE19,41697.19921875,19048.16015625,3,4324.18994140625,135573.46875,1188019.375,282047.75,458113.9375,30149.80078125,751123.1875,1,2,3,13
IND91448,20243,1995-02-07,BE20,20674.140625,22214.91015625,3,2668.36010742188,770743.9375,665784.0625,246586.6875,290972.28125,20937.560546875,316932.96875,0,1,3,14
IND37820,18920,2019-09-09,BE15,158667.265625,11230.9599609375,2,169.940002441406,595889.5,108528.90625,81111.078125,23522.2109375,25136.69921875,760343.5625,1,2,3,15
IND25754,8104,2005-09-06,BE06,42783.859375,8986.1103515625,1,3264.18994140625,703366.6875,0,0,0,44402.48046875,1159400.5,1,2,3,1
IND50610,38825,2008-08-03,BE28,73154.7890625,28365.119140625,1,6759.919921875,860465.4375,1636294.125,597876.6875,809650.9375,5187.43994140625,730930.625,1,3,4,2
IND26467,3351,2015-05-10,BE45,179278.40625,35155.73828125,1,5878.43994140625,271176.21875,153422.328125,71597.09375,46202.0390625,17116.169921875,1525523.125,0,2,4,3
IND73333,2054,2012-03-21,BE47,337287.4375,16309.5302734375,2,1813.65002441406,112600.9296875,211212.828125,171610.421875,161577.8125,413.339996337891,1031824.4375,0,2,3,4
IND69547,11955,2011-01-06,BE05,91325.453125,40384.3203125,2,8142.080078125,1722890.125,247701.734375,52064.69921875,104650.0390625,33788.12890625,1256481.75,1,2,1,5
IND14819,4878,2019-01-25,BE48,123570.3671875,7933.2001953125,1,1478.22998046875,464089.9375,19275.25,16761.08984375,5698.77001953125,25492.380859375,534089.1875,1,2,2,6
IND43846,9736,2012-09-11,BE10,208133.3125,23802.240234375,3,1476.26000976563,707351.5625,1525936.5,1074790,194125.65625,62873.28125,721018.125,1,2,3,7
IND50683,19885,2019-03-14,BE37,171731.734375,10815.3603515625,1,4130.68994140625,378784.84375,901622.6875,281306.28125,365193.25,19452.66015625,1341318.875,1,2,4,8
IND70906,31831,2020-06-28,BE12,89041.078125,17562.240234375,1,1276.31005859375,207413.109375,65425.859375,87586.2421875,17939.349609375,2289.92993164063,460558.03125,3,1,1,9
IND57481,39581,2021-12-21,BE05,90878.296875,40976.390625,2,1848.47998046875,1479472.5,1142056.375,692722.6875,216616.265625,3673.64990234375,945657.25,3,4,1,10
IND59872,23804,2021-11-12,BE37,194269.9375,52194.359375,1,3085.90991210938,1036239.125,1621386.25,594095.75,585679.375,6651.7998046875,848117.625,0,2,1,11
IND29699,24321,2006-01-18,BE10,244407.546875,7794.6201171875,1,160.919998168945,148105.875,1349926.25,714666.8125,177872.625,2931.96997070313,1464641.5,2,2,2,12
IND74437,19548,2003-10-13,BE37,89835.34375,10536.849609375,3,478.230010986328,1170365,1045397.5,872960.8125,210911.640625,43825.62109375,1325281.5,0,3,2,13
IND72103,40821,2021-05-27,BE26,251512.734375,44473.28125,1,3613.77001953125,337250.59375,136148.515625,122302.8984375,109541.859375,34364.6796875,251233.796875,2,5,3,14
IND49677,7641,2006-07-18,BE24,29990.470703125,3006.13989257813,3,2847.67993164063,416331.59375,154325.5,44093,84364.609375,16184.48046875,493787.5625,1,1,3,15
IND68590,34236,2019-09-27,BE49,89882.9921875,19533.2109375,3,2666.57006835938,857309,222362.1875,157424.546875,38569.01171875,62249.69140625,1491924,2,2,3,16
IND42163,29628,2007-01-02,BE29,166062.125,32686.83984375,1,83.8000030517578,94568.796875,136205.1875,63238.12109375,134989.0625,14772.919921875,336401.1875,0,1,3,17
IND25041,32066,2013-03-14,BE13,245836.28125,30283,1,759.190002441406,757839.25,97270.640625,74744.8125,16587.19921875,3237.40991210938,437606.28125,3,2,3,18
IND32204,23669,2020-08-03,BE02,340982.1875,51114.37890625,1,2538.76000976563,923578.5625,222884.5625,166278.953125,125629.0625,22111.560546875,1006246.125,1,5,3,19
IND94129,27712,2017-11-21,BE36,99927.6328125,6232.669921875,1,579.140014648438,115782.4609375,17503.970703125,13791.009765625,15276.1904296875,10968.3603515625,459031.78125,1,2,3,20
IND68054,22102,2020-11-29,BE31,98458.0625,5650.56005859375,3,2086.15991210938,470697.03125,417648.8125,263516.53125,229010.765625,5986.97998046875,376548.75,1,1,4,21
IND98980,16663,2015-09-16,BE39,38002.71875,22652.80078125,1,2262.88989257813,282746.53125,827644.3125,317523.90625,253758.875,11236.2099609375,254947.59375,0,1,4,22
IND77041,21182,2008-11-13,BE33,68540.5703125,15155.83984375,3,6049.740234375,208728.046875,1548129.75,1071782.125,266490.03125,68334.8828125,1016647.9375,2,2,3,1
IND56058,18625,2021-09-14,BE24,232630.34375,41074.0390625,1,3004.51000976563,256989.40625,47812.37890625,20320.259765625,34317.328125,24242.8203125,606146,2,2,1,2
IND89708,23116,2006-01-15,BE02,123854.65625,34316.4609375,1,6590.93994140625,721781.5625,193381.28125,108776.96875,108414.3828125,22412.759765625,734227,1,3,2,3
IND71190,16470,2015-02-16,BE20,281097.71875,19224.08984375,1,6240.58984375,612848.625,893388.8125,402900.8125,472970.53125,10046.0400390625,925647.625,0,2,3,4
IND70757,24059,2009-09-16,BE40,98764.34375,27175.619140625,3,425.100006103516,117867.7578125,29873.720703125,24108.609375,28301.419921875,16602.51953125,45228.19140625,2,1,4,8
IND15919,13943,1999-09-18,BE46,327053.34375,49660.3984375,1,3322.53002929688,198880.125,1120917.375,280229.34375,437157.78125,62268.4609375,1385623,3,2,1,9
IND59154,36156,2017-11-27,BE45,145351.015625,23670,3,4530.66015625,1266636.625,268319.46875,183442.90625,81317.2265625,60661.140625,1603253.75,0,2,1,10
IND25459,34581,2021-06-01,BE30,94711.609375,47943.9609375,1,11756.75,426759.8125,358461.90625,146643.515625,52535.62109375,26495.880859375,1540519.5,0,4,1,11
IND29817,25728,2018-05-27,BE03,129558.0625,2370.82006835938,3,916.099975585938,259774.421875,162718.234375,52883.4296875,97834.34375,6109.39013671875,104134.9296875,1,1,2,12
IND82819,25253,2008-01-18,BE35,26994.240234375,16050.2998046875,1,1862.7900390625,299906.15625,160834.71875,165496.59375,75032.890625,15247.41015625,167690.90625,0,1,2,13
IND48072,7488,2005-10-29,BE15,355157.28125,27284.80078125,1,634.299987792969,590881.3125,590910.25,284305.875,218525.296875,78541.7578125,915318.5,1,3,3,14
IND36436,28899,2001-04-24,BE02,41767.7890625,8383.9501953125,2,2441.01000976563,485044.125,110338.4609375,85261.53125,28086.150390625,22408.060546875,541229.5,2,1,3,15
IND85558,25079,2020-08-11,BE04,67275.34375,10237.1298828125,1,1931.83996582031,36150.6015625,65074.828125,19645.23046875,47173.12109375,28646.689453125,146020.640625,1,1,3,1
IND21262,4381,2011-07-14,BE03,242779.90625,13511.5703125,1,3344.5400390625,610132.6875,972181.0625,672252.875,206329.90625,1940.56994628906,361619.84375,0,2,3,2
IND25060,19292,2003-09-16,BE12,222899.453125,24385.30078125,1,3614.93994140625,1056210.125,533504.8125,376189.3125,184674.75,36158.12890625,692560.0625,2,4,3,3
IND50748,26661,2016-10-29,BE13,159565.953125,10513.3603515625,1,214.300003051758,30799.51953125,153777.15625,153777.15625,96286.078125,7605.919921875,150074.140625,1,2,3,4
IND53747,29856,2013-08-25,BE03,146013.296875,56286.8984375,3,5845.31982421875,501918.03125,540423,375169.6875,60741.76171875,37488.828125,1325879.25,3,3,3,5
IND17734,6705,2008-09-08,BE23,97226.3515625,8672.4501953125,1,230.460006713867,204220.484375,167557.21875,100534.328125,46245.7890625,17867.5390625,385574.53125,1,1,4,6
IND92033,16563,2004-09-04,BE49,141166.40625,15831.7001953125,2,733.150024414063,463993.9375,641428.5,174935.046875,485736.3125,19931.44921875,579505.625,2,2,4,7
IND52344,32951,2019-12-04,BE10,93955.28125,12466.080078125,1,3247.580078125,210735.84375,1055041.25,495223.4375,186893.03125,52917.30078125,886219.5,0,2,1,8
IND75455,27514,2000-12-09,BE02,320879.53125,51955.19921875,1,1144.31994628906,970674.4375,818115.375,553932.3125,310202.09375,32401.150390625,146340.09375,3,3,2,9
IND69891,18359,2016-02-06,BE11,54290.171875,42073.55859375,1,956.960021972656,643495.125,784410.9375,511572.34375,168818.875,23723.439453125,177830.796875,1,2,3,10
IND42851,21932,2020-10-10,BE05,330308.96875,16170.23046875,1,6638.08984375,402515.40625,761183.6875,239938.34375,446450.78125,6083.35009765625,1653819.75,1,3,4,11
IND74794,36803,2016-10-02,BE15,154172.703125,4635.4501953125,1,2203.98999023438,59079.37890625,96969.34375,53679.44921875,124259.28125,6013.97998046875,157943.515625,0,2,1,12
IND55441,10294,2020-11-01,BE13,157969.46875,42671.16015625,1,866.950012207031,93297.65625,340347.53125,417200.21875,114620.2734375,9192.5498046875,582802.8125,2,2,1,13
IND97245,11117,2009-07-10,BE45,109137.6875,29740.380859375,1,1592.07995605469,170751.625,163700.578125,143858.09375,128132.90625,6328.240234375,667411.5,2,2,1,14
IND80718,14362,1996-03-19,BE01,150527.1875,24319.80078125,1,669.739990234375,364947.375,240865.265625,164226.3125,218785.9375,1631.11999511719,115375.2890625,2,2,2,15
IND60540,28139,2016-10-03,BE45,183239.5625,28524.5,1,4405.4599609375,1563406.75,0,0,0,42021.26171875,1148859,0,4,2,16
IND84388,11139,1996-04-02,BE11,279987.375,30587.759765625,1,1908.18005371094,872874.25,229477.328125,212048.671875,87840.4296875,6347.169921875,967363.0625,2,2,3,17
IND73711,8126,2003-02-07,BE45,274732.46875,20300.330078125,2,1924.0400390625,254175.21875,417528.28125,404681.25,244800.03125,7197.509765625,754618.3125,1,2,3,18
IND70721,35543,2020-09-25,BE14,65580.3125,18432.380859375,1,1516.9599609375,361994.6875,196577.796875,211139.109375,152893.84375,16609.5,300334.4375,1,2,3,19
IND91832,25555,2006-04-22,BE40,212637,37999.421875,1,7325.2900390625,972318.75,1748132.875,749199.75,753084.5,75058.4375,1887293.5,0,2,3,20
IND95921,20342,2019-07-26,BE28,76947.921875,25379.580078125,1,1681.78002929688,642373.3125,572485.4375,288244.40625,136755.953125,14367.509765625,866120.5625,2,2,3,21
IND94561,30376,2005-02-19,BE26,129121.921875,18411.19921875,3,7002.93994140625,921744.25,1347837.625,390495.03125,1051691.25,51998.578125,1441628.125,2,3,3,22
IND38595,3533,2014-06-29,BE26,268015.125,27240,1,1025.68994140625,169872.484375,1151114.125,275266.40625,402389.4375,61204.73046875,1128644.75,3,3,3,1
IND31346,28206,2016-06-07,BE20,54145.80859375,17178.130859375,1,10499.599609375,402192.3125,2258828.5,1065485.125,234406.71875,71126.890625,2114415,0,2,4,2
IND70209,43148,2007-04-26,BE18,109428.7421875,19480.560546875,1,1157.22998046875,469326.0625,384533.625,210069.296875,145980.359375,18989.349609375,502983.40625,0,1,4,3
IND27981,10634,2001-12-08,BE35,50756.6484375,36316.69921875,1,2477.18994140625,585444.3125,86611.8984375,74455.84375,48821.76171875,3990.34008789063,404897.0625,2,2,1,4
IND79163,14319,2000-09-23,BE19,63531.7109375,8743.9501953125,2,5078.5400390625,890250.0625,696871.5,304515.28125,300767.40625,40070.5703125,727017.0625,2,2,2,8
IND59205,21907,2000-12-25,BE47,207771.28125,21864.1796875,3,2872.3701171875,342874.71875,899355.6875,648372.6875,357650.75,8222.669921875,197690.125,2,3,3,9
IND84529,38084,2012-07-15,BE42,46553.2109375,6493.5400390625,3,1323.02001953125,818243.625,292712.125,171968.375,217192.390625,26938.9296875,531592.375,1,2,4,10
IND63017,21813,2007-07-18,BE45,70523.2421875,16318.2998046875,2,1198.93005371094,159503.34375,368369.8125,212181.015625,76738.796875,12171.580078125,209649.953125,0,1,1,11
IND24293,3663,2006-12-20,BE43,68103.921875,14806.5595703125,1,1305.31994628906,238333.765625,139422.328125,53395.78125,56955.5,23111.8203125,624102.125,3,2,1,12
IND94962,39442,1999-04-01,BE07,137176.765625,8670.26953125,1,630.679992675781,403504.8125,531819.125,485574,111913.2421875,26666.150390625,769435.5625,2,1,1,13
IND35866,39618,2002-05-26,BE37,140915.203125,10232.5498046875,1,71.9300003051758,476721.625,309304.5625,317896.34375,78185.3203125,17307.759765625,133351.921875,0,2,2,14
IND55044,39118,2010-12-26,BE23,97850.6796875,22736.220703125,1,2457.73999023438,337786.625,1065152.125,253607.65625,405047.65625,13410.0595703125,219390.4375,2,1,2,15
IND94695,26978,2002-01-06,BE08,439605.09375,28966.5,1,5837.240234375,993887.3125,694245.625,368160.5625,827309.3125,26346.279296875,989192.375,3,4,3,1
IND28537,14869,2002-08-03,BE49,62182.98828125,6083.64013671875,2,3792.61010742188,522778.9375,666451.1875,517563.15625,120599.3125,35526.3515625,1037062.4375,3,2,3,2
IND85021,31436,2003-10-28,BE09,255296.03125,65724.796875,2,4377.72021484375,1415820.125,1404992.125,504356.15625,780070.875,38540.5,1358271.5,3,5,3,3
IND29986,16620,2008-11-01,BE16,85014.8125,29862.759765625,3,1951.93005371094,154547.328125,443776.84375,137167.375,173072.953125,41964.6484375,745880.0625,1,1,3,4
IND86878,29598,2014-03-03,BE16,55938.6484375,13609.6201171875,1,2625.1298828125,214211.09375,513784.65625,158087.59375,270329.78125,32885.19140625,426012.90625,3,1,3,5
IND60465,38996,2021-05-31,BE30,298461.75,11525.7998046875,1,2291.56005859375,604016.1875,390050.09375,470536.625,135217.375,17905.390625,218743.4375,0,2,3,6
IND73125,4043,2018-02-20,BE29,170196.203125,26256.48046875,3,168.839996337891,75106.8984375,341386.34375,242146.125,157911.03125,29122.630859375,774340.5625,3,2,3,7
IND98233,18041,2016-11-23,BE15,270186.78125,5663.7001953125,1,827.080017089844,317350.1875,226137.9375,162819.3125,358926.125,6046.2099609375,526534.4375,2,2,4,8
IND68679,18228,2002-12-14,BE02,214018.8125,42472.23828125,2,1383.56005859375,488480.96875,878001.625,361530.0625,278378.15625,37817.44140625,1731871.125,3,2,4,9
IND14562,18523,2014-01-02,BE39,31668.580078125,4810.9599609375,3,2440.38989257813,387639.875,1032771.0625,224220.046875,232169.65625,17761.560546875,1014635.9375,1,1,1,10
IND96926,23206,1995-11-19,BE25,83445.1171875,17088,1,2399.03002929688,699847.375,618018.8125,491436.625,311392.125,28526.76953125,1575375.25,1,3,2,11
IND40602,11430,2016-09-11,BE25,186157.65625,5956.2998046875,1,2568.830078125,699769.875,105428.9296875,53417.3203125,64494.390625,19971,544291.125,0,2,3,12
IND47214,26383,2018-12-23,BE16,329750.78125,17939.01953125,1,3587.98999023438,400978.71875,399400.3125,180374.34375,61842.62890625,30350.220703125,2706295.75,2,2,4,13
IND71720,39936,2007-05-02,BE26,286163.28125,28196.640625,1,684.429992675781,585370.3125,483785.8125,435407.25,258272.515625,18892.439453125,1005872.625,0,2,1,14
IND56484,5650,2009-04-10,BE39,267268.84375,28590.6796875,1,5722.25,706553,764881.3125,573661,196319.546875,54926.83984375,1121639.5,0,2,1,15
IND53058,21628,2003-06-05,BE07,301973.78125,48653.87890625,1,602.909973144531,486457.53125,1251600.75,667520.375,614675.0625,69766.8671875,1538615.375,0,4,1,16
IND95957,3931,2009-08-05,BE07,361194.75,45795,1,4129.2900390625,752660.8125,146937.265625,58091.46875,137574.28125,38908.98046875,1300895.375,2,3,2,17
IND38845,6970,2002-03-01,BE17,201718.0625,7726.9501953125,3,1573.72998046875,847474.625,1838374.25,337423.125,594795.5,65380.859375,1535701.125,0,2,2,18
IND99278,26036,2021-11-02,BE25,89395.0390625,19146.80078125,1,775.200012207031,76618.9375,685716.25,415038.78125,233083.375,11554.1298828125,1042244.5625,2,1,3,19
IND26586,33371,1995-08-03,BE17,83916.9375,1991.68005371094,2,3020.88989257813,556722.1875,312542.5625,245982.578125,26913.390625,24446.01953125,110532.5625,1,1,3,20
IND66416,21062,2014-11-12,BE35,185453.703125,34224.30078125,1,808.900024414063,81096.578125,57983.69140625,37145.80078125,51315.5703125,12944.4501953125,426419.84375,1,2,3,21
IND38924,26188,2020-01-25,BE04,197406.046875,11507.9404296875,2,5608.06005859375,973262.6875,1643958.5,375131.46875,524301.375,12894.51953125,402418.28125,3,2,3,22
IND36717,27603,2001-03-30,BE03,328178.8125,58406.76171875,1,3543.830078125,219621.0625,70177.953125,72826.1796875,42305.390625,33823.921875,488293.09375,0,3,3,1
IND73287,35330,2020-01-16,BE42,114861.3125,39705.62890625,1,122.599998474121,390831.875,831108.3125,473185.75,136131.90625,73873.140625,581359,1,2,3,2
IND21305,6046,2018-10-16,BE29,323979.4375,36752.671875,1,2910.46997070313,2080975.625,1199695.625,334798.78125,339262.78125,65549.2109375,1225924.25,2,5,3,3
IND86054,22754,2015-05-23,BE37,89581.21875,22710.720703125,3,1879.35998535156,205523.859375,348716.03125,357773.59375,107467.9375,889.010009765625,155807.734375,2,1,4,4
IND94339,20719,2009-05-07,BE16,86007.3984375,9009.8798828125,1,4231.60986328125,975004.0625,1551056,312225.5625,840893.9375,17761.25,1366749,0,2,4,8
IND24875,31639,2005-12-05,BE37,38135.12109375,14376,1,2302.80004882813,90593.9296875,470476.3125,363338.15625,61487.98828125,4458.22021484375,733259,3,1,1,9
IND77399,14249,2021-08-20,BE08,168548.8125,20687.490234375,3,4200.14013671875,479366.25,720023.6875,138466.09375,440322.15625,26218.51953125,1180921.875,3,2,2,10
IND32150,17594,1995-04-19,BE06,52311.3515625,20907.0390625,1,980.950012207031,253965.359375,101161.421875,44123.6015625,42541.609375,24562.08984375,594204,1,1,3,11
IND22235,32059,2016-12-31,BE17,348995.09375,60023.80859375,2,5243.7001953125,75319.859375,97133.4765625,81592.1171875,27793.130859375,20904.349609375,1145747.875,3,3,4,12
IND89957,20881,2011-07-06,BE03,151372.015625,28841.44921875,1,1263.67004394531,468449.34375,917482.5625,458741.28125,388664.625,8605.0302734375,1132663.75,3,1,1,13
IND95344,30948,2004-12-21,BE41,211439.78125,47870.12109375,1,8344.8896484375,530674.1875,737355.6875,391927.78125,329551.46875,34703.171875,492411,3,3,1,14
IND60238,25068,2010-02-26,BE42,111739.6796875,7947.31982421875,1,1404.7099609375,31372.19921875,432454.78125,149860.5625,253264.34375,22981.1796875,498825.25,2,1,1,15
IND63877,21252,2014-12-25,BE39,63751.51953125,21452.80078125,2,3814.69995117188,229166.265625,105668.65625,50235.921875,34195.0703125,20909.33984375,476986.34375,3,1,2,1
IND46444,29297,2005-12-28,BE33,52279.76171875,21017.759765625,2,2159.13989257813,976660.4375,1047262.4375,310299.96875,367705.46875,11617.33984375,338329.21875,1,2,2,2
IND90967,1814,2007-12-15,BE45,48676.3984375,2889.27001953125,2,1604.40002441406,74495.921875,75741.1484375,58466.8515625,87806.59375,996.260009765625,312041.125,1,1,3,3
IND62715,4858,2019-05-25,BE32,157185.09375,48841,1,548.090026855469,313641.875,520918.03125,404294.59375,347071.375,4902.7099609375,1113509.625,2,2,3,4
IND22819,25223,2013-07-15,BE32,220180.15625,17029.259765625,1,3655.35009765625,622004.875,295731.28125,213314.359375,157464.78125,6666.81005859375,458090.875,1,4,3,5
IND30005,24722,2008-04-30,BE16,263984.78125,26163.359375,3,1761.41003417969,307888.8125,284337.90625,258489,168017.84375,842.690002441406,88652.1171875,2,2,3,6
IND56267,4370,2013-04-10,BE08,85194.703125,2845.1201171875,2,1853.97998046875,42562.4296875,289365.40625,168358.046875,82390.21875,6928.419921875,489719.65625,3,1,3,7
IND90914,41547,1999-07-01,BE17,283653.71875,9129.900390625,1,296.089996337891,0,2542970.75,749850.3125,1038705.75,96113,1260093.75,0,2,3,8
IND12887,9785,2016-05-16,BE43,121607.6875,6142.39990234375,1,1114.56005859375,333286.5625,82101.2421875,42692.640625,33387.83984375,17758.080078125,200671.203125,3,1,3,9
IND32576,14845,2002-03-15,BE21,87332.6015625,16905.8203125,1,2297.86010742188,79256.578125,108744.40625,103801.4765625,13247.0498046875,11787.2802734375,414001.53125,1,1,4,10
IND64632,39940,2004-06-27,BE35,337285.09375,17643.419921875,1,8601.3896484375,1379713.25,1468580.25,367145.0625,593881.9375,29281.890625,1798583.625,3,3,4,11
IND39451,14599,2007-11-04,BE14,91733.46875,34793.0390625,2,1347.72998046875,267703.90625,686462.4375,239928.625,311374.03125,23695.869140625,821628.6875,0,2,1,12
IND93338,35664,2002-06-14,BE25,91056.078125,14258.9404296875,1,4114.97021484375,872782.1875,499696.3125,359781.34375,367776.46875,2899.42993164063,1192080.75,3,2,2,13
IND34903,26204,2018-10-04,BE31,112872.9375,6467.22998046875,1,658.539978027344,778983.4375,206388.484375,55896.87890625,60325.62890625,9882.3701171875,1044664.1875,3,1,3,14
IND48107,9938,2012-11-14,BE09,157179.578125,31953.390625,1,1795.61999511719,396817.71875,147773.0625,171105.671875,70516.2734375,7609.52978515625,246235.90625,2,2,4,15
IND52066,16475,2010-03-07,BE48,90299.9921875,10341.2900390625,2,1432.83996582031,243699.484375,162594.15625,88918.6796875,138713.15625,8755,431829.5,3,1,1,16
IND13323,1669,1996-06-15,BE47,169548.0625,13919.5,2,4898.56005859375,87256.75,629108.125,208367.03125,96169.3984375,46589.0703125,1556067.5,3,1,1,17
IND73501,7279,2004-09-09,BE15,69036.2109375,15960.9599609375,2,1143.27001953125,518304.53125,738171.4375,389879.28125,132558.953125,35216,469716.46875,1,1,1,18
IND33792,6583,2018-02-07,BE11,169542.75,37776,1,4553.60009765625,399086.40625,1743380.75,877872.625,243826.015625,33724.37890625,686156.0625,2,2,2,19
IND74791,928,1996-06-25,BE47,405234.65625,63185.921875,2,11039.650390625,1298729.375,2340901.75,907099.4375,578202.75,108387.5234375,1677986.625,2,4,2,20
IND27672,5884,2009-07-06,BE48,93963.8984375,14025.9599609375,2,2831.67993164063,184629.734375,390386.4375,226013.203125,181221.484375,46654.44921875,483555.46875,2,3,3,21
IND67115,2649,2005-11-03,BE49,307310.15625,15364.599609375,1,2729.169921875,320438.21875,619174.6875,422851,78126.75,9195.3798828125,287217.25,2,2,3,22
IND52289,7270,2014-11-13,BE15,103453.5,8983,1,4557.10986328125,399276.53125,942512.25,348491.9375,372569.5625,53789.7890625,135178.65625,0,2,3,1
IND43149,5950,2019-07-04,BE16,158271.46875,5466.77978515625,1,6840.990234375,1891943.75,2419115.25,600926.6875,714332.375,68045.1796875,1833578.75,0,2,3,2
IND72913,23779,2013-03-08,BE36,101285.0234375,33915.6015625,1,3632.94995117188,662146.125,1104737.125,920614.25,234756.640625,60285.76953125,1749833.625,3,2,3,3
IND14852,34404,2016-11-01,BE25,253872.84375,5571.1298828125,1,2467.0400390625,565655.125,78916.1015625,39458.05078125,52761.05078125,10962.6298828125,333489.375,1,2,3,4
IND68011,13495,2001-06-04,BE24,153146.625,7630.740234375,1,3506.2099609375,1187401.75,1419528.5,714592.5625,246051.59375,35088.33984375,1650593.625,1,2,3,8
IND91231,40609,2011-07-14,BE09,184133.234375,9751.080078125,1,914,470180.9375,150126.265625,174411.40625,54707.78125,25567.01953125,401293.3125,1,2,4,9
IND14605,30864,2005-07-12,BE15,78017.15625,6864,2,2082,424736.46875,276501.0625,251364.59375,54941.12109375,11632.4697265625,538018.375,1,1,4,10
IND41281,37767,2013-09-22,BE39,289639.03125,46736.71875,2,284.940002441406,1411625.625,1502607.25,539397.5,551212.875,35884.44140625,781504.1875,2,3,1,11
IND18810,27135,2008-10-25,BE14,33731.48046875,13942.080078125,1,1505.30004882813,64205.78125,495105.875,159534.125,214820.9375,26842.099609375,701990.6875,3,1,2,12
IND82994,26087,2019-06-10,BE46,92116.890625,33885.5,1,3782.59008789063,162624.125,1020279.1875,481798.5,513823.9375,9406.580078125,801593.5,2,2,3,13
IND91436,6082,1996-09-25,BE17,64691.109375,21673.080078125,2,10337.5498046875,2051947.875,1559547.375,495750.15625,633733.9375,31468.4609375,1905328.25,2,3,4,14
IND26113,24409,2017-04-01,BE06,275620.6875,49539.44140625,1,3034.77001953125,764208.125,1208603.875,835035.375,160854.1875,34122.21875,1557477.375,1,4,1,15
IND52376,37572,1996-09-21,BE34,265014.9375,9191.25,1,2691.31005859375,2333487.5,3515972.5,856454.875,1173793.875,62740.46875,861028.6875,0,5,1,1
IND39963,7790,2016-03-30,BE19,83976.6796875,8712.3603515625,1,4657.56982421875,642988.5625,99553.8828125,54977.51953125,14100.990234375,4651.2998046875,711621.0625,2,1,1,2
IND69382,32777,2004-10-31,BE26,30843.849609375,2760.93994140625,2,2442.94995117188,375495.65625,140632.734375,37402.328125,111084.90625,25121.25,658264.6875,2,1,2,3
IND42846,39757,2018-11-27,BE33,26777.400390625,2692.97998046875,3,2385.13989257813,74520.7890625,619039.875,121015.3125,261765.4375,11673.259765625,665923.6875,3,1,2,4
IND84870,19661,2001-04-19,BE45,130641.0703125,27325.5390625,1,6217.1201171875,741852.5,348671.71875,240676.046875,76028.953125,37929.30859375,107874.25,3,2,3,5
IND66083,31335,2005-03-12,BE33,34495.76171875,6816.58984375,1,1606.31005859375,313816.3125,413340.1875,233808.59375,176358.484375,20636.259765625,207558,3,1,3,6
IND79353,20177,2005-08-02,BE15,164815.09375,51955.8203125,1,2588.7099609375,325312.15625,337430.375,220863.515625,424057.9375,31529.599609375,673669.5625,3,2,3,7
IND32172,1033,2007-08-27,BE42,107321.546875,37506.23828125,1,2311.03002929688,241977.203125,163980.203125,230786.953125,48829.66015625,7226.240234375,220153.078125,0,2,3,8
IND81046,29280,2018-06-07,BE26,85695.953125,21318.640625,2,2099.15991210938,167155.875,361203.03125,240802.03125,174982.8125,21268.0390625,222571.1875,2,1,3,9
IND32055,29382,2010-09-27,BE42,73501.0390625,26561.8203125,1,1371.2099609375,332813.4375,406893.78125,152585.171875,179033.265625,22356.76953125,634366.875,1,1,3,10
IND77434,42902,2019-10-06,BE37,107496.9609375,12335.75,2,2920.18994140625,53270.87890625,165722.25,51558.03125,140532.46875,25310.099609375,756921.75,1,2,3,11
IND21979,23210,2020-06-25,BE42,112479.90625,41059.7109375,1,4486.43017578125,1336520.75,1607891.875,937936.9375,233144.3125,33188.1484375,858167.5,1,2,4,12
IND93882,6131,2002-09-25,BE04,57417.23828125,14002.650390625,1,1135.96997070313,316305.46875,149967.921875,123886.546875,112149.9296875,2178.68994140625,298022.53125,3,1,4,13
IND68640,22900,2012-02-22,BE32,75923.8984375,41772.3984375,1,5131.27978515625,847139.6875,299302.25,177138.0625,125706.9375,60746.359375,317164.40625,0,2,1,14
IND26629,40759,1995-09-11,BE36,312143,11784.2998046875,3,667.719970703125,117136.5703125,432786.09375,387569.625,160195.453125,14334.3603515625,140535.140625,1,2,2,15
IND19405,18511,2019-09-07,BE07,80694.359375,20594.9296875,3,3556.67993164063,883373.3125,1600437.125,662601.375,196231.9375,61991.71875,1505321.875,3,2,3,16
IND63706,21084,2008-05-12,BE05,134525.875,27954.9609375,1,5305.33984375,1028225.0625,879980.875,637986.125,434270.5625,58722.75,755999.5625,1,4,4,17
IND32364,29679,2017-09-10,BE05,389998.6875,11941.8798828125,3,351.119995117188,556818.4375,331476.75,313719.0625,186396.484375,39035.609375,948488.75,1,3,1,18
IND13011,6455,1995-02-25,BE38,184725.65625,6980.259765625,2,8645.240234375,1416842.875,1609057.25,393582.34375,382006.375,66035.65625,1396072,3,3,1,19
IND99653,684,2008-07-30,BE31,408724.625,67128.8828125,1,8298.0400390625,1939256.875,1980580.5,587984.8125,1199179.625,2008.11999511719,1813619.25,1,4,1,20
IND76462,13927,2013-09-22,BE07,154622.1875,11249.7001953125,2,1325.13000488281,315275.40625,279591.25,141611.15625,232569.078125,9280.16015625,364749.125,1,2,2,21
IND42541,27064,1996-12-15,BE35,79608.8828125,18496,1,3963.57006835938,484321.96875,580517.0625,211867.546875,161019.328125,37278.03125,514018.75,2,1,2,22
IND33915,10670,2001-09-17,BE39,268568.875,22914.640625,1,1692.88000488281,1524878.25,1719012,576928.6875,408324.21875,21131.369140625,1978090.25,2,3,3,1
IND79409,9776,1999-05-25,BE32,483509.96875,48809.19921875,1,11789.66015625,508334.96875,3384843.5,979262.9375,1241535.125,121035,1301617,1,4,3,2
IND31656,19020,2016-08-16,BE29,178665.875,48672.69140625,1,1214.06994628906,1006654.6875,540341.8125,364730.71875,205059.703125,38404.73828125,1614847.875,0,3,3,3
IND78167,12260,2014-05-26,BE26,98577.6328125,56161.3515625,1,5784.7900390625,532591.25,1472790.5,452044.625,1076595.25,51261.328125,1415772,2,3,3,4
IND70365,21123,2014-06-18,BE03,392641.09375,53905.8515625,1,9447.6201171875,1927925,3000646,854488.5625,1132694.125,22579.029296875,1910822.875,0,5,3,8
IND86656,4389,2018-09-22,BE37,408476.09375,18739.630859375,1,10403.0498046875,336890.8125,2680738.25,1446187.75,361899.65625,50887.9296875,454810,0,4,3,9
IND31800,11474,2011-05-22,BE13,105806.96875,9856.080078125,1,1192.2099609375,453765.5625,537259.3125,158619.421875,233017.046875,6831.58984375,966530.875,1,1,3,10
IND33945,30124,2015-12-05,BE19,69401.2109375,3297.60009765625,1,211.119995117188,530889.9375,226675.84375,70453.296875,56240.109375,19972.009765625,468691.5,2,2,4,11
IND93906,36070,2008-06-01,BE39,304304.4375,4215,1,7210.52978515625,984328,1746173.875,834454.75,852998.1875,42174.140625,1285732.125,3,3,4,12
IND15455,24995,2000-12-12,BE29,60079.87890625,41147.078125,2,4626.58984375,229342.953125,223456.296875,188541.25,22997.380859375,27676.150390625,121301.609375,2,2,1,13
IND94086,24379,2018-02-12,BE27,31919.919921875,2104.6201171875,1,4631.08984375,786649.9375,654671.1875,360069.15625,129063.75,2177.94995117188,1127938,0,1,2,14
IND60533,38304,2000-04-26,BE17,24695.470703125,2198.56005859375,1,2961.88989257813,238560.0625,93661.6328125,27378.009765625,40649.1484375,22675.41015625,127528.40625,1,1,3,15
IND95299,11794,2009-12-18,BE11,283690.34375,55813.859375,1,9466.919921875,497887.28125,2939594.25,1440203.875,644540.5625,90804.7421875,485154.5,2,3,4,1
IND52037,21131,2020-10-26,BE12,164952.703125,5372.06005859375,3,4375.43017578125,400864.125,383486.65625,331973.53125,201931.484375,30281,583585.25,1,2,1,2
IND58836,16666,2017-01-09,BE01,265206.5,18207.990234375,1,2765.44995117188,1400917.625,1017631.6875,459818.75,264584.21875,8843.5400390625,918604.25,1,2,1,3
IND52119,83,2015-02-27,BE44,205319.703125,55892.69921875,1,3732.80004882813,406934.3125,1829963,743887.375,624865.4375,36881.921875,2205872.5,3,4,1,4
IND47625,17789,2019-09-09,BE32,153074.8125,32553.919921875,1,1960.09997558594,378926.03125,934865.4375,210499.5,326893.34375,38065.53125,2138641.75,0,2,2,5
IND85850,36405,2019-01-24,BE18,236726,46291.62890625,1,4390.72998046875,141978.375,2261814.25,1210548.5,431974.6875,7244.580078125,2380418,2,3,2,6
IND44531,12024,2017-06-27,BE01,219866.953125,57893.5,1,806.890014648438,985605.625,871636.9375,461454.84375,138180.09375,9048.009765625,2885490.5,2,4,3,7
IND30404,31427,2011-08-07,BE26,89252.5234375,40894.26953125,1,3609.05004882813,1275625.75,917669.1875,553300.5,78946.5390625,40142.7890625,1816702.875,3,2,3,8
IND66163,12456,1996-08-30,BE11,91714.8671875,17365.919921875,1,6715.83984375,409370.90625,539509.1875,338515.5625,182798.40625,39718.12890625,1608167.125,1,2,3,9
IND17019,14000,2014-10-25,BE45,210198.0625,53140.12109375,1,6941.9501953125,359158.03125,2168373.5,827623.5,438640.4375,36083.69140625,2552969.25,3,5,3,10
IND50174,31812,2003-09-15,BE06,97272.796875,63385.73828125,2,2911.19995117188,710326.6875,672473.8125,186131.15625,339719.375,45223.01171875,837999.6875,3,3,3,11
IND25709,38441,2014-08-15,BE49,38769.12109375,22136.400390625,2,2060.07006835938,630268.3125,0,0,0,32172.30078125,563383.8125,3,2,3,12
IND65408,19971,1999-02-08,BE04,151622.890625,6327.43994140625,1,2335.07006835938,498311.65625,77375.9296875,67243.359375,23627.2890625,29542.060546875,1034374.3125,1,2,3,13
IND85664,3368,2003-11-07,BE02,121368.609375,12271.599609375,1,428.399993896484,796084.375,734785.4375,407405.8125,361718.15625,41433.62890625,984173.5625,3,2,4,14
IND16777,38815,2021-03-05,BE09,120699.640625,20714.369140625,1,8147.330078125,1333483.375,98391.8125,36979.46875,15399.3095703125,33630.578125,551140.5,3,2,4,15
IND67420,16215,2021-04-19,BE15,67009.9609375,44738.48828125,1,3681.64990234375,1561287.25,2662747.75,455949.96875,1326814.375,94104.75,779298.1875,2,3,3,16
IND50127,14405,2003-04-09,BE29,96970.5,11447,2,2675.36010742188,322551.53125,522621.125,204503.90625,298121.25,20784.640625,992813.875,3,2,1,17
IND86179,30792,2005-01-22,BE16,267003.90625,44556.80078125,1,1898.92004394531,532788.3125,1599883,346471.46875,759995.375,20617.58984375,1858738.625,2,2,2,18
IND85625,21949,2012-10-21,BE16,126128.0078125,13184.8203125,3,2736.65991210938,122046.3125,619711.875,283296.84375,346802.5625,26945.5703125,563428.75,3,1,3,19
IND21371,11552,2006-10-27,BE03,41843.48828125,22510.5,3,2900.63989257813,45830.16015625,1063704.125,260908.5625,232610.015625,19140.099609375,114520.0703125,0,1,4,20
IND78463,31539,2005-06-26,BE01,347255.25,42861.28125,1,5430.18994140625,302025,1112405.125,460693.03125,709354.875,60299.23828125,1886984.375,2,4,1,21
IND90097,24166,2021-04-25,BE19,107085.6015625,59011.19921875,2,6579.14013671875,1051478,591197.25,321680.875,132236.921875,92473.46875,2468737.25,0,3,1,22
IND91317,5073,1995-02-27,BE49,217507.203125,53270.12109375,1,1928.08996582031,827684.75,1002810.1875,990871.9375,239480.625,56953.2890625,652250.625,0,4,1,1
IND61281,9800,2021-04-12,BE43,143860.59375,23701.5,2,1040.34997558594,117625.1328125,153872.46875,100813,151325.625,16393.41015625,365977.84375,2,2,2,2
IND72001,31300,2005-12-11,BE05,90349.7578125,25990.470703125,1,4055.919921875,284797.375,1227071.625,442413.59375,396252.3125,20467.33984375,1056700.625,3,1,2,3
IND53908,8843,1999-12-12,BE29,176427.421875,27706.3203125,2,3806.8701171875,480303.4375,1089442,248469.234375,601104.375,54766.23828125,1954773.75,0,2,3,4
IND38662,23268,2010-02-13,BE28,85339.6171875,14677.01953125,1,4348.43017578125,590536,1908522.25,381704.4375,672852.8125,73264.703125,572709,2,2,3,8
IND25143,6006,2000-08-20,BE48,95433.8671875,7874.27978515625,1,3124,392978.5,239051.296875,118665.75,31988.16015625,30605.720703125,647400.75,1,1,3,9
IND84955,31255,2020-06-06,BE39,128311.796875,31757.650390625,1,4977.2099609375,590868.875,837308.125,334923.25,319541.59375,46048.73828125,417504.875,0,1,3,10
IND60929,10725,1999-08-26,BE29,139312.125,39531.78125,1,5601.14013671875,483612.90625,2077135.875,792591.3125,528029.8125,64852.23046875,939253.75,2,2,3,11
IND76718,23225,2003-08-25,BE49,119319.203125,10576,1,427.899993896484,39492.859375,32052.30078125,19231.380859375,40997.80078125,15670.599609375,562130.5625,0,1,3,12
IND17839,174,2020-04-20,BE18,520192.4375,7529.27978515625,1,8224.25,1265803.875,2262409.25,1331772.875,147297.296875,25701.419921875,676160.3125,0,5,3,13
IND70507,34108,2019-07-13,BE01,164456.625,15224.5498046875,1,2374.76000976563,286993.59375,484137.84375,497048.1875,148468.9375,14911.8798828125,184435.765625,1,2,4,14
IND60309,13571,2018-01-12,BE29,141462.625,17063.279296875,1,1695.19995117188,216353.703125,455923.6875,319146.59375,228189.8125,25975.869140625,847790.125,0,2,4,15
IND57420,34689,2005-08-24,BE04,35372.2890625,7869.1201171875,1,968.510009765625,49589.23046875,140517.640625,102194.6484375,134896.9375,1997.53002929688,267621.65625,2,1,3,1
IND73620,3360,2007-01-28,BE18,138843.125,2686.17993164063,1,5526.47021484375,0,1927415.875,976557.375,317638.125,49417.73046875,204951.8125,2,2,1,2
IND18821,9398,2013-09-20,BE08,231444,38136.80078125,1,2654.65991210938,348567.4375,1504666.5,709748.3125,130120.53125,18695.859375,1077679.125,0,3,2,3
IND65162,13889,2000-04-16,BE08,225201.828125,29087.359375,2,5931.89013671875,1119212.5,305496.5625,96676.1171875,275526.9375,54287.03125,1294712.75,3,5,3,4
IND78069,5791,2012-09-07,BE01,317499.0625,18870.55078125,1,6092.89013671875,1311917.5,407298.375,261567.75,118826.4921875,51714.73046875,1603901.625,3,2,4,5
IND15365,11247,2003-08-17,BE22,55235.69921875,12207.2998046875,1,655.780029296875,347648.9375,320943.125,248001.484375,60687.421875,7385.66015625,106479.90625,1,1,1,6
IND29462,16158,2006-09-22,BE46,150196.4375,66077.9609375,2,3824.43994140625,891587.9375,578676.4375,404280.8125,248593.0625,23281.7109375,409773.1875,0,3,1,7
IND22756,43300,2020-02-19,BE25,234132.484375,39704.3984375,1,190.940002441406,769636.0625,380438.9375,391006.6875,79680.8203125,9858.669921875,284781.75,1,2,1,8
IND83694,39546,2013-03-23,BE22,153831.921875,40196.19921875,3,2846.97998046875,247560.90625,21912.759765625,25679.01953125,9501.240234375,30877.08984375,713172.0625,3,2,2,9
IND35322,31927,2020-04-14,BE38,303654.1875,53198.01953125,2,3769.13989257813,638684,151985.078125,50661.69140625,54675.66015625,19502.51953125,1786195.5,2,2,2,10
IND55869,32822,2011-01-12,BE05,438620.09375,23921.83984375,1,10085.91015625,1465625.125,2192805,1334750.75,497671.375,37957.87109375,1429116.75,0,5,3,11
IND56377,28259,2020-07-22,BE01,259702.078125,25161,1,5447.06982421875,929781.1875,1769348.375,610120.125,536905.6875,11431.7998046875,1205359.75,2,2,3,12
IND15988,34024,2020-10-29,BE05,208180.625,25055.51953125,1,2210.7099609375,561524.375,174297.34375,177251.546875,61447.19921875,821.369995117188,173076.078125,3,2,3,13
IND73374,37788,2011-01-28,BE14,316841.8125,24151.76953125,1,1710.53002929688,953280.0625,82393.9765625,64084.2109375,51358.921875,43798.8984375,302227.65625,2,3,3,14
IND21502,14827,2020-09-04,BE03,139581.75,16584.5,2,2091.60009765625,860536.8125,955530.75,469802.59375,186089.609375,22869.599609375,0,3,2,3,15
IND29427,7587,1995-06-28,BE19,114326.4765625,13588.2001953125,1,3798.7099609375,41819.91015625,506132,215481.9375,182808.859375,12755.08984375,87887.5703125,0,2,3,16
IND71580,27272,2009-07-17,BE33,122562.96875,31939.1796875,1,383.029998779297,46697.2109375,225722.8125,91961.1484375,188576.09375,4302.77978515625,322417.5,2,2,3,17
IND91691,14982,2003-03-19,BE37,312862.5625,4803.990234375,3,601.280029296875,1650803.875,1344990.125,502003.34375,525303.875,5800.830078125,969603.125,0,3,4,18
IND45315,6423,2001-04-11,BE49,75468.5234375,12721.58984375,2,300.510009765625,250297.390625,64848.76171875,27020.3203125,39140.859375,4510.830078125,501587.9375,0,1,4,19
IND93375,13875,1996-12-23,BE02,300114.28125,21075.830078125,1,6228.35986328125,1571582.5,821290.1875,265100,305644.71875,35217.921875,2806283.25,2,3,3,20
IND20160,32643,2002-08-19,BE44,27292.529296875,14589.1201171875,1,217.779998779297,292330.375,382718.6875,130287.2109375,155041.78125,26925.2109375,240492.609375,0,1,1,21
IND21443,23741,2010-10-15,BE34,196324.953125,19666.6796875,3,1337.31005859375,1576657.125,1489199.125,586983.5625,285013.125,12574.7099609375,1610318.75,1,2,2,22
IND76903,3115,2020-01-27,BE36,42052.76171875,20838.509765625,1,412.369995117188,573119.5,727382,256415.25,280225.25,22730.880859375,671394.625,1,1,3,1
IND33223,9115,2012-11-28,BE45,59748.609375,10261.080078125,2,620.109985351563,332586.78125,137954.6875,35373,55299.7890625,26115.44921875,189132.484375,0,1,4,2
IND31198,15083,2002-06-15,BE20,102132.0390625,8098.93017578125,2,3620.77001953125,407811.0625,94268.59375,50841.48828125,36351.66015625,3991.05004882813,968598.1875,0,2,1,3
IND81185,9302,2011-11-12,BE01,343075.5,67354.1171875,1,3351.9599609375,1282807.25,1788480.125,705979,940520.9375,57412.359375,2670013,2,5,1,4
IND78244,41782,1999-07-31,BE48,273277.59375,12099.7802734375,2,415.350006103516,1359508.625,1712205.875,375850.09375,1087320.375,64122.98046875,1818194.375,0,2,1,8
IND34087,4640,2000-04-22,BE12,72993.09375,46214.98046875,3,786.169982910156,407350.125,124295.59375,75231.5390625,22983.779296875,9750.0595703125,1676388,3,2,2,9
IND35800,8360,2016-04-09,BE38,154254.484375,13832.099609375,2,2128.5,67300.2421875,98253.5703125,145625.828125,20878.880859375,12108.51953125,258688.75,3,2,2,10
IND67659,14023,2019-07-18,BE43,380645.125,5442.83984375,1,220.850006103516,678007.0625,2036733,626687.0625,773673.6875,94297.03125,2346744.75,1,3,3,11
IND52398,41439,1996-10-21,BE22,298478.75,6086.080078125,1,3117.52001953125,318659.0625,294532.28125,236677.734375,242989.140625,27583.560546875,427286.21875,1,3,3,12
IND70396,18430,2010-01-20,BE29,157737.21875,6555.35986328125,1,3673.44995117188,420009.375,49515.3515625,39012.08984375,36011.16015625,25108.779296875,394976.375,3,2,3,13
IND72422,26294,2017-02-05,BE09,27244.439453125,9861.099609375,2,1844.5,451198.6875,49304.05859375,21461.76953125,37273.87109375,1862.68005371094,163541.796875,1,1,3,14
IND67727,9994,2016-11-09,BE02,137509.265625,16254,3,332.709991455078,775503.125,296923.21875,178759.90625,120496.2890625,36503.4296875,251336.6875,3,2,3,15
IND94062,1779,2014-10-21,BE15,202033.875,45728.359375,3,5986.81005859375,1017414.8125,507310.625,406905.40625,145851.8125,43193.91015625,797337.75,2,3,3,1
IND16568,43267,2016-08-07,BE45,142734.734375,20664.75,2,5516.259765625,789031.9375,1690117.375,547831.1875,327416.53125,34889,404198.9375,3,2,3,2
IND42280,28199,2014-09-17,BE16,350852.96875,45714.23828125,1,2206.67993164063,266795.28125,231683.1875,186173.984375,170659.484375,30850.83984375,295577.84375,3,3,4,3
IND55262,2725,2008-02-06,BE29,349933.40625,24854.830078125,1,6029.68994140625,1240595.625,1597694.625,782763.125,251878.15625,16360.2900390625,1083760,0,4,4,4
IND24725,39098,2012-11-23,BE26,127936.890625,5764.97998046875,1,1003.60998535156,566495.0625,424789.34375,324181.34375,140851.203125,3667.06005859375,456755.96875,0,3,1,5
IND41923,25726,1999-12-18,BE28,129533.6171875,7558.9599609375,2,102.199996948242,270313.6875,180482.65625,164075.140625,123056.3515625,15560.4697265625,136567.921875,3,1,2,6
IND98787,25267,2001-05-26,BE19,361731.4375,22398.150390625,1,11092.5,1141430.625,2114375.75,466406.4375,1349469.25,80566.453125,1577548.75,0,4,3,7
IND34623,15555,2020-02-27,BE35,303763.6875,18748,2,2710.80004882813,0,160252.625,94964.5234375,139241.734375,24158.740234375,1022889.625,0,3,4,8
IND99131,42719,2009-10-15,BE02,31464.859375,33157.3515625,2,1983.15002441406,226743.375,25861.369140625,11936.01953125,34813.390625,4090.61010742188,246519.59375,1,2,1,9
IND65458,29486,2008-06-20,BE19,237555.671875,31495.380859375,1,4630.47998046875,631277.0625,148859.671875,58823.578125,58163.30859375,28213.419921875,194224.25,3,2,1,10
IND96867,24331,2012-02-07,BE38,149517.234375,5348.33984375,2,982.409973144531,166780.46875,191978.84375,155527.15625,107605.3515625,19761.029296875,692940.75,0,2,1,11
IND31097,41540,2020-06-17,BE15,260673.265625,44763.55078125,2,7308.66015625,903118,873786.25,250526.140625,237938.734375,3691.96997070313,1250733.375,3,2,2,12
IND71984,36182,1996-11-16,BE22,168490.296875,7155.47021484375,1,2894.8701171875,175990.1875,453952.59375,323363.5,301474.28125,21003.0703125,697330.75,3,2,2,13
IND19583,19164,2008-01-20,BE28,123556.5,7569,2,2383.5,573503.625,123112.6875,59094.08984375,58831.44921875,26104.130859375,0,1,2,3,14
IND26127,25828,2001-05-16,BE09,156939.9375,23903.619140625,1,1494.34997558594,1265995.625,1418542.625,1070598.25,163266.234375,48923.78125,232215.078125,1,4,3,15
IND15735,6184,2019-10-26,BE16,92225.578125,12780.2998046875,1,3571.19995117188,0,391405.90625,258725.953125,37946.46875,37221.08984375,496597.90625,3,2,3,16
IND35589,28839,1995-01-22,BE12,199850.359375,18316.80078125,2,5107.759765625,449774.65625,1248443.5,736261.5625,231548.9375,16624.259765625,766890.0625,1,2,3,17
IND48252,1943,2012-11-25,BE40,80729.6484375,12828.240234375,1,394.179992675781,106586.3671875,128237.953125,90397.25,97061.421875,4632.02001953125,436776.9375,2,1,3,18
IND28622,32609,1995-06-27,BE14,451132.1875,38725.19921875,1,206.509994506836,475981.5,1506304.25,772714.5,129405.21875,116257.6796875,3180344.75,0,4,3,19
IND26976,1226,2019-07-09,BE49,124127.1015625,33807.83984375,2,3862.2099609375,130343.8203125,197265.75,77190.953125,85081.578125,19753.619140625,1067529,2,2,3,20
IND55010,8399,2009-09-01,BE49,55718.69140625,41978.75,2,477.350006103516,380781.25,685843.3125,303953.28125,408856.125,32910.71875,1247123.875,0,2,4,21
IND27334,6560,2003-10-23,BE20,32983.26953125,6236.4501953125,3,1536.08996582031,263545.125,125695.25,148972.15625,51954.0390625,6279.66015625,381630.90625,3,1,4,22
IND88663,26221,2013-02-27,BE39,84036.6328125,43773.76171875,1,1558.84997558594,720377.875,1700635.875,597520.6875,639806.75,39322.44921875,1554479.125,1,2,1,1
IND51758,8839,2002-04-21,BE04,123895.1796875,5068.7998046875,1,3868.80004882813,875626.25,98856.34375,78894.9609375,13573.740234375,11871.48046875,946680.875,0,2,2,2
IND87441,31059,2015-09-27,BE21,253649.8125,58796.25,1,4245.7900390625,1007881.8125,975039.8125,769768.25,295077.84375,19506.109375,867041.25,1,3,3,3
IND68843,29780,2017-10-06,BE37,82457.1328125,20286.400390625,1,3758.65991210938,308889.125,1159374.75,424346.3125,326746.65625,27230.080078125,868667.4375,1,1,4,4
IND94313,40771,2014-11-06,BE17,327967.5,40894,3,257.859985351563,1066131.375,929108.75,470587.53125,890617.0625,10005.4404296875,288948.5625,3,5,1,8
IND15955,26992,2015-05-29,BE13,113678.3671875,24738.48046875,1,3529,397665.40625,280450.125,146541.5,55180.44921875,1292.64001464844,792193.5625,1,1,1,9
IND98364,18878,2014-05-23,BE20,140846.75,28370.880859375,1,2361.31005859375,354919.4375,55923.37109375,50745.28125,65492.48828125,21011.7890625,545173.3125,2,2,1,10
IND85031,37065,1996-03-06,BE19,234556.9375,17849.970703125,3,8675.099609375,225528.796875,2894745.75,1654140.375,463159.3125,44681.87109375,2302105,1,3,2,11
IND95645,30786,1995-03-07,BE13,154270.546875,20619.91015625,1,2807.39990234375,132475.4375,114627.1171875,88779.828125,28791.640625,19252.1796875,104412.8984375,1,2,2,12
IND59038,32182,2021-01-15,BE22,81006.8671875,17809.48046875,2,1622.43005371094,413468.34375,503726.78125,215228.703125,218434.25,20883.970703125,283949.25,1,1,3,13
IND24649,1710,2001-03-20,BE34,172375.421875,16566.55078125,2,768.359985351563,304882.15625,763217.8125,654186.6875,110708.5078125,26099.349609375,515874.9375,1,2,3,14
IND73983,17470,2001-08-08,BE22,203260.40625,29257.599609375,1,2493.85009765625,245005.5625,33214.2109375,42272.62890625,8293.490234375,4039.52001953125,358805.3125,1,3,3,15
IND60147,10127,2007-02-11,BE46,222610.25,32114.55078125,1,4860.35986328125,726726.3125,745869.0625,313151.125,233155.25,8362.580078125,1733411.375,0,2,3,1
IND43511,39743,2021-02-08,BE37,325553.40625,16082.0400390625,1,5026.259765625,429697.6875,160456.609375,112753.296875,79100.7734375,20017.30078125,483418.84375,0,3,3,2
IND21887,23000,2005-10-13,BE33,81557.859375,2484.15991210938,2,548.409973144531,261970.484375,218097.359375,101579.59375,114366.671875,14742.150390625,345344.84375,0,1,3,3
IND77252,6002,2019-10-23,BE22,48808.69921875,19953.359375,1,1478.4599609375,397891.71875,37777.30078125,32888.46875,12248.73046875,10781.16015625,381101.78125,1,1,3,4
IND87256,28278,2021-12-29,BE42,57811.91015625,21385.619140625,1,1606.22998046875,210369.078125,245564.5625,106326.9296875,167388.953125,7742.5498046875,73552.5234375,2,1,4,5
IND48208,1522,2020-06-08,BE36,520328.34375,62081.55078125,1,5295.64013671875,352774.03125,1893592.375,717269.8125,573815.875,93384.1328125,1091854,2,5,4,6
IND33951,13069,2021-06-20,BE05,123095.0390625,10598.2802734375,2,3437.830078125,311057.90625,123840.328125,104183.1328125,62824.390625,24727.630859375,689610.125,3,2,1,7
IND71913,30087,2005-02-13,BE35,374004.84375,17198.359375,2,4852.0498046875,161108.421875,947081.625,531525.375,439233.25,62690.25,209401.265625,3,4,2,8
IND32579,27354,2006-10-20,BE15,173417.28125,21102.529296875,1,1497.69995117188,913504.125,1333557.625,586387.0625,240797,5133.93994140625,138394.296875,3,2,3,9
IND96364,17985,2008-02-21,BE46,119608.0625,6414.509765625,1,5695.10009765625,655227.3125,1290257.125,673674.125,571138.625,83488.78125,185471.65625,0,4,4,10
IND84055,20192,2017-06-06,BE45,328563.125,15597.099609375,3,7947.64990234375,1671602.75,1373913.625,865056.6875,170975.90625,34410.76171875,1902701.625,1,5,1,11
IND59380,23510,2016-09-04,BE01,362402.9375,25500.5390625,1,4067.21997070313,266042.90625,723632.375,397115.34375,436826.875,4711.93017578125,291200.9375,3,3,1,12
IND28522,13553,2013-01-25,BE35,374191.65625,45817.66015625,3,4080.9599609375,193267.5,254260.921875,138282.265625,193907.40625,22373.369140625,188704.453125,2,3,1,13
IND80461,40723,2013-08-29,BE13,58873.6796875,39323.16015625,1,1993.52001953125,313287.78125,633403.875,218231.59375,342304.25,48828.1015625,1428132.875,2,2,2,14
IND62950,18822,2016-09-24,BE15,38216.7109375,8191.43994140625,2,3223.9599609375,304642.65625,201446.59375,120867.9609375,66016.9296875,21665.830078125,137109.671875,0,1,2,15
IND88639,11409,2004-10-12,BE09,325636.34375,45349.1484375,2,530.700012207031,1144309.125,1110462,431846.3125,521388.34375,57862.73046875,1754651.375,2,3,3,16
IND64775,22590,2012-02-26,BE07,109646.8671875,7193.5400390625,1,3297.61010742188,638694.5,677674.9375,258887.046875,477418.15625,34929.51171875,1018328.625,0,3,3,17
IND58749,19508,2018-08-18,BE02,364489.59375,35861.0390625,1,8167.39013671875,879425,1005529.0625,527902.75,279034.3125,56863.30078125,1107826.875,0,2,3,18
IND63712,32245,2001-12-29,BE04,169541.375,20865.119140625,1,1544.14001464844,560790.1875,322882.28125,163850.703125,298979.375,22686.150390625,104774.7890625,3,2,3,19
IND38974,2534,2000-10-28,BE41,204540.484375,53063.19921875,1,10184.400390625,803290.8125,405882,105529.3203125,118842.25,101378.3984375,1343016,2,3,3,20
IND27949,9247,2012-03-05,BE26,262626,34083.75,2,4066.34008789063,434678.125,562156.125,401540.0625,136214.75,24605.490234375,1628595.875,2,3,3,21
IND48913,16815,2006-09-27,BE17,246513.15625,6769.9501953125,1,3692.919921875,1371805,1429313.75,479841.03125,438288.84375,48423.76171875,1696621.125,2,2,3,22
IND38755,5861,1996-05-07,BE41,477341.375,34325.1015625,1,3918.63989257813,222342.046875,594355.5625,463247.71875,295779.28125,43179.05078125,1080448,3,4,4,1
IND36748,22446,2010-11-27,BE38,231177.9375,54564.05078125,1,1425.31994628906,828681.8125,1281296.375,1000631.4375,155952.0625,13023.3603515625,1406245.25,3,4,4,2
IND25425,7969,2008-01-20,BE19,202735.125,16720.779296875,1,932.900024414063,523784.46875,224891.625,330972.5625,56944.26171875,20268.05078125,700920.875,1,2,1,3
IND18504,29596,2003-03-30,BE37,17367.220703125,3230.31005859375,1,3066.98999023438,114501.21875,449282.40625,282503.34375,31824.169921875,33254.6015625,454700.5625,1,1,2,4
IND90888,38259,2008-03-25,BE09,474908.96875,4620.8798828125,1,9767.9697265625,1969776.875,491904.53125,127275.9921875,255721.546875,6045.330078125,1040432.25,0,4,3,8
IND19493,27461,2006-03-17,BE11,114615.9765625,38367.578125,1,3577.4599609375,324998.875,298332.5625,178271.90625,103907.046875,12990.5400390625,576759.1875,3,2,4,9
IND31435,727,2019-03-08,BE48,57450.1484375,10976.0400390625,1,2885.40991210938,272553.625,303726.34375,215139.484375,66819.7890625,10827.990234375,551856.5,2,1,1,10
IND72147,38752,2010-06-20,BE05,110249.421875,60196.5,2,4023.330078125,363434.5,1217834.25,307303.96875,839167.4375,81030.34375,2106606.75,1,4,1,11
IND86610,15967,2004-07-23,BE34,175033.984375,17484.470703125,1,908.97998046875,92956.1328125,101302.15625,119536.5390625,94697.25,9060.1904296875,518643.125,0,2,1,12
IND21504,2906,2021-05-25,BE43,200099.515625,43653.6015625,1,5741.64013671875,1285247.625,321683.09375,196148.21875,37268.16015625,52484.3515625,266964.125,3,2,2,13
IND79743,12566,2002-12-30,BE17,213206.40625,14425.099609375,2,3763.32006835938,1459235.625,141516,28661.470703125,65778.0703125,61433.73046875,1265963.875,0,2,2,14
IND48435,26075,2004-10-24,BE10,128778.921875,37224.94140625,2,867.710021972656,136873.203125,231379.484375,327787.59375,46854.33984375,7765.14990234375,443427.21875,2,2,3,15
IND78342,39694,2003-04-27,BE37,123522.703125,28552.7890625,1,3893.78002929688,803847.6875,452591,166393.75,178041.3125,40706.37890625,553239.9375,1,2,3,1
IND44023,28853,2007-11-16,BE30,77095.2734375,24692.5,1,1454.66003417969,164975.796875,132716.34375,132716.34375,87052.09375,14840.9404296875,260208.5625,0,1,3,2
IND40901,1145,2012-10-13,BE07,373301.5625,63441.05078125,1,9675.51953125,2302583,3180324.75,1559777.125,344771.53125,13975.75,1126154.625,0,3,3,3
IND13219,2028,1995-04-14,BE17,290163.8125,45309.55078125,2,1111.76000976563,830516.9375,405245.5625,200090,26594.240234375,59999.6796875,2262154,1,2,3,4
IND48902,37388,2006-07-25,BE47,71802.8125,3712.25,1,1751.08996582031,421405.75,483072.15625,222366.546875,130429.4765625,14072.3095703125,532199.4375,1,1,3,5
IND34748,9735,1999-11-01,BE39,52362.921875,21824.599609375,2,85.1100006103516,445105.28125,439429.25,244127.375,72191.953125,11748.6796875,998929.375,2,1,3,6
IND33562,17344,2016-02-29,BE29,37149.83984375,5874.18017578125,1,1589.13000488281,101189.8515625,34697.58984375,24640.3203125,17439.310546875,5795.8798828125,304302.21875,3,1,4,7
IND75139,1005,2006-10-21,BE48,146714.875,32358,1,1877.90002441406,275978.1875,481042.875,453156.34375,253767.546875,24704.2109375,220958.421875,0,2,4,8
IND27653,38688,1995-11-14,BE21,330112.125,11676.2099609375,1,6231.990234375,120880.8828125,3210118,920097.5,708475.0625,74725.296875,1901489.75,1,4,1,9
IND64098,21980,2019-01-09,BE49,203317.09375,5917.16015625,1,6392.9501953125,1003921,695971.5,235643.890625,293623.25,60256.08984375,649605.3125,1,2,2,10
IND70565,29749,2014-09-27,BE20,215591.453125,68085.140625,3,1693.08996582031,2349148.25,3808500.25,849192.625,1724118.375,50691.1484375,3266701.75,1,5,3,11
IND48103,688,2015-04-10,BE42,61262.83984375,4688.83984375,2,1083.76000976563,50078.078125,162516.9375,124427.03125,103604.546875,6188.919921875,424619.1875,2,1,4,12
IND53609,26519,2016-06-22,BE12,227268.796875,13347.6904296875,1,1416.39001464844,539666.4375,285012.15625,246146.859375,157836.28125,29628.009765625,585699,3,2,1,13
IND86089,21946,2014-12-14,BE23,160897.65625,57781.359375,1,5009.2998046875,725592.25,629275.5,573516.9375,252028.8125,38922.6796875,1048670.875,1,4,1,14
IND76695,20205,2009-01-29,BE08,201218.5625,42958.44140625,3,4167.06982421875,228289.203125,433660.46875,630035,197601.890625,36984.98828125,209340.609375,3,3,1,15
IND97632,25730,2001-08-23,BE29,29928.55078125,15567.759765625,1,1228.09997558594,323334.9375,22023.91015625,7514.0400390625,22627.619140625,6643.47998046875,379506.9375,2,1,2,16
IND72949,16375,2020-01-12,BE28,491294.8125,52532.48046875,3,11910.990234375,1823117.25,0,0,0,14404.849609375,1194143,1,4,2,17
IND70877,41760,2004-10-25,BE05,52463.0390625,9926.7998046875,1,2526.23999023438,444465.03125,180778.171875,114175.6875,123690.328125,23190.640625,778208.375,3,1,3,18
IND15767,3464,2021-07-06,BE32,58211.5703125,17724.720703125,3,3026.61010742188,292505.6875,260533.734375,104623.78125,52270.859375,5871.6201171875,745970.3125,0,1,3,19
IND97246,2057,2005-08-08,BE12,114218.5234375,15712,2,6495.18994140625,427235.96875,1752305.125,567648.125,819634.5625,51148.171875,1580777.625,0,2,3,20
IND33304,16335,2000-10-30,BE30,47139,30078.5,3,1012.15002441406,285154.65625,77377.40625,83934.8203125,32105.0703125,24964.080078125,47790,3,2,3,21
IND71718,5677,1995-03-22,BE48,39235.6484375,19236.380859375,1,4744.10986328125,873208.4375,1070891.875,198879.90625,571703.25,48584.51171875,370588.75,2,1,3,22
IND39571,14312,2008-10-08,BE03,110393.0703125,4249.35009765625,1,7640.85009765625,1208091.375,206363.59375,106129.8515625,30129.08984375,67644.0703125,654007.25,2,2,3,1
IND56175,12346,2004-05-28,BE31,108507.2578125,20543.25,1,1912.93005371094,91552.609375,110577.703125,115185.109375,33403.6796875,19634.330078125,561605.1875,1,1,3,2
IND87362,41301,1996-03-04,BE44,63514.28125,15465.580078125,1,1987.31005859375,72504.140625,26915.599609375,34857.91015625,10655.9296875,8444.7099609375,363138.125,0,1,4,3
IND51423,34343,2012-05-12,BE33,82128.109375,43548.51171875,1,7163.18017578125,510513.875,79482.7578125,35399.890625,26055.650390625,59625.4296875,981650.5625,3,2,4,4
IND46502,18793,2005-11-01,BE42,49901.33984375,2963.47998046875,1,1072.7900390625,144461.265625,23967.849609375,11570.6796875,23505.01953125,6587.39990234375,323019.03125,0,1,1,8
IND44199,41902,2009-12-28,BE18,217487.046875,35117.3984375,1,310.589996337891,490618.65625,1325449.25,512358.53125,463127.5625,61179.80078125,971485.5625,3,2,2,9
IND31246,7957,2001-07-10,BE24,110014.921875,11302.33984375,1,2749.15991210938,60499.16015625,593465.25,352553.625,155123.59375,2911.88989257813,718100.5625,0,1,3,10
IND80498,22617,2018-04-06,BE11,102208.8671875,11189.4501953125,1,609.159973144531,189692.5,823333.5,454437.3125,87412.359375,21344.55078125,591684.3125,1,1,4,11
IND49142,9763,2011-04-17,BE37,39580.890625,3358.67993164063,2,810.489990234375,192595.578125,182272.4375,79583.7421875,143481.78125,5585.89990234375,234172.390625,3,1,1,12
IND50904,38973,2011-10-16,BE08,204655.75,19426.619140625,1,2361.82006835938,43148.03125,188987.84375,148002.53125,66145.75,7634.02001953125,765167.3125,0,2,1,13
IND76572,30901,1996-11-02,BE16,57604.921875,26307.83984375,1,4344.5400390625,104499.71875,791795.4375,365444.03125,326869.375,46561.12890625,823367.9375,0,2,1,14
IND32423,8896,2015-03-09,BE07,90785.390625,14742,1,2559.60009765625,763014.4375,430924.96875,139910.703125,281220.53125,17904.2890625,1015074.5625,3,2,2,15
IND38977,26540,2003-07-17,BE19,85251.7578125,3640,1,680.02001953125,345329.75,310034.09375,132871.75,170075.84375,14750.5703125,700768.125,1,1,2,1
IND41707,29269,2007-11-28,BE29,366922.3125,46658.4296875,1,4679.68994140625,653374.5,449208.34375,336906.25,308830.75,38787.66015625,392270.53125,1,3,3,2
IND70193,35712,2014-04-01,BE29,253515.328125,5148.240234375,1,81.6999969482422,540741.125,85130.640625,144722.09375,25539.189453125,12138.33984375,966880.375,0,3,3,3
IND87876,34838,2004-09-17,BE30,410055.84375,55788.80078125,2,6523.2998046875,2125748.25,307202.09375,66954.296875,149465.625,117268.3203125,1847096.125,3,3,3,4
IND47890,11917,2021-09-01,BE46,261957.59375,40791.19921875,3,7070.85986328125,1358353.625,1553973.875,937129.25,199288.25,29286.359375,2058951.125,3,3,3,5
IND35744,24484,2015-10-21,BE49,98721.84375,16852.80078125,1,738.75,578759.4375,383172.5,304167.84375,63598.73046875,19375.169921875,326498.90625,0,1,3,6
IND47623,33393,2004-10-19,BE04,282121.46875,44571.23828125,1,7764.56005859375,997936.4375,412333.4375,265363.09375,114310.2578125,46640.7890625,444889.9375,3,3,3,7
IND36468,15928,1995-06-10,BE29,59075.44921875,16256.5,1,2381.78002929688,695454.0625,1088456.375,668161.3125,286662.75,38329.1015625,836035,0,2,3,8
IND56605,26982,2003-10-25,BE30,114041.203125,30751.01953125,3,5250.490234375,777745.8125,283788.25,95900.8515625,87837.3515625,36095.66015625,976041.875,1,1,4,9
IND30713,28388,2007-10-19,BE46,242622.34375,22147.400390625,1,4572.919921875,414702.5,150965.015625,46084.05859375,73337.2109375,12657.5595703125,1310467.625,1,2,4,10
IND21229,15338,2020-07-21,BE05,55231.609375,27030.640625,2,3947.419921875,750564.875,257730.546875,56378.55859375,82634.859375,41911.30078125,646704.125,2,2,1,11
IND87062,13222,2002-10-16,BE22,70879.1171875,6427.35009765625,2,2608.52001953125,691472.25,433178.5625,252290.8125,255051.734375,3099.10009765625,209199.625,0,2,2,12
IND99910,43074,2021-12-05,BE44,347759.5,37248.12109375,1,5215.52001953125,404960.34375,991525.1875,829863.5,309851.625,50297.30078125,1235883.75,2,3,3,13
IND37041,10405,2017-02-06,BE28,151193.953125,33631.51953125,1,1220.09997558594,293387.8125,137999.046875,132551.71875,34808.44140625,18224.650390625,429002.90625,3,2,4,14
IND52657,32618,2005-09-23,BE10,273197.4375,8349.5498046875,1,7086.52978515625,289579.25,130151.84375,130151.84375,36442.51953125,64126.4296875,1186376.625,3,5,1,15
IND38321,38856,2016-08-19,BE36,167071.765625,26630.640625,2,2951.80004882813,507261.46875,270776.15625,304029.375,123131.8984375,20307.720703125,423922.15625,0,2,1,16
IND43916,4808,2019-03-17,BE33,178345.921875,29577.119140625,1,328.799987792969,455981.15625,319263.375,81563.640625,116636.0078125,19461.009765625,612559.6875,3,2,1,17
IND46447,20134,2006-07-31,BE40,365596,63590.609375,1,9986.8603515625,853669.4375,448114.8125,209755.859375,85364.28125,102516.1171875,2152454.25,0,5,2,18
IND84755,25888,2005-08-21,BE07,39423.0390625,2158.44995117188,2,2591.01000976563,117589.2578125,101502.3671875,29506.5,99141.8515625,11115.330078125,291629.875,1,1,2,19
IND45303,2515,2012-03-28,BE42,128108.9765625,40617.8515625,1,2269.1298828125,1277122.875,463697.40625,352603.25,101723.6171875,59710.3515625,1460715.5,2,3,3,20
IND84825,34049,1999-11-18,BE42,24459.439453125,5731.9501953125,1,2594.47998046875,291245.375,304991.21875,146777.03125,49103.58984375,41708.23828125,1124951,1,1,3,21
IND22385,9126,2012-11-30,BE12,110953.78125,15479.490234375,1,2328.89990234375,529852.125,850010.875,334649.9375,194096.96875,1401.69995117188,149256.671875,0,1,3,22
IND57724,13098,1996-05-29,BE38,218434.015625,55445.6015625,1,1014.09997558594,622239.0625,856873.5625,527306.8125,263982.96875,10050.76953125,318977.5625,0,2,3,1
IND96098,15696,2017-10-06,BE27,510066.3125,36492.8203125,2,6459.7099609375,946099.75,2113412.25,952523.8125,653669.5,83147.8984375,2939141.25,0,4,3,2
IND45192,37546,2003-07-12,BE02,434467.28125,41995.23828125,1,16.8099994659424,1228527.5,423754.21875,219183.21875,208954.671875,10116.259765625,1773731.25,2,5,3,3
IND87243,10460,2003-04-21,BE20,103326.7890625,17295.890625,1,1303.63000488281,34796.51953125,76787.3125,33739.87890625,94169.15625,9969.6396484375,188789.296875,1,1,3,4
IND47130,27825,2021-11-02,BE20,50475.4609375,7268.169921875,3,2016.83996582031,741842.125,1547427.125,608654.6875,338370.71875,9972.48046875,661685.25,1,2,4,8
IND35064,12903,2021-03-15,BE19,60408.58984375,12567.7099609375,1,134.729995727539,450600.96875,361688.5625,180844.265625,110656.21875,8613.259765625,697176.8125,1,1,4,9
IND91327,19338,2016-02-07,BE07,302773.125,33310.44140625,2,8754.419921875,501607.6875,1209300.25,414869.40625,552041.125,85821.9765625,1245921.25,1,3,1,10
IND31787,25580,2007-07-15,BE49,190660.0625,21789.0390625,1,3285.96997070313,291199.21875,1204938.625,725005.4375,195445.125,29853.359375,1791982.625,3,3,2,11
IND73969,25084,2002-04-02,BE23,148477.1875,32913.69140625,2,2989.85009765625,319993.78125,564711.375,359361.8125,290826.375,34878.1796875,1330876.75,2,2,3,12
IND45185,34226,2018-01-21,BE22,67931.921875,2620.88989257813,3,236.289993286133,543898.9375,1151166.5,575583.25,126628.3125,30678.099609375,760430.25,3,1,4,13
IND73287,13658,2017-05-13,BE02,334954.875,21424.080078125,2,7985.60986328125,260823.4375,800525.1875,580600.6875,305079.25,74104.2265625,1029364.25,2,4,1,14
IND70814,8704,2012-10-28,BE45,521159.96875,46623.69140625,1,2091.85009765625,658790.4375,752220.125,507522.03125,398767.3125,19329.150390625,1570263.875,1,5,1,15
IND24037,14818,1996-09-30,BE01,456670.84375,68340.2421875,1,2447.080078125,568347.25,793170.75,546644.6875,309872.5,53835.19921875,742495.1875,1,4,1,1
IND15396,41697,2009-05-13,BE01,95229.75,3154.5,1,4033.1298828125,552450.375,496049.875,268234.375,51589.19140625,58599.44921875,905627.9375,3,2,2,2
IND23636,28695,2015-02-25,BE01,105963.9296875,9921.7001953125,2,13991.990234375,1645132.125,321400.46875,56083.30078125,94176.8125,113105.453125,1355647.75,3,5,2,3
IND46502,35563,2001-10-29,BE35,135507.140625,25373.9296875,1,2938.8798828125,563146.3125,495483.28125,407574.96875,309357.375,42422.078125,1141237.125,0,3,3,4
IND26451,32766,2007-06-28,BE49,51930.75,18163.5,1,5345.25,395341.5,1224257.625,253013.234375,349158.28125,37269,1503253.5,1,2,3,5
IND66679,6710,1996-01-28,BE05,104710.7109375,23838,1,542.280029296875,221542.78125,418230.28125,253046.875,95454.90625,29482.130859375,156066.828125,3,1,3,6
IND65897,1185,2005-01-25,BE25,191335.578125,29976.5390625,2,9082.2900390625,1461141.375,909407.9375,270364.53125,330336.28125,53967.21875,2371715.25,3,2,3,7
IND52886,5909,2021-06-21,BE38,321086.0625,6308.18994140625,1,3073.1298828125,1234717.5,916691,198388.34375,412853,15329.509765625,1801251.25,2,5,3,8
IND66931,35424,2020-07-28,BE18,192430.078125,15312.150390625,2,2058.44995117188,325660.5,459149.5,427115.8125,103575.578125,22756.369140625,337520.875,2,2,3,9
IND50563,8278,2010-04-22,BE36,120704.7734375,12527.51953125,1,2126.28002929688,579978.6875,787720.5625,397473.6875,269920.75,9359,1148663.125,1,2,3,10
IND82494,22075,2015-09-06,BE36,76110.5703125,25825.80078125,1,3391.63989257813,470527.59375,2220189.25,488126.71875,1195123.125,6276.419921875,969946.625,2,4,4,11
IND32752,7415,2005-04-22,BE45,89295.78125,32168.400390625,1,313.670013427734,176680.421875,238254.46875,106681.1015625,166778.125,18790.259765625,427617.40625,3,2,4,12
IND60228,22698,2021-09-14,BE21,123955.5,7143.6298828125,1,2552.67993164063,818747,93146.2421875,53997.8203125,12284.5,18611.490234375,564580.4375,2,1,3,13
IND31493,38546,2009-10-19,BE43,179627.3125,35599.0390625,1,1357.21997070313,138952.484375,282111.0625,162868.234375,84458.8125,4640.77978515625,91442.453125,0,2,1,14
IND16745,9212,2021-08-02,BE44,144109.4375,11441.76953125,1,6055.77978515625,401053.34375,704059.5625,262422.1875,200144.9375,10120.01953125,215739.25,2,2,2,15
IND96019,39874,2017-11-05,BE31,258591.234375,13840.259765625,2,4778.85009765625,59201.0390625,453440.0625,270473.03125,640543.75,6784.75,641600.6875,2,5,3,16
IND31862,41297,2015-03-16,BE46,113530.4375,21218.400390625,2,1095.08996582031,243904.59375,302759.34375,205443.84375,221230.578125,26597.669921875,748076.1875,2,2,4,17
IND91417,35998,2020-06-27,BE25,30624.689453125,10631.5,2,386.950012207031,458933,797102.0625,235762.59375,384180.75,33665.71875,189408.828125,2,1,1,18
IND21808,41429,2021-12-22,BE44,161632.953125,8652.7001953125,1,3102.7900390625,771458.6875,2266816.25,356417.625,620166.6875,32745.189453125,2927482,2,5,1,19
IND72909,10448,1995-06-17,BE44,57204.2890625,3434.669921875,2,1004.84002685547,35799.75,24720.140625,12835.4599609375,35397.33984375,10999.3603515625,158495.59375,2,1,1,20
IND59364,25479,1999-04-15,BE08,30748.380859375,1671.90002441406,3,3540.32006835938,653365.625,683612.3125,341806.15625,196678.625,12393.490234375,102057.640625,2,1,2,21
IND68800,16246,2019-07-04,BE43,371047.125,39205.328125,1,3952.68994140625,1813756.375,258168.25,86611.2890625,78349.8984375,29880.25,1394498.5,3,3,2,22
IND19308,9552,2013-09-24,BE44,206497.234375,45057.76171875,2,3400.68994140625,875269,252870.484375,337160.625,35321.58984375,39803.1484375,1149763.5,1,4,3,1
IND50968,43364,2020-02-02,BE49,475533.03125,13867.08984375,1,4970.1201171875,1394324.75,276912.375,78257.84375,184869.09375,46379.2890625,728283.3125,1,4,3,2
IND60474,38980,2020-11-14,BE04,209326.34375,72063.8125,1,2059.3701171875,394449.125,793479.625,267036.40625,451291.53125,22561.23046875,1888140.875,0,4,3,3
IND19117,40174,2002-02-12,BE44,105666.421875,14772.01953125,2,213.460006713867,574004.6875,443300.09375,127932.2421875,93271.53125,8033.169921875,868017.625,1,1,3,4
IND66918,15540,2002-05-23,BE11,272379.6875,58881.0703125,3,1343,111480.28125,261207.09375,284254.78125,96877.1015625,16447.990234375,1190580.75,1,3,3,8
IND59407,19779,2013-05-27,BE11,168233.421875,14646.599609375,1,3154.10009765625,432227.125,1098166,467304.6875,280382.8125,60120.140625,1197613.625,0,2,3,9
IND40471,7333,2011-11-17,BE08,379568.6875,10051.2001953125,2,4360.16015625,1025617.625,919850.375,490084.21875,195279.71875,103790.6484375,1728690.125,2,4,3,10
IND85041,19457,2015-11-19,BE03,358410.875,22603.5,1,1407.92004394531,887505.625,154216.546875,131292.453125,87132.34375,23469.169921875,1358384.875,3,4,4,11
IND48176,1804,2021-11-01,BE14,91216.9375,9208.9404296875,3,1305.30004882813,245345.671875,118109.8125,150321.5625,51538.8203125,11196.330078125,171396.234375,1,1,4,12
IND37683,39270,2017-09-21,BE30,158337.75,34194.5,2,2362.39990234375,913265.375,173531.5625,43670.19921875,50588.48046875,47267.53125,1143218.75,1,2,3,13
IND99006,24853,2013-09-16,BE48,340898.84375,11660.3095703125,3,5652.5400390625,570690.0625,676238.75,383635.4375,333242.65625,51703.078125,1202945.875,0,2,1,14
IND38675,9983,2000-03-03,BE18,213624.5625,32198.400390625,1,4998.490234375,841786.375,672823,352689.46875,136735,5260.27978515625,1430060.625,3,2,2,15
IND83783,41926,1999-08-28,BE45,34993.30859375,1960.68994140625,1,437.880004882813,26056.5703125,36372.0390625,42114.98828125,24082.119140625,14353,145893.953125,3,1,3,1
IND88284,24756,2013-07-24,BE31,33898.01953125,23352.599609375,1,576.5,86107.0234375,6602.0400390625,8284.91015625,5359.2998046875,13600.169921875,303229.9375,2,1,4,2
IND21526,21901,2020-07-18,BE18,124795.7578125,4146.7998046875,1,2648.10009765625,941295.8125,391486.78125,190724.328125,34330.37890625,28008.7109375,600188.875,2,1,1,3
IND70008,39052,1995-06-17,BE11,39277.6015625,6732.9599609375,1,505.630004882813,169161.34375,130522.578125,82247.1015625,95585.4375,2821.3798828125,313341.1875,0,1,1,4
IND90240,35033,2015-09-12,BE35,97988.7734375,52799.44921875,1,3688.05004882813,2232550.75,1580167.625,434811.21875,732073.625,84984.6796875,344184.03125,2,4,1,5
IND51766,32189,2021-06-17,BE27,325207.8125,12304.7998046875,1,419.660003662109,459902.125,965288.75,331513.3125,540561.6875,67395.2421875,1469033.625,1,4,2,6
IND29470,6814,2008-10-18,BE46,112495.640625,23594.19921875,1,1133.11999511719,109075.15625,67339.03125,67339.03125,20280.9296875,11209.3203125,100274.3984375,3,1,2,7
IND23054,30154,2021-10-05,BE12,178166.921875,42738.62890625,1,2911.59008789063,255649.15625,646434.25,638453.5625,94171.8984375,47795.58984375,87917.3984375,3,2,3,8
IND59974,18198,2021-01-06,BE43,129173.21875,18200.3203125,1,5.96000003814697,162079.546875,1357515.5,540964.875,436548.40625,59095.41015625,1904337.875,1,2,3,9
IND65635,7274,2013-12-29,BE10,380013.5,33031.87890625,1,6667.080078125,1874873.5,2340038,650010.5625,936015.1875,100253.609375,2421332.75,1,3,3,10
IND65600,15075,2016-10-02,BE42,109996.8203125,24817.30078125,1,3095.34008789063,43350.48828125,414520.8125,345434,178562.8125,15713.0498046875,98702.75,3,1,3,11
IND53125,42185,2012-02-07,BE47,88541.1875,2229.23999023438,1,2668.0400390625,123433.6015625,238841.5,157418.265625,96893.6484375,17470.599609375,500166.3125,1,1,3,12
IND13509,12610,2006-07-25,BE43,89675.546875,4607.330078125,2,3385.169921875,989565.25,2380126.5,554276.0625,537973.8125,11433.51953125,959324.9375,0,2,3,13
IND95651,30103,2018-04-18,BE18,373528.3125,28832.83984375,2,4941.47998046875,1259550.5,419869.96875,167947.984375,148373.359375,34912.609375,2556316.75,1,3,3,14
IND63200,25967,2006-06-19,BE03,205864.265625,9373.650390625,1,5095.2001953125,762054.5,239453.65625,202039.03125,44548.359375,2968.419921875,214812.578125,2,2,4,15
IND81613,42429,2011-02-23,BE22,204262.8125,34856.26171875,1,5296.9501953125,143136.84375,196462.1875,96537.453125,80109.1484375,27525.58984375,1230354.75,0,2,4,16
IND60956,10702,2020-12-31,BE23,67597.3828125,8531.1201171875,1,2203.02001953125,258882.671875,76733.3828125,35664.80859375,66617.5390625,4855.35009765625,448210.65625,1,2,3,17
IND13711,6826,2000-09-21,BE09,51068.55859375,19645.740234375,1,2302.69995117188,972574.5,1756142.5,935088.875,104684.34375,38393.30859375,414118.5,0,2,1,18
IND62222,20168,1995-03-07,BE18,109036.9296875,8093.02001953125,1,260.160003662109,102906.09375,39388.0703125,40398.01953125,9392.5400390625,5497.06982421875,502783.125,1,1,2,19
IND59714,37348,1995-04-12,BE43,92862.09375,7919.89990234375,1,719.97998046875,22920.650390625,47282.73828125,46355.62890625,41720.0703125,1889.86999511719,331569.90625,3,1,3,20
IND48103,17485,2004-07-13,BE41,355068.59375,15985.83984375,1,2916.68994140625,441663.75,815334.4375,450831.96875,406708,45053.98046875,138630.953125,3,3,4,21
IND47424,22701,2002-01-14,BE11,44569.390625,10323.7802734375,2,545.869995117188,901024.6875,556187.6875,397961.875,65208.2109375,41924.421875,616004.9375,1,2,1,22
IND84942,4827,1999-04-22,BE41,64521.6015625,3049.919921875,2,2066.68994140625,178177.953125,150163.546875,47334.16015625,129793.5390625,1691.32995605469,457755.1875,2,1,1,1
IND79115,40731,1995-07-06,BE33,274177.90625,19278,2,4966.56982421875,190468.28125,364749.78125,171824.265625,138695.34375,18017.869140625,1657392.625,1,2,1,2
IND98898,15987,2007-05-27,BE26,136455.5,40513.41015625,1,686.070007324219,201191.484375,1102267.5,375773,574097.6875,50819.078125,1258790.375,0,2,2,3
IND27181,12083,1996-01-31,BE36,106736.390625,27105.669921875,2,7184.06005859375,551500.75,1059510.125,397316.3125,266864.125,41593.05078125,172848.3125,0,2,2,4
IND33470,6112,2016-01-23,BE13,431338.3125,58321.19921875,2,844.960021972656,111397.78125,193940.5625,83117.390625,131879.59375,11176.7001953125,1448619.125,3,3,3,8
IND67270,9315,2010-03-01,BE41,66605.53125,25463.279296875,3,172.309997558594,133905.265625,54158.91015625,72534.2578125,23452.740234375,14128.8203125,207377.59375,0,1,3,9
IND42900,30280,2020-08-22,BE01,111602.890625,19078.080078125,3,3604.98999023438,61045.609375,530390.625,502837.84375,141345.65625,19305.130859375,855350.5,3,2,3,10
IND54363,3055,2002-12-16,BE17,49421.87890625,24554.880859375,2,1117.96997070313,146385.796875,364000.71875,197167.0625,265214.96875,23201.0390625,660547.125,2,1,3,11
IND46401,29223,2014-03-07,BE43,115657.171875,19317.2109375,1,2088.72998046875,345084.40625,1487333.25,244751.046875,550313.3125,31061.880859375,1007503.3125,2,1,3,12
IND29266,6106,2018-12-25,BE49,81056.8828125,27761.939453125,1,2186.419921875,333302.25,248082.59375,266059.59375,59827.4609375,18989.9296875,279761.875,1,2,3,13
IND88950,25858,2016-04-21,BE39,113345.171875,37139.75,2,5682.31982421875,89916.203125,283791.875,167483.734375,75553.7734375,24094.259765625,908357.25,2,2,3,14
IND54504,25946,2017-12-09,BE37,162215.65625,13855.01953125,2,4607.27978515625,1103688.875,2178976.75,1074961.875,324812.8125,1203.9599609375,2246359.5,2,3,4,15
IND90241,29258,2011-03-27,BE09,289884.3125,24804.119140625,1,6112.8798828125,1121457.25,312040.46875,101413.1484375,337705.8125,51349.5703125,1359514.875,3,4,4,1
IND49190,27568,2020-08-10,BE02,97392,8996.9404296875,1,3107.18994140625,677122.375,419517.8125,408760.9375,104556.7421875,295.260009765625,221967.765625,0,2,1,2
IND33984,37719,2006-12-07,BE49,136861.1875,37200.5,2,10565.6904296875,1165930.5,831504.75,412672.71875,138214.5625,47008.83984375,2956753.5,1,5,2,3
IND51947,32687,2000-06-15,BE13,148851.203125,4569.5,1,4858.43994140625,71196.40625,905790.5,216308.1875,386110.09375,3012.7900390625,1071451.125,0,2,3,4
IND97419,23024,2018-05-03,BE35,92159.4921875,3751.80004882813,1,1857.44995117188,418601.09375,86494.0703125,29761.400390625,77788.859375,29489.369140625,820184.75,3,1,4,5
IND50993,15151,2005-10-17,BE27,239229.984375,11691.919921875,1,2544.53002929688,413862.03125,36214.1796875,36754.69140625,14355.9501953125,14160.9599609375,196780.9375,0,2,1,6
IND67880,5690,2020-01-24,BE48,48269.6484375,31582.2109375,1,1439.71997070313,70766.4765625,53855.7890625,37174.7890625,10275.490234375,31065.0390625,544193.9375,1,1,1,7
IND29107,493,2010-03-03,BE03,85194.59375,23520.75,1,2212.75,564803.6875,35563.30859375,32176.330078125,15534.9599609375,23371.4296875,862252.75,2,2,1,8
IND38710,38212,1996-11-20,BE13,257752.6875,25983.75,1,789.599975585938,953808,870403.1875,456961.6875,454350.46875,32103.599609375,622977,1,3,2,9
IND18498,7759,2020-06-04,BE41,446844.75,14710.099609375,1,6533.47998046875,893269.1875,3145143.5,889316.4375,703861.4375,64184.8984375,257449.53125,1,4,2,10
IND26008,10936,2019-07-01,BE39,33250.7890625,8181.419921875,2,1882.65002441406,639638.875,185133.671875,56734.51171875,56465.76953125,29721.5703125,845306.6875,3,1,3,11
IND69939,3021,2017-01-29,BE28,135831.234375,60999.48046875,3,4788.33984375,336177.75,1192559,743873.4375,432509.25,9888.3701171875,280509.3125,0,3,3,12
IND17524,30046,2011-10-01,BE46,119708.8984375,12441.4501953125,1,3968.40991210938,564255.3125,687188.3125,447899.53125,89457.1875,23739.720703125,1114958.75,0,1,3,13
IND62351,1476,2020-09-28,BE10,123889.2265625,50347.37109375,1,4736.97021484375,807548.25,267320.96875,213856.796875,132591.203125,8179.64990234375,444494.4375,3,3,3,14
IND62889,2857,2001-09-18,BE28,203626.15625,54076.2890625,1,148.270004272461,727369.875,209516.453125,143785.796875,248338.625,15833.9697265625,718006.5,1,3,3,15
IND88021,32141,1995-05-27,BE48,38152.859375,6549.419921875,1,2479.88989257813,135988.984375,93762.03125,61305.94140625,67737.0625,7432.22998046875,51683.76953125,3,1,3,16
IND36235,25624,2002-12-26,BE06,67405.46875,18213.80078125,1,1604.41003417969,82561.21875,1061383.875,472487.03125,148593.75,71822.2734375,2173643,1,2,3,17
IND71573,36987,2020-07-12,BE23,399976.5625,42415.80078125,1,108.190002441406,185635.828125,215573.8125,115485.9765625,272161.9375,37605.19140625,240555.03125,2,3,4,18
IND35926,13908,2001-07-02,BE44,108321.75,11555.5,2,3043.43994140625,1274209.875,517758.21875,291239,47820.71875,32456.16015625,706972.3125,1,2,4,19
IND13753,4039,1995-04-07,BE03,198366.984375,16319.01953125,3,1613.17004394531,443007.0625,228238.265625,251849.109375,72249.2109375,750.130004882813,804133.1875,2,2,1,20
IND46745,18883,2014-10-09,BE17,67206.4765625,11070.01953125,1,2964.93994140625,236724.984375,189392.625,118920.953125,22037.080078125,7254.3701171875,558130.4375,0,1,2,21
IND86610,37613,2016-03-08,BE08,522330.25,22282.80078125,1,3497.90991210938,507064.21875,836531.25,381204.125,772573.6875,35162.01171875,604328.9375,1,5,3,22
IND47886,38300,2015-04-19,BE03,126564.2109375,24958.150390625,1,6380.4599609375,1364353.625,1879473.25,945960.0625,238979.375,59784.921875,1864226.25,3,2,4,1
IND90885,36374,2004-04-04,BE10,78421.6796875,19476.720703125,2,4.3600001335144,31261.4296875,87355.4375,84178.8828125,88086.046875,2225.1201171875,734351.875,0,2,1,2
IND22904,6510,2005-01-04,BE44,79572.9375,13544.16015625,1,1307.58996582031,484584.875,321886.03125,227540.125,29469.220703125,12019.5703125,617304.0625,3,1,1,3
IND82060,5156,2001-04-13,BE01,355416.375,8648.7998046875,1,5784.7001953125,591311.625,295130.15625,233293.375,52561.28125,40061.98828125,288559.1875,2,3,1,4
IND49261,8282,2007-08-18,BE02,447613.875,20018.69921875,2,11609.849609375,776023.75,990980.375,262913.15625,333090.75,54588.5703125,489625.59375,3,4,2,8
IND57999,42368,2003-07-18,BE48,380018.34375,36894.05859375,1,6366.830078125,482508.875,943481.75,438385.4375,458017.5,41067.19140625,1779962.125,2,4,2,9
IND54797,34705,2003-05-27,BE16,234313.453125,40414.078125,1,3302.3798828125,1434369.75,794956.8125,291110.9375,231097.3125,11917.9697265625,1324560,0,2,3,10
IND33629,9736,2020-04-28,BE06,433256.5625,13602.1796875,1,7391.7998046875,1489680.125,3252169.5,922601.3125,941053.3125,36986.53125,2878551.25,3,5,3,11
IND74667,41482,2020-03-15,BE30,40231.98046875,3221.10009765625,2,759.340026855469,158652.125,252864.875,168576.59375,283297.375,5586.259765625,764714.9375,1,2,3,12
IND13486,29646,2008-02-04,BE13,151820.921875,43108.69921875,1,3275.69995117188,432015.15625,558792.3125,176460.734375,156853.984375,29976.48046875,1169260.75,3,3,3,13
IND27626,39930,2019-01-07,BE21,114869.953125,22150.439453125,2,2210.61010742188,71259.6015625,106873.1015625,73601.2890625,17150.109375,15091.900390625,372198.90625,2,1,3,14
IND94410,16984,2020-10-11,BE09,185133.5625,25427.470703125,2,3843.43994140625,624438.75,1452744.875,784694.3125,333601.125,58312.23046875,166196.390625,3,2,3,15
IND63836,5177,2001-10-08,BE49,297847.21875,38897.69921875,2,3793.52001953125,418925.15625,519360.1875,449755.21875,80527.6015625,3025.09008789063,551434.6875,0,4,3,1
IND78028,19600,2001-10-24,BE02,49832.16015625,3021,2,359.640014648438,990724.8125,370594.46875,164187.4375,74588,36011.390625,1476173.5,3,1,4,2
IND22081,4092,1999-08-22,BE23,165872.640625,14837.83984375,2,3542.77001953125,691428.6875,105060.546875,119607.390625,24374.05078125,18921.66015625,268739.75,1,2,4,3
IND93388,29679,1995-06-22,BE27,341885.125,67782.3984375,1,37.5200004577637,558696.375,0,0,0,44027.01953125,981599.25,1,4,1,4
IND54286,2173,2004-02-26,BE08,193797.015625,22306.26953125,2,3535.22998046875,600015.875,882077.9375,273024.125,367252.4375,46175.9609375,1016680,3,2,2,5
IND78943,20957,2015-10-03,BE38,148799.015625,20751.80078125,1,4858.02978515625,544752.5,598410.1875,173584.640625,303042.25,8955.419921875,308402.53125,0,1,3,6
IND36951,33830,2012-08-21,BE47,114409.2109375,31143.83984375,1,3134.3798828125,462978.4375,687194.25,530121.25,88288.1015625,31519.66015625,516020.90625,3,2,4,7
IND17798,23363,1995-07-04,BE38,72575.3203125,15225.599609375,1,4577.990234375,1158128.5,2113374.25,505083.125,445004.84375,52100.80078125,1957602,2,2,1,8
IND46044,125,2004-07-27,BE04,272042.875,31200,1,7225.6298828125,356842.375,1136705.625,615715.5625,137194.046875,8238.240234375,446663.8125,3,2,1,9
IND43480,14195,2020-01-22,BE37,135222.078125,2565.60009765625,1,1909.08996582031,381935.6875,142186.3125,76244.828125,98664.9375,9712.7197265625,106810.8984375,2,1,1,10
IND83407,16940,2005-10-28,BE36,22559.390625,3919.05004882813,1,674.159973144531,102559.7890625,30902.150390625,13315.5595703125,13107.0302734375,127.860000610352,310120.28125,1,1,2,11
IND80089,22921,2014-06-16,BE06,57690.28125,13255.3203125,1,2726.8798828125,535299.625,327206.375,208594.0625,216447.015625,6204.1201171875,48790.25,0,1,2,12
IND63136,35512,2012-03-26,BE43,116126.71875,28399.720703125,1,8457.2802734375,600072.5,1620094.75,277413.46875,773983.625,82779.6328125,1613853,1,2,3,13
IND14347,33538,2000-03-11,BE10,316420.53125,18364.119140625,1,5680.10986328125,795494.6875,2379512.75,1307823.875,259385.0625,61022.890625,2221786.25,2,5,3,14
IND38794,26941,2012-06-05,BE14,311940.65625,5411,2,5818.64013671875,100888.0703125,831510.25,348697.875,392687.4375,32072.8203125,1036448,1,2,3,15
IND19657,16520,2003-02-25,BE47,22765.740234375,15353.25,3,1906.73999023438,148122.8125,40303.48828125,56424.890625,6018.66015625,17099.869140625,58708.19140625,3,1,3,16
IND62031,38125,2000-11-20,BE09,306850.53125,37296.73828125,1,3782.69995117188,581449.0625,627022.9375,143471.34375,360750.75,31778.369140625,887980.6875,0,3,3,17
IND62007,42946,2013-04-07,BE25,394170.21875,41544.01953125,1,4863.0400390625,214497.921875,550867.625,713418.6875,174471.515625,47955.26171875,1330852,3,4,3,18
IND47000,1184,2017-12-19,BE39,103072.96875,33638.640625,1,9579.599609375,0,2326151.75,881686.5625,785451.4375,40450.5390625,209229.3125,1,3,3,19
IND88064,10492,2020-02-12,BE35,330956.0625,62296.62109375,2,7556.47021484375,1056358.5,249304.359375,121684.2734375,201372.625,71604.8828125,1776771.375,1,5,4,20
IND36864,13357,2009-09-11,BE28,110037.71875,10448.400390625,1,861.460021972656,309762.375,15416.580078125,10713.2197265625,10945.76953125,5858.7001953125,388277.28125,0,1,4,21
IND56480,39795,2004-08-15,BE04,54647.578125,18484.80078125,1,3495.93994140625,594957.3125,124497.1015625,32161.75,62995.53125,394.369995117188,308037.5,2,1,1,22
IND66163,36989,2021-05-19,BE27,108060.7578125,27555.689453125,1,3554.78002929688,278286.84375,828983.625,361738.3125,376207.84375,29105.740234375,242108.078125,1,1,2,1
IND44689,8335,2017-11-23,BE18,99704.0625,46444.5,1,1244.03002929688,101434.640625,494709,264712.6875,130316.7578125,11710.9404296875,414535.625,2,3,3,2
IND59059,18483,2006-08-02,BE23,130334.1328125,34310.01171875,1,6426.25,1180442.5,348646.34375,129218.578125,103131.046875,2006.78002929688,1957791.125,2,2,4,3
IND73185,39294,1999-03-11,BE04,250596.15625,26915.69921875,2,6992.56005859375,1172036,1974608.125,567861.1875,737187.0625,49784.359375,2541004.25,2,2,1,4
IND50404,4705,2012-01-01,BE05,75223.75,12139.25,1,1583.01000976563,74172.9296875,175234.703125,134426.625,86609.1484375,16659.330078125,234495.15625,1,1,1,8
IND98223,543,2007-05-19,BE38,90964.09375,43166.5,1,1017.59002685547,714235.25,160279.890625,63140.55859375,222837.625,16236.3603515625,629995.5,0,2,1,9
IND76462,19675,1999-02-13,BE14,171662,43339.859375,1,6200.0498046875,0,1333804.125,827165.3125,217130.90625,16462.279296875,1652554.75,2,2,2,10
IND33553,26367,2006-01-08,BE06,333378.59375,22836.439453125,1,1480.18005371094,649485.6875,1061351,221432.9375,368647.65625,27563.919921875,2394431.75,1,2,2,11
IND65980,39007,2013-08-12,BE34,115985.6328125,6843.75,3,1362.33996582031,899843.375,548661.4375,284012.96875,347012.21875,35625.41015625,1037102.1875,2,3,3,12
IND33495,8656,1996-02-08,BE23,111407.9921875,51135.23828125,1,9831.3701171875,1975645.875,998011.875,492075.3125,136672.1875,56058.91015625,871342.625,1,3,3,13
IND84144,20082,2020-08-14,BE17,107002.3125,39033.44140625,1,577.359985351563,803550,1169129.75,490002.875,414009.46875,4016.30004882813,562892.1875,3,2,3,14
IND67150,5125,2004-03-20,BE44,50390.73046875,11258.099609375,2,2304.05004882813,35997.01953125,112112.5390625,90177.46875,30733.4609375,9499.08984375,699774.8125,1,1,3,15
IND79483,164,2012-02-16,BE29,165847.328125,22298.4296875,2,3632.580078125,827978.125,118972.1796875,53224.3984375,55228.140625,49267.3984375,545432.6875,3,2,3,1
IND21788,10038,2008-03-31,BE08,89620.21875,14437.7998046875,2,953.02001953125,152540.984375,52344.55078125,37388.9609375,11676.8603515625,5317.58984375,531044.1875,3,1,3,2
IND54719,25264,2006-06-16,BE09,175520.125,21559.33984375,2,1084.4599609375,810378.25,158765.0625,75673.0703125,62526.73046875,42833.01171875,620997.4375,2,1,3,3
IND21106,15807,1995-09-26,BE04,397164.125,49446.890625,2,3240.92993164063,599879.4375,111414.8203125,67722.7421875,23659.26953125,52333.48828125,1182052.25,0,3,4,4
IND30260,30389,1999-04-21,BE06,332174.21875,38349.6015625,1,827.679992675781,1592331.875,1728292.625,1036975.5625,302826.90625,79602.171875,1447732.875,3,3,4,5
IND53757,3612,2004-05-14,BE01,142960.390625,36505.890625,1,9852.5595703125,1027689,2211018,1310232.875,278424.5,43906.7890625,2326877.25,2,3,1,6
IND65418,19479,2015-01-05,BE18,166230.046875,8921.2802734375,3,2589.080078125,739341.75,593330.5625,393253.96875,281832,35361.69140625,343739.375,3,2,2,7
IND40870,32452,2011-05-08,BE41,189718,35796.48046875,1,61.0499992370605,580546.875,92513.1875,31618.4296875,63260.28125,29537.029296875,757733,1,2,3,8
IND99607,36796,1995-02-18,BE14,191510.453125,52333.890625,3,1871.05004882813,2439164.25,498848.125,208422.84375,166567.4375,12256.8603515625,581962.5625,1,5,4,9
IND93836,43064,2002-10-26,BE25,134185.015625,44098.109375,2,1694.83996582031,57612.71875,261295.515625,110548.109375,269335.375,28852.55078125,787466.5,2,2,1,10
IND97223,39546,2014-04-29,BE38,39760.109375,16182.2998046875,1,1397.34997558594,96549.3515625,114656.828125,97543.8671875,90510.4375,13203.6904296875,472700.9375,3,1,1,11
IND35919,1528,2011-01-24,BE08,362722.40625,15889.6796875,2,3217.61010742188,121348.6796875,517296.34375,308833.625,324275.3125,22050.5,563251.6875,3,2,1,12
IND39837,9209,2014-08-03,BE33,172704.5625,39525.75,2,3641.6201171875,756101.375,323351.53125,251022.90625,127340.9375,10711.669921875,569131.25,0,2,2,13
IND81606,20670,2009-07-06,BE18,238997.453125,16324.48046875,3,2143.080078125,648280,173259.15625,158193.140625,102197.7890625,52376.7109375,1457145.25,2,5,2,14
IND30766,42701,2001-04-26,BE40,338901.78125,15028.5595703125,1,3026.419921875,855000,617153.875,188574.796875,248861.59375,63982.48046875,1984083,0,2,3,15
IND41873,21510,2009-01-25,BE25,323798.4375,23457.9609375,2,8684.76953125,878558.8125,812470.8125,281239.875,179681.046875,43245.62890625,1967173,1,2,3,16
IND99374,1877,2013-05-26,BE39,362819.625,10241.25,1,6733.669921875,262172.8125,254470.015625,79350.859375,242841.015625,17233.130859375,194218.1875,0,3,3,17
IND42481,25777,2011-09-08,BE22,35039.16015625,14673.2998046875,3,1637.67004394531,392063.6875,249992.796875,231921.015625,52649.078125,15254.490234375,38973.23046875,0,1,3,18
IND13907,2147,2002-07-03,BE17,240590.15625,55089.359375,1,7773.60986328125,765479.5625,1619706.125,705355.875,306437.9375,46234.5390625,695693.875,2,2,3,19
IND79745,12860,2018-11-07,BE01,327183.15625,30740.48046875,1,1772.76000976563,207129.703125,191858.015625,150928.3125,113272.96875,34785.6796875,371355.3125,2,3,3,20
IND45732,39272,2010-05-24,BE07,36185.30859375,7541,2,3145.28002929688,421132.625,655907.8125,312337.0625,162415.265625,7959.740234375,553354.1875,1,1,3,21
IND45344,20207,2006-12-01,BE25,37203.80078125,26027.4296875,1,1088.93994140625,140619.78125,352259.6875,159745.671875,194889.71875,4302.41015625,235067,1,1,4,22
IND64096,13447,2014-02-11,BE18,431647.3125,63578.75,1,2435.3701171875,525948.5,495892.875,712282.5,177980.453125,32440.4609375,1251373.875,1,5,4,1
IND37064,6034,1999-07-14,BE31,140668.5,52912.5,1,5102.7900390625,1418316.875,534604.3125,284659.4375,44365.2109375,64181.0390625,2930670.5,1,3,1,2
IND46886,32740,2017-03-31,BE05,96397.4609375,15078.240234375,3,199.5,923505.8125,791771.125,781874,164193.53125,41532.94140625,1132848.25,0,3,2,3
IND94600,1568,2006-02-01,BE37,368494.65625,17067.94921875,1,1355.77001953125,1085410.5,744626.9375,204171.90625,479563.75,81168.6796875,312762.78125,1,3,3,4
IND42408,21428,2014-10-28,BE08,47809.8203125,22226.8203125,1,4594.66015625,209798.15625,85688.90625,37488.8984375,12050,18826.369140625,942685.375,1,1,4,8
IND95576,6624,2006-09-15,BE40,58084.44140625,37017.6015625,1,2097.60009765625,790154.875,157897.609375,118423.2109375,64909.6484375,3805.7099609375,823773.875,1,2,1,9
IND87787,11582,2008-06-29,BE08,73964.2109375,24798.19921875,2,1411.19995117188,497932.15625,448280.96875,348662.96875,171841.046875,13695.8896484375,644761.875,1,1,1,10
IND44084,3938,2000-10-19,BE20,84194.5078125,41099.51953125,3,4650.7998046875,716632.8125,152857.3125,61142.9296875,70620.078125,18647.859375,230655.046875,2,3,1,11
IND86710,34997,2020-12-30,BE24,126935.4375,25132,1,4711.9599609375,748437.125,357947.96875,197010.125,91734.5703125,64011.171875,1611585.375,0,2,2,12
IND43909,1462,2015-10-05,BE22,59176.3203125,25111.80078125,3,765.650024414063,469942.1875,405063,160986.5625,275910.21875,464.260009765625,1054314.125,1,2,2,13
IND20927,18015,2005-03-29,BE18,234162.046875,9496.419921875,2,113.730003356934,1830929.5,296190.6875,127808.3125,42785.3515625,97909.40625,797065.8125,0,3,3,14
IND57563,22639,2003-12-21,BE15,48726.8203125,40685.83984375,1,2270.169921875,1051387.625,87689.1328125,49647.51953125,13198.5,60574.3203125,830390.25,0,2,3,15
IND17254,5843,2012-01-29,BE23,184887.921875,21807.599609375,3,3565.52001953125,45371.55078125,87414.6484375,42409.08984375,23835.640625,7693.52978515625,963766.5,2,2,3,1
IND98826,18927,2000-01-07,BE05,506206.09375,46277.83984375,1,4051.39990234375,88223.2265625,570531.3125,769764.5,168442.578125,26101.7109375,880635,0,5,3,2
IND76028,12983,2002-02-23,BE32,128370.28125,25982.080078125,1,951.549987792969,497493.96875,94157.703125,99388.6796875,32955.19140625,27171.529296875,752190.125,3,2,3,3
IND41655,36602,1999-02-02,BE49,26495.6796875,24865.619140625,1,1615.60998535156,330129.6875,181593.09375,186309.8125,37144.0390625,9326.419921875,105277.0703125,3,1,3,4
IND75932,21564,2020-01-23,BE22,149882.953125,41408.8984375,2,6951.35986328125,911976,433338.875,165210.453125,110907.671875,45171.359375,1445094.5,1,2,3,5
IND86705,26620,1995-05-15,BE10,204369.828125,41736.75,2,2356.19995117188,369377,145886.625,228841.765625,65219.91015625,6847.56982421875,240701.265625,3,2,4,6
IND79787,9649,2010-07-20,BE29,64432.37890625,6760.259765625,2,2766.3798828125,171612.109375,192069.953125,171969.609375,55476.94921875,15081.9296875,104073.953125,2,1,4,7
IND62595,41574,2001-03-09,BE28,30051.279296875,26736,2,4143.6201171875,263904.78125,0,0,0,20172.2890625,135815.6875,2,1,1,8
IND25773,32579,2019-03-02,BE23,305273.40625,39626.5,1,4821.43017578125,103714.828125,535215.6875,429494.0625,141072.28125,31960.640625,544350.4375,0,3,2,9
IND46155,13364,2021-05-10,BE35,45019.5703125,2662.48999023438,2,747.880004882813,219767.078125,216827.5625,86731.03125,133004.59375,9854.080078125,368424.3125,2,1,3,10
IND96756,891,1999-09-02,BE26,56333.21875,27853.83984375,1,2869.57006835938,187735.734375,342379.3125,409817.65625,133994.8125,10412,372255.59375,1,2,4,11
IND85245,7423,2018-08-18,BE09,200168.25,20748.5,1,757.780029296875,646340.875,455460.375,316143.09375,248252.703125,10135.400390625,1022453.125,2,2,1,12
IND21386,23569,1999-10-31,BE23,111158.78125,27899.279296875,2,723.380004882813,223158.09375,197430.375,118071.109375,43028.2109375,11507.3095703125,259288.734375,0,1,1,13
IND65402,38668,2017-03-16,BE49,44187.80859375,1615.14001464844,1,1661.7099609375,288622.84375,886280.1875,204077.6875,360051.34375,7949.0400390625,896182.25,2,1,1,14
IND42622,27739,2005-07-04,BE46,180987.109375,40601.25,2,775.510009765625,510409.0625,307856.4375,376269,147315.015625,18190.58984375,226123.546875,3,3,2,15
IND83775,19769,2014-01-07,BE47,214416,9375.2001953125,1,1174.91003417969,1622899.75,1136002.875,695165.9375,169383.109375,61706.4609375,2564187.5,0,3,2,16
IND14543,22289,2003-05-16,BE33,268503.6875,33435.359375,2,1048.58996582031,249597.4375,224557.8125,193584.328125,98728.0078125,7123,413903,0,2,3,17
IND54095,32820,2012-08-27,BE39,53747.140625,15706.4404296875,1,6098.919921875,801019.5625,1207274.375,344935.5625,575839.4375,9885.759765625,585488.9375,1,2,3,18
IND19003,41820,2007-07-22,BE38,58554.3203125,16740.640625,3,2384.21997070313,515201.9375,817996.875,421982.5,124971.7421875,9798.3095703125,104607.3203125,2,1,3,19
IND86759,42127,2019-11-19,BE40,91046.8828125,60686.3984375,1,6019.990234375,250848.9375,317919.5625,119219.84375,130580.7890625,12859.4296875,3239548.75,3,5,3,20
IND56173,32479,2003-07-12,BE25,219372.75,19534.5,2,4300.89013671875,485075.75,354800.46875,305732.3125,62392.0390625,35610.171875,161227.96875,2,2,3,21
IND61687,41523,2010-04-23,BE13,191378.078125,4686.7900390625,1,2632,147381.40625,592417.125,110525.59375,305050.625,37696,1518098,0,2,3,22
IND57908,38847,1996-01-27,BE07,388597.5,53215.19140625,1,165.710006713867,54532.3515625,682831.25,366155.875,554874.625,6814.2998046875,97138.4609375,3,3,3,1
IND69220,35852,2008-09-20,BE12,59086.94921875,21017.099609375,1,3666.48999023438,147801.671875,397287.46875,173975.5625,84832.5625,32684.9296875,602321.375,2,1,4,2
IND95487,20989,2021-05-10,BE07,239451.3125,19287.2890625,2,5343.0498046875,315742.1875,817822.4375,625393.625,410835.5,31017.25,119820.5234375,2,2,4,3
IND92968,4299,2002-08-24,BE36,204807.9375,15044.849609375,1,476.230010986328,193234.53125,99197.9296875,90496.3515625,99406.7578125,237.539993286133,73909.4921875,0,2,1,4
IND62985,29485,1995-07-02,BE19,47010.62890625,24115.51953125,2,2648.15991210938,125581.2578125,302800.125,142279.5625,206962.046875,4849.0400390625,332350.875,2,1,2,8
IND41456,4187,2008-11-05,BE45,152255.703125,9352.0595703125,1,4670.919921875,969610.8125,533783.8125,319395.21875,88599.359375,36672.94140625,217762.984375,3,2,3,9
IND63334,2488,2015-05-07,BE31,66677.53125,5243.83984375,1,1977.63000488281,190207.09375,30560.8203125,13227.8203125,30442.23046875,17063.01953125,231391.40625,2,1,4,10
IND32903,20807,2015-02-08,BE44,289812.5,32357.7109375,1,3708.10009765625,1395286.375,307346,102448.671875,71442.2578125,38398.578125,2497229.5,3,3,1,11
IND34986,21054,2010-03-08,BE24,91074.6484375,2573.75,1,223.229995727539,144419.03125,160532.359375,68462.328125,115654.1171875,17757.26953125,352461.46875,2,1,1,12
IND72265,3782,2021-02-03,BE31,260992.40625,8081.919921875,1,1523.63000488281,1088127.5,955896,594996.5,384211.65625,12709.740234375,1369298.25,1,3,1,13
IND64873,4898,2004-10-13,BE07,101348.59375,17772.810546875,2,1746.06994628906,829953.875,1036987.5625,177379.453125,479606.75,10739.759765625,1185654,2,1,2,14
IND30612,20829,1996-02-03,BE23,241800.875,46566.1796875,2,3988.02001953125,831276.625,847815.6875,520441.3125,207337.09375,49273.2109375,247662.34375,3,2,2,15
IND56739,10072,2011-12-10,BE09,180547.296875,5516.9599609375,2,5657.7001953125,1009198.5,1608492.25,515931.46875,436215,70131.46875,1423978.25,0,2,3,1
IND71679,36949,2007-08-13,BE46,229404.53125,10365.5498046875,1,3539,560607.1875,622655.3125,423662.375,220432.8125,56178.1796875,544885.6875,0,2,3,2
IND69386,2314,2021-11-16,BE47,103516.8828125,10311.8603515625,1,3975.39990234375,565582.125,679740.5625,261825.984375,239268.6875,7547.7998046875,1085697.5,1,1,3,3
IND30675,8898,2007-09-27,BE39,336905.375,25463.16015625,3,4641.4501953125,497745.4375,2065707.75,976807.5625,405935.59375,45941.12109375,987783.6875,0,3,3,4
IND37613,29018,2001-07-09,BE14,233819.65625,52290.48046875,2,2663.02001953125,731121.8125,671936.625,746596.25,132520.828125,47869.109375,885551.6875,2,4,3,5
IND32828,41493,2020-03-19,BE38,378564.625,52131.6015625,2,4397.58984375,200107.84375,412040.34375,230257.84375,251708.1875,32996.78125,486694.03125,0,3,3,6
IND59220,32230,2010-04-21,BE39,129932.296875,20799.099609375,2,1862.33996582031,203371.203125,811860.875,290421.78125,332664.9375,12841.3798828125,895163.1875,1,1,3,7
IND25922,16190,2020-08-14,BE42,179621.375,35502.98828125,1,2288.21997070313,1102866.625,2999025.75,1339187.625,333665.1875,85116.8515625,380333.59375,3,4,4,8
IND92034,30446,2012-05-20,BE22,186049.5,31473.599609375,2,1723.03002929688,564259.625,1298187.5,442345.34375,617937.25,46491.41015625,1376262.625,2,2,4,9
IND33307,21505,2004-06-04,BE25,157446.171875,23014.259765625,1,2976.01000976563,952380.125,549847.625,218965.875,181984.96875,32186.9296875,1424000.375,2,2,1,10
IND25691,20035,2019-11-13,BE31,29254.2890625,18972.599609375,1,2105.8798828125,197442.125,290795.53125,243383.21875,44346.3203125,4735.06005859375,546877.1875,3,1,2,11
IND69736,19879,2018-12-04,BE45,83536.4921875,31195.26953125,1,4100.080078125,772947.3125,60890.80859375,54040.58984375,21852.189453125,2728.43994140625,1068648.75,3,2,3,12
IND65318,42176,2021-10-30,BE40,90262.3984375,4804.39013671875,2,4101.39013671875,855070.4375,599215.25,344325.1875,97707.859375,32741.41015625,1012139.6875,1,1,4,13
IND83499,15508,2020-10-16,BE26,281572.34375,47983.2890625,1,4426.4599609375,330029.03125,204193.21875,161205.171875,119291.828125,43290.26953125,555179.125,0,2,1,14
IND74300,4663,2021-03-15,BE08,193275.84375,30044.400390625,1,259.079986572266,896307.8125,1523757.875,1007839.875,197728.59375,11436.099609375,1300112.25,3,2,1,15
IND47852,3450,2008-05-14,BE29,117097.7890625,10098.849609375,3,6376.72998046875,215669.265625,1765097.875,497848.125,808626,87289.25,675333.125,2,4,1,16
IND43367,29724,2006-10-22,BE32,76167.5,13824.75,1,833.700012207031,319085.71875,213337.1875,225527.875,60222.0390625,15206.2802734375,37350.4296875,3,1,2,17
IND84211,32080,2009-08-20,BE36,162867.015625,10241.759765625,3,3281.23999023438,723809.5625,1392924.875,598243.375,330016.0625,36589.359375,1398446.875,2,2,2,18
IND27091,28142,2020-02-27,BE20,245119.0625,24420.83984375,1,7978.7099609375,1314967.125,1356925,814155,96147.828125,62122.76171875,561213.5,3,2,3,19
IND84197,27851,2012-11-07,BE29,52308.75,6106.25,2,2216.14990234375,187186.015625,639661.3125,218420.9375,337824.375,5606.33984375,595957.125,0,1,3,20
IND97134,29801,2007-02-06,BE23,99791.1015625,26126.7890625,1,39.8300018310547,199697.53125,217372.234375,125847.078125,314274.5,21994.0703125,547709.625,2,2,3,21
IND68544,39693,2002-09-19,BE06,50314.33984375,7449.68017578125,3,2119.30004882813,492920.125,430835.28125,277270.21875,146313.375,1658.61999511719,165070.9375,2,1,3,22
IND96321,35978,2013-11-09,BE24,69314.1328125,31030.48046875,1,1201.81994628906,60762,77182.1875,73323.078125,67482.9609375,21247.19921875,626884.75,1,2,3,1
IND94055,9904,2015-04-10,BE35,162947.6875,31274.80078125,3,4364.0400390625,376735.21875,500375.9375,227813.4375,214795.53125,15691.3603515625,387317.65625,0,1,3,2
IND48964,34439,2019-12-01,BE04,67440.796875,28699.30078125,1,2273.09008789063,615934.875,413381.5625,252284.34375,41854.87890625,57869.51171875,1408194.5,3,2,3,3
IND28345,10756,2021-10-13,BE31,62701.19140625,25906.69921875,3,3281.80004882813,960388.875,324926.875,259941.5,40940.7890625,18050.509765625,683254.3125,2,2,4,4
IND93272,5226,2002-05-12,BE29,75789.8671875,20154,2,1435.80004882813,246724.5,60243.1484375,93979.3125,31808.380859375,5832.14990234375,204233.703125,1,1,4,8
IND58727,31988,2012-03-08,BE42,59484.359375,17739,1,1970.23999023438,472832,388803.8125,190801.875,152281.484375,5647.64013671875,694019.6875,0,1,3,9
IND47871,16056,2005-07-02,BE32,169625.703125,21116.439453125,1,591.140014648438,402941.34375,282744.03125,118414.171875,98597.921875,40417.5390625,1280381,1,1,1,10
IND24899,19877,2002-10-05,BE06,278807.46875,40635.62890625,1,5841.830078125,710283.6875,1247794.75,679833,108429.0625,29701.5390625,1869038.375,3,2,2,11
IND58197,40049,1995-06-09,BE24,178150.4375,33841.26171875,2,4455.68994140625,1312815.75,758087.125,351969,489958.90625,6293.64990234375,1051827.25,2,4,3,12
IND59695,12026,2004-04-02,BE40,64608.76953125,21195.130859375,1,98.9199981689453,247860.03125,179229.0625,159314.734375,55760.16015625,2259.419921875,545795.875,3,1,4,13
IND29786,6749,2018-10-20,BE15,62206.7109375,2184.15991210938,3,3899.26000976563,377944.03125,287770.65625,160956.46875,53066.859375,24941,933249,2,1,1,14
IND59107,6006,2003-06-22,BE26,165861.453125,47607.30078125,2,7941.240234375,576418.6875,120211.3671875,98840.4609375,31254.9609375,59764.23046875,976361.875,2,4,1,15
IND37582,1031,2009-03-16,BE32,387478.125,55895.83984375,2,1266.27001953125,1834708.875,1716590.625,889506.0625,476431.9375,43328.2890625,2160449.25,1,4,1,1
IND72283,34853,2001-09-20,BE25,74128.421875,27619.01953125,1,978.580017089844,938480.125,751406.75,500937.84375,126486.8125,18449.08984375,2039989.125,1,3,2,2
IND74203,14938,2000-02-21,BE08,115567.046875,17257.5,1,382.540008544922,382479.90625,260085.75,102328.8203125,114181.90625,32411.01953125,656394.1875,1,1,2,3
IND50994,22490,2006-12-17,BE33,183064.3125,21920.80078125,1,4452.6201171875,444775.0625,567228.1875,558633.875,249666.359375,14892.76953125,702796,3,3,3,4
IND58185,12748,1999-01-26,BE41,154619.515625,25201.259765625,3,1647.36999511719,261803.1875,1137025.75,442176.65625,409599.96875,1422.11999511719,471143.875,1,2,3,5
IND43545,518,2010-08-27,BE47,61730.30859375,5697.75,1,88.9400024414063,76568.421875,322752.21875,96406.5078125,86011.3671875,14609.599609375,469157.53125,2,1,3,6
IND83063,39599,2017-04-14,BE49,290003.4375,14490.0595703125,2,10487.8798828125,991961.8125,446223.125,102466.046875,253157.25,80231.2265625,707174.8125,2,3,3,7
IND15980,20901,2020-10-07,BE29,67416.1484375,8053.5,2,1533.53002929688,678840.1875,51260.51953125,17308.75,8308.2001953125,15609.58984375,1007983.75,0,1,3,8
IND35484,28031,2008-03-13,BE06,208955.640625,22115.51953125,1,3146.4599609375,76186.921875,122186.4296875,79606.3125,72812,24815.259765625,635260.6875,3,2,3,9
IND79472,20710,2021-08-22,BE08,94710.6875,17339.400390625,1,1761.65002441406,239733.21875,122771.6484375,36979.41015625,119813.296875,17073.509765625,37326.76953125,3,1,3,10
IND93672,8595,1995-05-14,BE36,78349.890625,23992.7890625,1,3864.78002929688,491588.5625,1012079.5,319194.3125,551194.0625,20123.419921875,1369457.125,0,1,4,11
IND88113,36034,2020-03-05,BE43,114059.4609375,12654.4599609375,1,1040.38000488281,208829.09375,380343.21875,355962.25,151405.859375,11721.83984375,408184.4375,1,1,4,12
IND53799,10256,2020-11-10,BE04,261751.34375,27447.6796875,3,6208.93017578125,420312.375,1215971,211814.296875,486780.625,36439.140625,1508099.875,1,2,3,13
IND41887,2001,1999-06-09,BE06,318685.71875,38548.44140625,1,2041.5400390625,1461717.625,2830536.5,1333091.375,369795.90625,22899.580078125,1976946.375,0,3,1,14
IND88761,31445,2020-02-10,BE38,284371.28125,42186.23828125,1,521.630004882813,1183883.625,1689110.125,410547.59375,884436.8125,25317.26953125,1020760.5,2,2,2,15
IND40435,34793,1999-06-23,BE46,73123.6796875,10618,1,1900.80004882813,410214,984888,393955.1875,194351.234375,52225.19921875,1362170.375,3,1,3,16
IND56106,39741,2020-12-14,BE29,59404.80078125,35463.6015625,2,1468.42004394531,318361.71875,77122.4609375,55397.8203125,46306.05859375,36629.609375,646976,1,2,4,17
IND41735,20585,2013-11-13,BE45,324937.625,51346.7109375,2,9517.1796875,1019102.4375,1485047.875,566663,307756.625,31089.029296875,697861.375,2,3,1,18
IND90777,12381,2000-11-19,BE18,220770.8125,42264,3,624.070007324219,493159.9375,123042.75,89305.21875,127706.46875,16505.189453125,721725.6875,2,2,1,19
IND51577,36134,2002-05-07,BE18,57704.98046875,2318,1,2714.92993164063,212865.53125,279791.28125,61268.16015625,118656.0078125,41543.87890625,743988.4375,3,1,1,20
IND80436,40642,2019-01-24,BE28,132696.46875,35217.6015625,1,7039.93017578125,1769470.875,894793.4375,286880.34375,427861.53125,77109.8203125,1865192,1,4,2,21
IND79704,13953,2012-09-21,BE07,183957.46875,73230.703125,1,7809.43017578125,988246.1875,3085021,746050.8125,1371927,49113.08984375,870542.4375,2,5,2,22
IND15664,11535,2016-03-22,BE19,233672.1875,4238.41015625,1,1655.71997070313,89810.6171875,122739.5234375,34367.0703125,45953.6796875,40962.640625,1081803.625,0,2,3,1
IND94938,25002,2009-03-08,BE36,77013.078125,24701.33984375,1,6162.83984375,379049.09375,595996.5625,135092.5625,317308.59375,50942.87890625,1836147.625,2,2,3,2
IND80870,39148,2009-11-05,BE03,152911.46875,17541.119140625,1,1988.76000976563,464468.1875,303466.75,267764.78125,194575.734375,30299.7109375,194960.03125,0,2,3,3
IND58524,3834,2014-01-22,BE31,295561.375,31806.26953125,1,2434.1298828125,896415.9375,217504.28125,64215.55078125,127208.9296875,21884.220703125,2095276.5,1,3,3,4
IND73247,9798,2019-01-22,BE12,314447.34375,44848.69921875,1,1057.01000976563,408232.59375,513488.65625,242637.5,328068.46875,11827.0400390625,1402707.375,3,2,3,8
IND49380,7225,2006-09-20,BE33,126478.2421875,19570,1,783.22998046875,507764.46875,126186.0625,78322.3828125,24976.140625,16172.7197265625,742988.375,1,1,3,9
IND32752,42175,1995-11-16,BE30,92351.203125,8788.8095703125,3,1451.26000976563,145044.203125,120010.96875,181148.640625,30342.400390625,10290.76953125,197343.515625,1,1,3,10
IND79491,26401,2018-04-19,BE42,101642.3515625,25257.05078125,2,4995.39013671875,1462139.125,107265.8125,85325.078125,39493.3203125,33064.23046875,1735043.75,2,4,4,11
IND52559,31474,2013-10-26,BE22,58759.6796875,2220.39990234375,1,4877.080078125,242465.59375,140284.203125,72300.3203125,29912.91015625,16725.279296875,370033.5625,2,1,4,12
IND94127,31870,2014-03-11,BE07,146332.453125,12936,3,2300.97998046875,347272.53125,152112.109375,196696.703125,78678.6796875,9903.51953125,113414.3125,0,2,1,13
IND59774,13652,2013-02-27,BE11,168353.234375,65213.4609375,2,2353.2099609375,56408.9609375,499909.5,256532.5,365131.25,44666.0390625,481601.5625,0,4,2,14
IND61218,29943,2012-04-05,BE02,256284.546875,22198.400390625,1,380.489990234375,566088.4375,133212.484375,142560.734375,83853.75,9275.9501953125,132050.8125,1,2,3,15
IND28314,17556,2010-09-03,BE44,78234.390625,25758.0390625,1,6008.080078125,667560.0625,391853.125,226281.390625,31293.060546875,53119.25,1225713.25,1,2,4,1
IND76099,7606,2015-05-02,BE27,384857.8125,53106,1,2567.15991210938,509149.8125,600058,241690.015625,621310,22823.640625,605579.75,0,3,1,2
IND58197,35122,1996-06-27,BE40,130428.609375,11748.9599609375,3,2763.07006835938,817000.875,1066417.125,584554.5625,182791.796875,27933.48046875,1164804.75,0,1,1,3
IND79892,231,2007-07-23,BE18,37133.1796875,5272.31982421875,3,3382.96997070313,392384.53125,470678.84375,110222.2578125,202689.796875,45,473708.78125,2,1,1,4
IND39781,13438,2004-01-06,BE40,53516.55859375,16820.310546875,1,4382.56005859375,383121.96875,329499.375,105057.7734375,97608.21875,39663.3515625,1683676.75,3,2,2,5
IND35995,6966,2017-04-08,BE22,203494.9375,37430.609375,3,4085.55004882813,792427.9375,310706.375,156861.46875,101356.640625,11971.48046875,541524.9375,1,2,2,6
IND42566,121,2012-04-12,BE08,168569.046875,15739.2900390625,2,8236.7099609375,1035797.4375,2232448.5,821541,732957.4375,65832.4921875,1113701.25,0,3,3,7
IND31753,9990,2002-08-23,BE48,110879.8125,15968.4599609375,1,425.059997558594,110950.5703125,186712.0625,161039.15625,47751.609375,5280.93994140625,387562.5625,3,1,3,8
IND53894,20512,2002-02-21,BE24,212959.328125,47416.16015625,2,1905.31994628906,184616.78125,23935.080078125,24347.75,14381.6796875,23849.4609375,1100196.25,3,4,3,9
IND56621,17648,2000-04-27,BE07,91782.109375,25158.30078125,1,2110.53002929688,1039246,375968.34375,267931.46875,144510.125,29932,1324137.625,2,4,3,10
IND76021,13319,2007-03-14,BE05,130687.15625,23800.0703125,1,1414.06005859375,35952.578125,45415.828125,34659.44921875,26353.130859375,23962.609375,392791.6875,2,1,3,11
IND17070,18986,2007-12-14,BE39,75941.859375,14295.240234375,1,977.609985351563,240025.015625,190655.6875,97273.3125,51554.8515625,7604.25,876989.1875,1,1,3,12
IND37670,32076,2001-04-29,BE30,112975.6171875,31612.3203125,1,299.279998779297,687264.125,421426.09375,392024.28125,69584.3125,22436.509765625,958301.1875,2,2,3,13
IND45617,8250,2018-04-12,BE26,311415.875,5269.60009765625,1,1169.7099609375,326966.5625,969928.75,496988.28125,237592.46875,67812.5078125,1154196.75,1,2,4,14
IND47563,19839,2019-01-02,BE24,514809.5625,22300.560546875,1,2492.86010742188,153204.28125,745757.8125,530487.5,190667.96875,69240.2734375,1376704,1,5,4,15
IND46352,31923,2020-09-09,BE17,78509.671875,20112.9609375,1,3239.23999023438,465384.125,673491.8125,287293.71875,145106.875,21362.939453125,713829.9375,0,1,1,16
IND52499,36731,2008-01-29,BE36,313302.53125,21721.80078125,2,4679.330078125,1012987.1875,976104.25,492884.3125,397786.625,44550.53125,1957630.375,2,3,2,17
IND64778,4843,1995-04-16,BE26,69271.90625,13546.400390625,1,1791.81994628906,184785.40625,167595.375,143895.015625,24123.580078125,3042.82006835938,241345.5625,3,1,3,18
IND83362,9232,2021-08-23,BE35,44252.98828125,45239.4296875,1,293.480010986328,726570.3125,527117.125,332216.6875,122920.1796875,31053.880859375,1796045.5,1,2,4,19
IND30786,6958,2014-11-26,BE38,67695.6015625,3591.44995117188,1,7478.7998046875,960557.3125,1233484.25,726164.125,174577.8125,29182.80078125,705435.375,2,2,1,20
IND20476,32604,2004-11-08,BE07,193812.265625,41258.5,1,7730.72021484375,855234.0625,2570252,1060228.875,305859.96875,5131.52001953125,3265394.75,2,5,1,21
IND69060,4910,2004-12-20,BE17,148197.15625,36119.69921875,1,3152.67993164063,315685.65625,119123.3515625,59561.6796875,159426.75,17218.009765625,190816.71875,1,4,1,22
IND17931,13446,2004-11-28,BE49,289056.28125,54635.30859375,3,6996.1298828125,662878.1875,444874.25,238614.375,89541.046875,80211.3828125,404124.625,3,3,2,1
IND56891,35281,2000-07-05,BE47,94483.25,29841.400390625,1,1344.7099609375,51539.609375,58388.05078125,32909.62890625,64460.3984375,7951.2001953125,267677.15625,0,1,2,2
IND37323,9057,2006-01-23,BE03,38502.76171875,1789.07995605469,1,1802.43005371094,0,72128.9296875,30207.83984375,22322.98046875,26400.7890625,823027.125,2,1,3,3
IND17259,32235,2021-06-15,BE11,131489.1875,39765.71875,3,1070.21997070313,601552.3125,408648.5625,252400.578125,188218.71875,8950.2099609375,496349.53125,0,2,3,4
IND24069,28895,2016-06-20,BE21,84832.2578125,17913.580078125,1,2033.55004882813,384710.4375,392769.71875,313460.4375,38521.6484375,28135.599609375,878596.25,3,1,3,8
IND70868,11097,2005-06-22,BE37,38807.25,35163,1,1061.28002929688,608245.625,286374.4375,216950.328125,72316.78125,10444.009765625,1209142,1,2,3,9
IND94996,25969,2014-08-10,BE36,194389.859375,27495.859375,1,1306.55004882813,678417.6875,2178799,904407.125,563747.125,691.059997558594,1500584.75,1,2,3,10
IND92018,29156,2015-01-04,BE02,71368.28125,12514.5,2,1228.06005859375,776907.3125,1563535,525671.25,978422.4375,23434.560546875,357389.0625,3,3,3,11
IND40311,36109,2002-03-03,BE20,155237.171875,55594.73828125,2,5329.60009765625,655011.1875,193003.453125,120445.7734375,18255.51953125,37998.01171875,2242488.75,3,4,3,12
IND22076,6365,2021-08-14,BE35,168014.1875,26765.55078125,1,2743.22998046875,533283.1875,504571.625,323922.53125,173423.140625,17508.759765625,145955.640625,3,2,4,13
IND88518,278,2008-04-10,BE46,102181.3125,17165.720703125,1,1441.01000976563,1170740.375,1015970.5,279562.34375,466664.59375,61358.26171875,1213389.75,1,2,4,14
IND67149,19882,2009-10-25,BE02,61144.48046875,3109.59008789063,1,1073,434022.5,153656.1875,57621.0703125,47612.078125,4777.66015625,818417.9375,0,1,1,15
IND94783,30230,2013-08-31,BE19,86398.7421875,38655.62890625,3,4677.669921875,913188.9375,226275.796875,136817.921875,152815.09375,49864.71875,1007081.5625,2,3,2,1
IND28381,5842,2006-07-09,BE43,69755.6328125,19885.25,1,3214.56005859375,639722,602428,255825.59375,98781.6875,24928.0390625,580494.5625,3,1,3,2
IND19580,23798,2019-01-18,BE27,405403.09375,6798.2998046875,1,7229.6201171875,410859.59375,327707.84375,105113.828125,114264.921875,24398.1796875,265531.90625,1,4,4,3
IND96087,24426,2019-08-30,BE16,135796.5,16855,1,3018.55004882813,517134.1875,43408.44140625,46381.62109375,15960.0302734375,22091.259765625,559782.25,0,2,1,4
IND38737,18981,2005-06-27,BE15,231029.015625,28929.8203125,3,612.900024414063,511206.375,319805.84375,105881.671875,79346.421875,9542.830078125,1832460.875,1,2,1,5
IND38628,43285,2001-04-22,BE10,110136.6875,5533.43994140625,3,1100.30004882813,289776.125,398822.40625,253098.84375,93876.65625,211.75,504794.34375,1,1,1,6
IND47104,41334,1995-06-02,BE14,134150.4375,4758.8701171875,1,6849.47021484375,464695.125,1433364,432713.625,375018.5,43048.48828125,1721832.5,2,2,2,7
IND35485,26760,1999-07-12,BE22,33391.890625,5415.33984375,1,136.509994506836,194137.578125,94195.8984375,49763.87109375,88295.328125,18520.33984375,216502.03125,0,2,2,8
IND89040,31471,2018-03-29,BE24,356326.53125,40778.75,2,12841.8203125,1933191.375,1245486.5,380785.6875,478520.65625,31136.55078125,2984485.5,3,5,3,9
IND41722,1548,1999-11-13,BE23,133139.875,35311.71875,1,7672.02978515625,930495.5625,2500209.75,729227.8125,755271.6875,30735.130859375,2508430.25,2,2,3,10
IND34939,16709,2005-02-19,BE43,131466.96875,27583.359375,1,1374.32995605469,568476.5,963625.9375,404484.9375,541771.875,66530.3671875,689529.1875,3,5,3,11
IND15036,40547,2014-03-03,BE17,158341.703125,29558.009765625,2,4771.02978515625,209619.59375,603125.125,360199.71875,248286.515625,40075.01171875,779158.75,2,2,3,12
IND80720,7741,2013-01-05,BE17,180874.0625,66917.1171875,1,4832.7001953125,1371965.375,1340823.25,541746.75,885755.9375,67131.421875,171912.59375,3,5,3,13
IND35191,30692,2017-05-05,BE33,82419.8125,19836.3203125,1,387.730010986328,648406.5,780884.125,229307.234375,269405.03125,28843.869140625,510418.6875,1,1,3,14
IND83420,22889,2005-07-12,BE19,465670.71875,38016.23828125,2,3319.8701171875,1139666.375,740926.5,292711.6875,690433.75,69643.40625,1034359.9375,2,4,3,15
IND67155,12232,1995-07-30,BE22,128955.6484375,15151.849609375,1,3600.8701171875,746744.6875,822927.4375,267320.375,249132.109375,48009.8203125,652707.625,0,1,4,16
IND53173,2737,2015-03-14,BE31,98343.5,33137.078125,1,304.160003662109,355391.125,88035.7734375,33956.6484375,78037.421875,39942.109375,961595.6875,2,2,4,17
IND15625,22802,2016-04-25,BE24,196620.546875,64560.140625,3,7586.080078125,376984.125,2262232,1112573.125,385692,67077.4765625,503031.21875,2,5,1,18
IND33337,39368,2002-02-19,BE40,291034.5,50628.73046875,1,2546.169921875,119243.75,250481.40625,113855.1875,232264.578125,30391.5390625,455877.40625,1,3,2,19
IND40896,38575,2007-10-02,BE13,142762.8125,7367.81005859375,2,535.200012207031,603533.1875,1195910.25,260334.203125,409375.5625,44364.2890625,452542.1875,1,1,3,20
IND71163,10796,2014-06-05,BE09,87475.5,38934.5,1,1094.80004882813,254842.28125,227890.453125,166848.375,240098.875,19336.240234375,695647.125,0,2,4,21
IND78424,8419,2006-06-23,BE41,155729.625,29286.7109375,1,6036.080078125,816917.5625,853648.4375,314938.25,549815.875,21103.33984375,1157637.75,1,2,1,22
IND41219,20608,2019-09-17,BE36,79782.4921875,6279.0400390625,1,315.959991455078,398697.9375,361620.0625,166628.84375,139046.453125,29962.2109375,500530.8125,1,1,1,1
IND62450,31209,2016-05-28,BE17,234707.171875,25305.240234375,2,2232.51000976563,260404.6875,68640.03125,57569.05859375,49420.8203125,3154.93994140625,441021.28125,0,2,1,2
IND67674,17828,2013-11-24,BE47,72706.7890625,36381.421875,1,295.809997558594,269847.28125,94217.5234375,69092.84375,85298.2578125,16365.5595703125,679158.4375,1,2,2,3
IND14696,43366,2014-04-20,BE06,177519.515625,4661.35986328125,1,2303.53002929688,472207.03125,294577.4375,140742.546875,95148.5078125,26784.25,273850.25,0,2,2,4
IND39582,18696,2012-03-04,BE20,154263.765625,22358.310546875,1,681.900024414063,75552.4765625,208376.0625,265205.875,82971.5625,16769.400390625,345400.34375,2,1,3,8
IND55512,42590,2005-07-18,BE48,99666.75,10370,1,7211.8798828125,174924.359375,1102563.125,431130.46875,239807.484375,72036.8984375,1111998.375,2,2,3,9
IND58447,20967,2001-03-01,BE18,266276.84375,17614.259765625,2,4604.18017578125,825051.875,2217834.25,443566.875,838895.875,96596.0625,786745.6875,3,3,3,10
IND66908,19688,2004-11-27,BE02,265427.25,26190.9609375,3,2007.93005371094,840128.5,1030232.5625,355567,539458.9375,39235.6484375,179763.234375,1,2,3,11
IND93572,13251,2000-02-19,BE07,84421.4609375,35468.16015625,2,28.1800003051758,159327.90625,173284.953125,294584.40625,62382.578125,14989.099609375,403295.96875,3,2,3,12
IND70604,38986,2005-08-20,BE03,49503.76953125,20847.330078125,1,4653.68017578125,135150.125,413227.375,287158,63034.69140625,21961.51953125,718739.9375,2,2,3,13
IND28563,15693,2007-01-16,BE22,291792.25,36552.78125,1,1261.5,78291.2578125,1937546,572456.75,564090.0625,49095.6015625,431914.8125,2,2,3,14
IND44786,7863,2002-01-20,BE45,46821.12109375,27346.19921875,1,2450.73999023438,947424.875,117015.78125,95625.796875,23554.140625,44240.46875,1209634.125,3,2,4,15
IND79851,12398,2021-12-02,BE05,285375.5,56313.83984375,2,1778.31994628906,713653,341798.75,213624.21875,98877.5,2981.22998046875,789757.5,1,3,4,1
IND24079,31265,2001-02-08,BE42,72070.7265625,17690.880859375,2,1015.76000976563,152068.234375,208859.640625,119787.1484375,112415.6328125,2146.6201171875,92649.2890625,3,1,1,2
IND15798,37174,2010-08-28,BE10,98374.078125,21012.30078125,1,3358.8701171875,544636.4375,994585.0625,617605.25,95929.328125,25196.83984375,154219.65625,0,1,2,3
IND37241,2684,1996-04-26,BE01,91243.0625,2150.05004882813,1,1529.42004394531,125707.28125,0,0,0,954.039978027344,133887.109375,0,1,3,4
IND86966,34467,2005-04-11,BE28,471052.34375,9266.400390625,1,2021.97998046875,1451497.375,2021381,861284.0625,1021939.875,18387.029296875,2487458.5,1,4,4,5
IND71164,43040,2007-10-09,BE22,35337.21875,6165.4501953125,1,900.460021972656,705853.1875,119341.203125,29835.30078125,53040.53125,20912.390625,394311.625,2,1,1,6
IND40932,38960,2011-02-09,BE09,152280.515625,13713.0595703125,2,1336.26000976563,773813.1875,860495,410867,269621.78125,25511.73046875,674133.8125,2,1,1,7
IND96715,26940,1996-11-10,BE14,512987.8125,61515.78125,1,6672.66015625,2284896,436494.5625,180714.3125,119688.4765625,107769.9765625,346486.125,0,5,1,8
IND50507,13803,2000-10-13,BE05,91339.9921875,2125.34008789063,1,127.25,216548.953125,47898.3984375,15790.6796875,30212.83984375,16043.3896484375,341117.1875,1,1,2,9
IND38878,2928,2013-05-25,BE43,159579.96875,25288.650390625,1,3928.42993164063,212778.25,336606.84375,104659.2734375,128306.6015625,20083.9296875,1286219,3,2,2,10
IND59922,42750,2002-06-17,BE28,181593.390625,24063.41015625,3,70.7099990844727,203307.15625,307847.84375,232069.90625,219803.34375,7288.5498046875,366702.125,3,2,3,11
IND32848,29090,2007-10-07,BE38,30326.330078125,2020.57995605469,3,3886.3798828125,409137.21875,211383.953125,54863.01171875,71354.1875,36419.44921875,711890.0625,1,1,3,12
IND22297,21001,2020-09-23,BE46,76587.296875,16762.619140625,1,5079.919921875,822400.9375,992388.875,207709.296875,325718.9375,15336.73046875,696597.125,3,1,3,13
IND17713,37970,2017-11-22,BE30,75928.828125,7975.759765625,1,301.779998779297,620326,1008769,345468.84375,186553.171875,10227.5595703125,705476.75,1,1,3,14
IND25396,38775,2000-01-11,BE49,61750.33984375,44720.640625,2,908.210021972656,761581.3125,1156978,636337.875,115945.71875,83459.3828125,2240804.25,3,2,3,15
IND15088,8628,2010-12-25,BE40,286607.875,21810.060546875,2,6838.60009765625,1737252.25,1822218.125,1111108.625,192592.15625,38869.6484375,2515317.75,3,3,3,16
IND24185,16919,1999-05-27,BE03,191841,22092.5,1,802.400024414063,703536.8125,0,0,0,2736.80004882813,785672.375,2,2,3,17
IND13182,40613,2016-11-11,BE28,97698.890625,24092.919921875,1,688.570007324219,371535.5,338535.5625,270828.46875,33853.55859375,24226.859375,876909.625,0,1,4,18
IND57459,27130,2007-09-10,BE13,342396.71875,54688.5,3,3446.55004882813,901248,350878.5625,91533.5390625,190084.65625,70924.40625,2475385.75,2,4,4,19
IND60265,22184,2012-10-17,BE02,80765.8828125,13141.2001953125,1,903.760009765625,78101.2890625,48562.80078125,32654.30078125,46477.94921875,15065.4404296875,290271.65625,3,1,1,20
IND98600,7860,2014-12-12,BE01,176480.359375,34644.44921875,1,1190.7099609375,585187.375,260575.3125,314344.8125,123090.8125,28459.01953125,882756.375,3,2,2,21
IND56505,27186,1996-08-02,BE10,34363.71875,21179.73046875,1,3295.1298828125,608489.6875,1264219.125,342562.625,416295.125,48618.12109375,1524000.75,1,1,3,22
IND24188,26593,1999-10-04,BE43,212002.5,13938.5,1,3269.3701171875,705539.625,315219.34375,311178.0625,55769.578125,24006.44921875,418455.96875,0,2,4,1
IND66753,26982,2011-06-21,BE38,181525.4375,34293.6015625,1,4470.85986328125,1133013.625,156772.4375,54390.44140625,50689.75,15540.83984375,1558621,1,2,1,2
IND31161,38116,1996-11-18,BE03,61488.5,31544.640625,1,273.329986572266,253955.9375,292495.84375,76972.59375,118537.7890625,54716.37109375,1119246.375,3,2,1,3
IND74796,30156,2013-02-12,BE42,77567.796875,12646.48046875,2,482.029998779297,260742.796875,254105.5625,179991.4375,179850.265625,661.450012207031,84938.3125,0,1,1,4
IND18529,7529,2007-12-02,BE34,81291.15625,10274.099609375,3,9274.1201171875,1241203.5,1680248,379782.0625,424089.96875,36109.25,2430078.5,1,2,2,8
IND45403,38739,2002-03-25,BE32,129574.890625,6106.64990234375,1,67.8499984741211,150913.8125,514861.53125,507808.625,154035.28125,14027.2099609375,637115.4375,0,2,2,9
IND57142,19882,2015-11-30,BE24,341325.34375,14667.1201171875,2,2981.65991210938,477384.96875,764580.5625,646252.625,232286.84375,30319.23046875,1368961.125,2,2,3,10
IND45470,1221,2017-01-28,BE45,146610.234375,18992.400390625,3,683.429992675781,435339.3125,96693.0390625,93176.9296875,64450.30078125,2869.35009765625,638184,2,2,3,11
IND69975,9129,2015-01-19,BE09,62305.62890625,1775.5,2,805.369995117188,238816.21875,143851.734375,40685.33984375,103573.2421875,22491.810546875,125146.640625,3,1,3,12
IND22525,40177,2015-08-01,BE22,189742.765625,23607.7109375,1,530.119995117188,193600.015625,296574.40625,124147.421875,128009.7890625,25188.33984375,835097.625,2,2,3,13
IND15624,7700,2011-03-25,BE27,491409.53125,34176.5703125,2,4891.10986328125,1468097.375,521357.75,181149.734375,135553.015625,103795.3828125,512143.40625,2,5,3,14
IND85067,28840,2018-11-19,BE19,297603.875,47232.5703125,2,4773.2998046875,957889.6875,655045.5,208750.765625,577519.75,10808.0400390625,1249345.25,0,2,3,15
IND53006,7263,2020-07-14,BE45,252612.859375,27437.759765625,1,8765.0595703125,311486.21875,816460.5,176099.3125,303904.75,55843.23046875,1119019.75,1,3,3,1
IND52186,30494,1995-05-16,BE44,121293.8828125,20721.919921875,1,2167.26000976563,1183417.5,0,0,0,5374.14013671875,182024.1875,3,2,4,2
IND99691,6688,2011-04-22,BE45,283076.28125,44260.6484375,3,2479.93994140625,434375.625,55301.51171875,39778.28125,71552.3984375,3708.07006835938,63294.96875,1,2,4,3
IND35211,2789,2010-10-15,BE14,110572.2109375,18163.19921875,1,1933.2099609375,476101.875,37664.30859375,10823.080078125,22403.76953125,42739.41015625,1278489.125,2,2,1,4
IND54677,10036,2020-05-08,BE05,62559.671875,26774.23046875,1,778.539978027344,245560.96875,206792.296875,152846.484375,61857.87109375,33283.37109375,479575.46875,3,1,2,5
IND75463,42306,2021-09-17,BE11,200436.796875,62653.44921875,1,848.070007324219,479104.125,1883360.125,1283351.5,398672.34375,86455.3984375,212606.6875,1,5,3,6
IND54309,8452,2006-03-17,BE43,144736.4375,29361.41015625,1,1535.31994628906,492107.21875,702159.5625,711278.5,172530.640625,21278.810546875,884355.75,1,2,4,7
IND32424,26860,2017-06-19,BE31,117501.671875,34283.51953125,1,5583.39990234375,351717.875,1724459,856594,181237.265625,7702.39013671875,1076992.75,0,2,1,8
IND64425,34062,2011-03-29,BE14,70908.0078125,5827.35986328125,1,1760.36999511719,441249.4375,344791.34375,222677.75,129655.90625,15339.6103515625,289990.03125,2,1,1,9
IND63920,39316,2000-03-29,BE01,64212.21875,27972.560546875,1,2864.03002929688,665377.25,307164.5625,144101.890625,221006.796875,25557.1796875,993089.1875,2,2,1,10
IND57702,37845,2018-01-22,BE07,149346.65625,29221.080078125,2,2580.40991210938,590881.875,3359892.5,1702050.75,452480.25,20512.580078125,646156.8125,0,4,2,11
IND50366,18359,2020-04-10,BE13,109855.4765625,19648.19921875,1,2247.39990234375,458086.375,291375.625,191215.25,29866,11316.3603515625,1028243.6875,3,1,2,12
IND35560,4855,2021-12-29,BE19,103961.09375,20240.919921875,2,2256.3798828125,490614.375,862135,197220.4375,256386.5625,13699.3798828125,105736.3984375,3,1,3,13
IND97501,41689,2021-03-12,BE35,433365.5,11774.580078125,2,6543.31982421875,980636.25,1390317,1012366.75,415070.375,2148.85009765625,726069.5,3,4,3,14
IND50411,37089,2014-06-05,BE17,150898.046875,18778.080078125,2,42.6399993896484,284352.5625,606505.375,321091.09375,321804.625,9160.9296875,399466.375,2,2,3,15
IND76102,12379,2007-03-10,BE47,139596.546875,26119.98046875,1,12102.4599609375,222968.9375,540406.25,317194.9375,78123.9375,48294.33984375,339270.625,3,5,3,16
IND56074,15013,2009-12-16,BE11,141515.015625,4827.240234375,1,1563.06994628906,333744.65625,103201.6171875,92338.2890625,77183.953125,9673.240234375,441118.875,1,2,3,17
IND27011,2034,1999-01-09,BE39,66543.5703125,4081.02001953125,1,1225.83996582031,333472.46875,126886.328125,175526.09375,22289.69921875,16574.1796875,522315.28125,1,1,3,18
IND48221,20957,2019-05-16,BE08,422382.625,26844.08984375,2,1356.7900390625,1596542.875,1340974.75,591296,376317.65625,51077.3203125,1931783.75,2,4,3,19
IND45884,43207,2005-09-23,BE04,488895.375,5781.27978515625,2,4794.8701171875,369137.25,878322.5625,902061,222191.875,37463.05859375,179953.140625,2,4,4,20
IND16593,29439,2011-09-01,BE35,92607.75,19835,1,999.900024414063,102478.953125,229116.203125,140015.453125,60715.7890625,3956.85009765625,312132.59375,2,2,4,21
IND32999,39197,2018-03-05,BE09,328107.3125,35319.23828125,2,8433.0703125,86324.171875,1688758.625,688012.75,377156.09375,95976.5,1912940.5,1,3,1,22
IND39671,25951,2013-02-12,BE47,59980.671875,24186.9609375,2,19.1800003051758,478753.3125,503727.8125,517342.09375,119260.96875,25489.6796875,1321626.875,0,2,2,1
IND65149,36580,2013-11-22,BE19,96059.6796875,14301.41015625,3,817.659973144531,1309510.875,657336.875,302223.84375,430668.96875,72159.34375,131595.375,1,4,3,2
IND87267,35100,2017-04-12,BE21,138340.671875,14770.4697265625,2,275.809997558594,533544,160695.234375,96417.140625,119075.15625,17394.310546875,53883.6484375,1,1,4,3
IND69610,32346,2019-08-08,BE13,145503.59375,27033.75,1,975.669982910156,466532.6875,499893.15625,359146.53125,124924.7578125,26095.509765625,375420.625,2,2,1,4
IND80344,26946,2005-09-13,BE18,138844.40625,22795.470703125,1,6568.93994140625,629977.9375,286280.40625,74761.1328125,116189.7265625,22248.25,1056141.75,0,2,1,8
IND38207,16366,2003-12-30,BE29,87964.25,28324.169921875,1,3876.82006835938,235674.203125,95426.1171875,23274.66015625,39101.44140625,35246.328125,764131.1875,1,2,1,9
IND79637,28156,2020-02-18,BE05,187601.46875,4761.2099609375,1,5015.0400390625,0,1268649.125,678995.3125,231573.140625,57662.46875,495342.28125,3,2,2,10
IND29921,6558,2012-09-04,BE48,37871.01953125,34761.578125,1,3608.56005859375,93376.1328125,659353.3125,517139.875,84035.2265625,18233.19921875,802255,1,2,2,11
IND59198,38167,2021-04-27,BE14,307054.4375,35028.8984375,1,1717.51000976563,531702.375,1112826.25,996367.6875,267854.6875,24031.9296875,1480748.75,3,4,3,12
IND19422,18505,2017-09-29,BE47,334843.21875,68760.5078125,1,9810.3798828125,2374318.5,3245233.25,1800437.5,232278.671875,50535.9609375,2581345,1,4,3,13
IND54707,11924,2019-11-22,BE38,102583.5,22735.5,1,4758.1298828125,939876.625,93238.8984375,51078.69921875,25798.80078125,8800.9501953125,963100.875,3,2,3,14
IND20608,8804,2006-02-22,BE35,99151.3203125,27849.220703125,3,3352.330078125,357978.09375,600265.1875,509527.40625,107419.546875,47746.80859375,144831.90625,2,2,3,15
IND98943,8144,2015-06-10,BE22,170208.953125,29922,1,2939.71997070313,313549.46875,659087.25,380014.28125,267197.53125,59873.3984375,1522225.625,0,2,3,1
IND61538,15787,1996-05-28,BE27,156360.765625,36720.5390625,1,2619.30004882813,491419.65625,256500.3125,291029.21875,186061.390625,14386.23046875,120138.03125,2,2,3,2
IND78351,5687,2017-06-13,BE12,254049.9375,6954.56982421875,1,8670.150390625,142987.984375,1568622.875,907026.8125,171268.015625,216.710006713867,711447.625,2,2,3,3
IND46289,38156,2009-06-01,BE43,261771.1875,20614.599609375,1,2516.30004882813,785259.375,826021,275340.34375,441629.21875,45726.8515625,1175634.375,1,2,4,4
IND16285,29116,2012-05-01,BE35,162652.125,37196.71875,3,5965.10009765625,158088.09375,1305930.625,746246.0625,222474.609375,83580.71875,1210723.125,0,4,4,5
IND85859,26957,1999-11-22,BE39,230764.796875,21653.400390625,1,1907.48999023438,676955.9375,381602.53125,398689.21875,193079.484375,16057.490234375,594087.6875,2,2,1,6
IND86031,20979,2009-10-10,BE23,316487.53125,51908.87890625,1,2178.25,1133288.125,333646.21875,190654.984375,323160.1875,16174.75,1183141.75,3,5,2,7
IND65548,30197,2003-11-03,BE49,36006.03125,36840.359375,1,2452.17993164063,862294.25,489630.625,151954.328125,259335.390625,33108.30078125,726780,0,2,3,8
IND28392,36825,2013-07-14,BE33,348927.59375,32421.720703125,3,2000.06005859375,684129.0625,328315.75,213117.25,228611.453125,12037.080078125,773614.25,0,5,4,9
IND36665,19807,1995-11-05,BE35,38281.0390625,26898.400390625,1,1912.31994628906,1038515.8125,1506675.75,320168.59375,435052.625,49608.9609375,880957.4375,1,1,1,10
IND31739,5337,2002-11-10,BE46,80225.5390625,12850.099609375,2,4444.43994140625,947589.9375,216390.40625,112410.6015625,18547.75,9999.419921875,1392172.375,3,1,1,11
IND68824,25758,2010-10-28,BE42,484691,11373.0595703125,2,7984.10009765625,1236981.25,1407701.25,722873.625,223710.375,97886.21875,3487314,1,5,1,12
IND81954,41598,2010-03-27,BE44,139535.921875,58891.421875,1,7107.5498046875,649611.0625,1021773.5,454121.5625,280987.71875,27691.75,1962514.5,1,3,2,13
IND57483,41967,2007-12-19,BE34,204212.28125,39148.16015625,2,3970.97998046875,139875.96875,2532175,1127226.25,450727.15625,48104.05859375,1763512.125,2,2,2,14
IND58811,13750,2018-06-05,BE18,349188,49402.5,1,5869.14013671875,692863.5,727295.4375,529660.8125,234789.9375,64263.83984375,294391.25,0,3,3,15
IND90712,3538,2002-07-02,BE43,84800.0390625,46266.8984375,1,6607.740234375,1067368,3123544.5,720817.9375,1712270.25,124704.8671875,823236.0625,2,5,3,16
IND78657,23307,2011-05-04,BE14,114430.6875,15505.599609375,2,2375.51000976563,336785.0625,26828.580078125,7290.3701171875,23402.099609375,251.710006713867,340478.90625,1,1,3,17
IND77048,15572,2005-02-19,BE35,170920.421875,5516.5498046875,3,2695.5,333446.40625,752092.1875,255711.34375,526163.6875,13552.650390625,274001.40625,1,2,3,18
IND80417,615,2005-04-08,BE39,321119.75,48322.6015625,2,7706.5400390625,860889.4375,391029.9375,92972.15625,194913.390625,87025.8828125,1614452.25,2,3,3,19
IND69214,27154,2001-02-08,BE03,138366.65625,25964.119140625,1,1997.7900390625,1181014,2735303.75,1416150.125,518543.75,25406.66015625,3021187.25,1,4,3,20
IND35051,10662,1999-04-24,BE27,139498.453125,21813.720703125,2,6892.77001953125,187627.59375,911326.25,268037.125,343470.4375,52516.26953125,2017006.25,2,2,3,21
IND29305,19847,2006-04-26,BE11,292103.8125,10039.349609375,3,4907.83984375,447035.09375,1380431.125,900912.9375,353390.375,28762.33984375,450153.84375,1,5,4,22
IND81554,12874,2003-07-19,BE24,181982.234375,4557.83984375,1,2754.02001953125,231460.3125,113852.15625,73566.0078125,110734.359375,27682.9296875,741194.625,3,2,4,1
IND76672,12708,2010-01-18,BE44,41258.87890625,31081.94921875,2,970.099975585938,540708.3125,1292689,354447,722446.375,3308.71997070313,444933.25,2,2,3,2
IND89391,41222,2001-05-02,BE16,138442.890625,4883.1298828125,1,661.960021972656,258408.859375,442275.46875,228048.296875,537088.25,24945.98046875,990724.75,0,2,1,3
IND95274,20721,2008-03-30,BE29,116508.9375,14003.01953125,3,68.2699966430664,294887.78125,21065.119140625,31597.6796875,12744.400390625,8857.4296875,140095.140625,2,1,2,4
IND93078,3655,2010-01-21,BE27,111496.5,7301,1,1799.03002929688,274664.4375,329165.375,214155.796875,217090.515625,34670.3515625,160689.25,3,2,3,8
IND47843,27628,2015-01-03,BE29,73812.6015625,9656.9404296875,3,43.0200004577637,328683.78125,615088,229989.421875,243895.765625,17864.80078125,353781.125,3,2,4,9
IND93058,2149,2000-08-29,BE32,51971.25,24291,2,774.400024414063,61186.3984375,623735.0625,481977.09375,269907.15625,7678.8798828125,314790.09375,0,2,1,10
IND92239,1616,1999-08-01,BE15,90061.2109375,22896.080078125,1,1568.5400390625,127661.6328125,433119.96875,152458.234375,230904.9375,10078.9501953125,354743.59375,1,1,1,11
IND12702,3720,2020-03-03,BE03,112254.7734375,9488.16015625,1,592.419982910156,1414317.125,348082.71875,224671.578125,45883.62890625,7191.35986328125,1239307.375,3,2,1,12
IND54557,36551,2008-12-31,BE15,200034.65625,36168,1,4542.5,656478.125,396416.25,269171.53125,189398.875,11930.1298828125,374449.34375,3,2,2,13
IND98387,2240,1996-02-24,BE28,468818.09375,32124.55078125,1,3952.77001953125,204628.203125,80368.8125,39633.9296875,87370.8125,22240.529296875,622936.25,3,4,2,14
IND21698,18335,2006-05-27,BE44,102656.953125,10408.5302734375,2,1680.06005859375,36116.98828125,149993.140625,120912.84375,18320.58984375,24312.890625,440832.6875,0,1,3,15
IND60028,163,2021-04-05,BE48,58419.23828125,32798.48046875,2,5453.72998046875,211534.515625,288545.15625,114829.203125,163440.21875,43380.55078125,1504926.875,3,2,3,1
IND77518,5005,2012-05-19,BE26,140855.21875,12999.4599609375,1,1083.38000488281,669122.4375,476404.09375,381123.28125,157107.484375,34604.8203125,476822.15625,2,1,3,2
IND81280,17518,2008-10-20,BE25,303715.375,37170.69921875,1,7323.5400390625,830988.0625,3243585.75,1203594.625,911672,8707,1639408.875,2,2,3,3
IND27009,4576,2016-12-03,BE47,67402.7421875,2197.43994140625,3,1495.83996582031,127332.3984375,429040.5,256438,146761.4375,27940.259765625,599202.9375,3,1,3,4
IND29085,42806,1995-04-07,BE18,50226.87890625,18022.25,1,2153.36010742188,371797.71875,33293.55078125,26560.01953125,6943.009765625,13309.2802734375,239669.65625,3,1,3,5
IND62329,13931,1996-09-21,BE07,33952.28125,7396.31982421875,2,3527.35009765625,284148.90625,447927.90625,212624,65913.4375,40683.69921875,678764.1875,2,1,3,6
IND35485,24720,2016-03-10,BE08,284819.625,39901.6796875,1,3858.69995117188,476516.6875,885748.25,757688.25,213540.03125,10419.75,450288,1,2,4,7
IND23071,21987,2006-11-19,BE02,236893.515625,30897.720703125,1,827.299987792969,842966.375,491151.6875,528454.375,55021.421875,2354.330078125,1135129.375,0,2,4,8
IND49461,14470,2013-12-13,BE46,223656.453125,30746.240234375,3,1089.9599609375,486874.0625,42186.4296875,45516.9296875,8193.0498046875,13025.490234375,971928.25,2,2,3,9
IND84835,38087,2004-01-16,BE31,233880.875,5531.35009765625,1,10937.150390625,729742.375,1146381.75,335526.375,668070.3125,87161.109375,439707.0625,0,4,1,10
IND88751,15538,2005-03-01,BE11,325866.65625,6405.6298828125,2,6912.259765625,136488.84375,600544.0625,233544.90625,374116.71875,35695.6015625,948872.25,0,3,2,11
IND47511,624,2018-09-05,BE14,94314.4765625,15868.7998046875,1,8565.48046875,1459532,3760505.5,1867963.5,471906.5625,77808.7578125,951559.9375,3,5,3,12
IND57469,19273,2003-01-14,BE10,274475.78125,56993.08984375,1,1837.21997070313,720813.9375,1218779.875,511887.5625,629134.1875,4208.0498046875,566092.4375,0,3,4,13
IND13603,38893,2000-06-18,BE11,381103.3125,22245.55078125,1,4636.72021484375,573978.5,592604.25,311896.96875,103965.65625,2487.80004882813,2167704,0,4,1,14
IND28663,21687,2020-11-17,BE41,185228.21875,19918.599609375,2,1959.94995117188,163347.15625,469912.375,138209.515625,265362.28125,36333.328125,946593.25,3,2,1,15
IND21547,10691,2008-06-11,BE36,210650.8125,28919.279296875,1,4093.55004882813,707178.125,30355.169921875,17597.19921875,15045.6103515625,4661.89013671875,699099.1875,1,3,1,16
IND76281,1111,2020-01-30,BE28,72484.296875,14037.83984375,3,1117.01000976563,353225.875,160468.515625,187666.5625,88529.65625,11943.6796875,81281.2265625,2,1,2,17
IND68811,24736,2009-11-27,BE23,264913.6875,52901.25,1,4641,208822.953125,1447898.5,630870.0625,395276.3125,31956.75,1421316.75,2,3,2,18
IND74692,20712,2020-04-26,BE40,345819.21875,24722.720703125,1,2177.56005859375,286200.71875,1312115.5,493667.21875,837675.375,53240.01171875,1279233.875,2,4,3,19
IND57450,24683,2019-05-20,BE01,168308.609375,12991.259765625,2,2541.17993164063,126578.890625,105527.8515625,28492.51953125,68561.4375,25353.580078125,785860.9375,1,1,3,20
IND80645,23525,2016-01-30,BE15,95699.3515625,29523.369140625,3,3145.63989257813,113185.1171875,68399.890625,31090.859375,50833.55078125,15264.66015625,938632.9375,0,2,3,21
IND91185,35391,2008-04-08,BE13,390347.0625,32717.640625,2,655.559997558594,798844.125,272225.3125,292023.53125,239459.296875,26341.150390625,759225.375,3,5,3,22
IND97947,26115,2006-05-19,BE44,142392.9375,45693.12109375,1,6610.9599609375,1055435,1200953.25,206533.359375,692422.25,8896.8095703125,2623231.5,1,2,3,1
IND88225,37327,2017-03-01,BE33,379053.53125,45646.51171875,1,3644.9599609375,1787687.75,97304.5625,59228.87109375,29191.369140625,19720.25,731342.3125,3,4,3,2
IND58373,39984,2019-06-04,BE48,47929.94921875,17458.890625,3,430.029998779297,431728.8125,27367.890625,27025.7890625,6393.81982421875,5921,385784.09375,0,1,3,3
IND57160,7159,2017-09-17,BE28,264217.625,31962.48046875,3,6889.080078125,531769.6875,914049.5625,582482.5625,276007.125,76682.8671875,227082.9375,3,4,4,4
IND87140,14848,2011-09-11,BE37,183031.5625,35955,1,7551.25,534932.3125,1058173.875,997359.3125,249583.09375,53740.421875,1468926,0,4,4,8
IND43888,22898,2018-03-27,BE47,58847.05078125,1731.01000976563,1,3625.71997070313,327630,640243.875,322360.53125,96529.0703125,15337.6796875,475510.78125,0,1,1,9
IND93701,21954,1996-10-19,BE08,305474.84375,55916.76171875,2,2999.94995117188,1345293,269723.6875,170684.53125,48044.53125,57586.109375,1431928,3,2,2,10
IND91174,39193,2011-08-15,BE31,307944.3125,14357.4599609375,2,4015.03002929688,1321538.625,806858.375,256232.046875,340952.1875,104038.921875,293342.9375,2,3,3,11
IND24235,39125,2011-05-27,BE28,210111.515625,37398,1,2337.169921875,0,81827.203125,65013.390625,28247.19921875,447.959991455078,1162832.375,3,5,4,12
IND49606,33471,2000-08-17,BE03,72711.109375,13876.4501953125,1,1623.57995605469,282070.5,221793.109375,89432.7109375,220004.453125,14378.8203125,581719.4375,3,1,1,13
IND35234,11082,2004-01-14,BE09,153294.078125,47332.48046875,1,3531.64990234375,1032232.1875,396539.875,178831.703125,144853.6875,7394.919921875,638836.625,1,2,1,14
IND62564,20106,1996-10-30,BE40,365561.25,37850.8515625,1,2684.8701171875,349750.21875,54859.23828125,25252.669921875,57497.7109375,35152.8984375,1162829.25,1,5,1,15
IND44323,2118,2014-07-07,BE12,278325.125,31407.419921875,3,309.100006103516,499815.5625,334392.3125,364337.90625,103761.4375,4084.60009765625,486852.46875,0,2,2,1
IND33515,4440,2012-07-27,BE44,64687.8984375,26213.119140625,2,4105.25,790835.8125,444066.53125,228377.078125,132289.546875,10837.33984375,1010949.4375,2,2,2,2
IND60299,8737,2019-03-15,BE29,49767.51171875,18779.099609375,1,1961.30004882813,168992.5,219769.859375,88217.4765625,60560.51953125,4503.669921875,279498.59375,3,1,3,3
IND78861,2715,2015-11-11,BE03,96837,22583.880859375,1,1942.19995117188,638341.625,636611.625,417617.21875,98089.1171875,31928.849609375,557118.875,3,1,3,4
IND92647,8305,2004-08-31,BE10,112505.671875,11242.7998046875,2,711.989990234375,223278.609375,1109608.75,287676.34375,635764.75,29880.740234375,86444.328125,3,1,3,5
IND56044,4567,2016-08-07,BE01,432010.28125,23347.3203125,1,2651.85009765625,863853.25,251496.875,246924.203125,182998.265625,43754.0390625,589717.25,3,4,3,6
IND36801,6503,2010-04-17,BE01,113684.5625,5710.39990234375,1,1165.52001953125,412964.8125,111178.8125,53365.828125,67359.5390625,20072.400390625,159087.3125,3,1,3,7
IND38949,25819,2019-06-12,BE06,69433.5703125,29961.25,1,5019.14990234375,1145286.5,985148.625,271765.125,415800.65625,36300.2890625,296777.1875,1,2,3,8
IND40740,30741,2016-10-08,BE03,129996.1875,7533.33984375,1,1028.05004882813,447947.21875,1013124.625,312220.8125,240473.734375,55125.96875,983046.3125,3,1,3,9
IND48919,19815,2012-09-06,BE21,100901.296875,21168,2,3312.76000976563,50876.78125,505043.4375,271089.5,81215.4375,5030.64013671875,871845.4375,2,2,4,10
IND43851,27518,2016-02-19,BE11,167943.875,14054.009765625,1,2149.580078125,665637.25,153113.140625,137579.921875,64928.8515625,33865.28125,287653.78125,2,2,4,11
IND82642,33556,2002-08-06,BE22,131150.234375,13680.75,1,3437.65991210938,298772.4375,647719.4375,155009.78125,438456.25,33521.1796875,584749.1875,0,1,1,12
IND86812,22873,2001-10-31,BE01,366034.25,17474.6796875,1,3038.10009765625,559075.8125,1532568,411176.78125,951687.375,85826.7890625,1019083.4375,2,3,2,13
IND13296,8236,2004-01-20,BE46,128380.3125,39652.859375,1,9587.91015625,2015151,570860.3125,123126.7421875,124992.2890625,117978.0625,2411017.5,2,4,3,14
IND39713,5174,2014-05-12,BE37,402930.84375,9845.76953125,1,2162.169921875,395885.875,1070724.125,313136.3125,508795.96875,36525.7109375,2100376,0,3,4,15
IND12660,22456,2009-12-26,BE43,480745.875,69602.453125,2,3950.53002929688,270004.90625,1112801.5,381237.5625,324567.125,49397.03125,2296981.5,1,4,1,16
IND41076,41191,2001-07-20,BE11,113169.4765625,26216.720703125,1,2889.40991210938,163914.4375,545505.6875,199432.1875,286478.46875,16409.779296875,417685.78125,0,1,1,17
IND64863,9072,1999-12-04,BE23,282986.875,4808.72998046875,1,2710.4599609375,672434.4375,1503762.625,404859.15625,989013.125,34105.44140625,2005275.875,0,3,1,18
IND76341,19617,2020-04-19,BE37,79064.703125,40560,3,1989.26000976563,440512.8125,478134.75,221991.125,125510.3671875,74812.921875,1740979.25,3,2,2,19
IND50293,25853,1995-01-08,BE01,217152.921875,40432.6015625,1,3213.60009765625,442208.53125,2150327.75,1075163.875,293878.125,60584.16015625,1148607.75,1,2,2,20
IND32223,31771,2020-06-26,BE26,205230.6875,9475.8701171875,1,2756.13989257813,214775.484375,129367.96875,69069.34375,27178.240234375,25903.439453125,1123659.875,2,2,3,21
IND63518,2484,2017-06-24,BE04,141076.9375,23841.48046875,1,7681.52001953125,286219.5,1419823.625,691708.9375,205328.328125,44834.44921875,288474.21875,2,2,3,22
IND98503,24653,2005-08-07,BE33,89051.640625,4331.31982421875,2,502.5,234064.859375,130298.1328125,163859.765625,41616.4296875,15004.1396484375,312536.71875,1,1,3,1
IND38742,22405,2013-10-12,BE07,36306.25,5281.5,2,2902.88989257813,509390.40625,367935.5,96305.2734375,108454.546875,7863.47998046875,428419.34375,0,1,3,2
IND98838,17986,2020-06-03,BE22,131060.15625,27387.80078125,1,1647.92004394531,1230159.75,1476110.5,651789.0625,380338.09375,6394.509765625,377511.96875,2,2,3,3
IND52011,40336,2020-03-29,BE09,347873.75,8150.8701171875,1,789.47998046875,583355.9375,474517.28125,391992.53125,103981.1796875,17619.7109375,1118741.125,3,4,3,4
IND27143,19193,1999-03-24,BE47,53882.640625,4068.80004882813,3,3158.73999023438,378781.625,1654622.875,596920.9375,279191.4375,16909.16015625,760984.25,0,1,3,8
IND67603,28928,2020-05-13,BE11,231058.453125,15558.48046875,2,1811.86999511719,852715.875,564498.4375,204180.296875,384459.5,37945.01953125,1037021.1875,2,2,4,9
IND65057,38833,2011-02-15,BE23,335256.25,59449.078125,1,8125.4501953125,1617781.75,1512888.625,564331.4375,604555.0625,51312.87109375,2094410.25,1,3,4,10
IND16812,40868,2019-10-08,BE43,151559.3125,17095.080078125,2,3992.63989257813,342906.4375,529821.625,384472.34375,44730.078125,45363.62109375,989413.375,0,1,1,11
IND39500,12695,2019-12-23,BE31,44123.98046875,8392.6298828125,1,651.400024414063,450969.09375,380147.71875,161149.5625,183999.765625,26413.509765625,487106.78125,3,1,2,12
IND69752,30600,2011-01-17,BE33,91594.71875,27913.599609375,1,4577.2001953125,1003171.8125,809741.0625,327010.8125,447070.5,64132.12109375,1723533.625,2,2,3,13
IND50261,11378,2021-01-06,BE26,196645.5,37964.5,2,3375.23999023438,1206253,648147.5625,265151.25,185213.0625,7167.60009765625,1549559.875,2,2,4,14
IND20655,27906,2017-03-13,BE07,361257.65625,51674.6796875,1,8534.3701171875,704827.5625,298804.875,113256.6875,72797.5390625,57647.55078125,1009649.6875,0,3,1,15
IND84018,1446,2000-04-19,BE27,21741.380859375,6296.72021484375,1,2407.2099609375,327242.875,136512.0625,106176.046875,22650.890625,3584.3701171875,482143.46875,2,1,1,1
IND52284,8748,2013-08-17,BE46,285493.0625,47536.44921875,1,741.330017089844,395561.71875,199546.75,171610.203125,191085.96875,14546.6796875,495808.9375,2,2,1,2
IND38633,37727,2008-11-11,BE20,264059.28125,33093.98046875,1,327.779998779297,315540.09375,1114277.625,283136.125,453748.46875,22427.8203125,1278613.875,3,2,2,3
IND94590,33958,2011-06-16,BE13,126030.65625,32997.5,1,233.029998779297,832160.625,296880.1875,134398.46875,80097.4765625,55982.76171875,1788186,0,2,2,4
IND29286,42424,2002-11-27,BE37,15919.48046875,4138.2900390625,1,1165.88000488281,345276.75,274261.1875,188155.9375,83681.546875,1983.92004394531,303565.96875,2,1,3,5
IND86944,22837,2001-03-11,BE14,204822.53125,31427.0390625,1,3446.8798828125,717965.25,154796.15625,125384.890625,33528.8515625,13876.3203125,1058494.125,0,2,3,6
IND82767,28929,2008-04-19,BE07,361269.3125,7619.39990234375,3,3861.97998046875,272547.84375,2720080,598417.5625,1348615.625,90197.328125,301316.9375,0,4,3,7
IND64440,14155,2018-05-29,BE30,253010.875,47710.19921875,1,1862.34997558594,484643.75,419094.96875,120295.78125,254367.375,37599.55078125,1506211.25,0,2,3,8
IND97211,34418,2000-05-31,BE05,290646.59375,44449.140625,2,5444.0498046875,1028198.9375,267004.59375,81951.8984375,224363.15625,8894.5400390625,162684.765625,1,2,3,9
IND60063,43096,2015-09-13,BE21,86331.9921875,9527.849609375,1,1690.2099609375,196482.65625,46348.640625,30457.6796875,32536.740234375,2377.88989257813,204841.484375,1,1,3,10
IND91861,33641,2009-01-22,BE31,70220.0703125,44668.12109375,3,3029.080078125,662458.1875,667288.875,172780.15625,499155.90625,42742.37890625,1113544.375,1,2,3,11
IND98755,31245,2005-08-04,BE10,92465.8828125,29491.80078125,1,26.5699996948242,66963.4765625,361818.9375,371340.5,129873.9609375,23968.9609375,379833.8125,1,1,4,12
IND93695,30425,2021-03-28,BE04,87221.546875,2728.19995117188,2,802.950012207031,438262.84375,394022.59375,141253.375,276559.25,8450.849609375,142895.84375,2,1,4,13
IND56540,10826,1995-05-11,BE15,191245.953125,16513.919921875,1,5238.0400390625,793387.375,1052777.75,614120.375,161425.9375,8925.0703125,810082.3125,0,2,1,14
IND79052,13821,1999-11-08,BE34,33307.9296875,19066.560546875,2,513.919982910156,178106.90625,49529.078125,29717.44921875,64558.8984375,7586.830078125,52604.640625,1,1,2,15
IND54277,17741,2001-09-07,BE09,161586.765625,7485.06005859375,1,5252.740234375,242336.75,173003.703125,57667.8984375,84444.5078125,16147.240234375,468875,3,2,3,16
IND60443,40454,2002-04-21,BE27,119834.0390625,25225.640625,1,3593.69995117188,591959.9375,743986.875,631261.625,109418.6796875,21892.380859375,449730.4375,1,2,4,17
IND66045,39663,2006-01-16,BE06,89484.8203125,52357.66015625,1,2669.5,1386918.125,1020703.0625,658210.375,283889,59460.55859375,2188771.25,3,4,1,18
IND80791,21598,2009-03-01,BE11,165293.453125,6190.3798828125,2,2340.3701171875,564777.5,421648.8125,318939.46875,241583.140625,8953.6396484375,496335.28125,0,1,1,19
IND67613,25973,1996-04-11,BE49,80619.0625,16862.25,1,1269.90002441406,228549.9375,390933.71875,113080.0078125,203705.546875,20682.529296875,348280.65625,0,1,1,20
IND74089,18650,2007-06-04,BE13,74979.1484375,53063.3984375,1,377.660003662109,737955.125,477508.09375,349802.4375,211602.703125,22143.109375,1252487.625,2,3,2,21
IND60913,20508,2021-11-16,BE28,146047.734375,18441.80078125,3,5151.740234375,911441.25,175550.171875,65831.3125,74023.6484375,37367.62109375,198312.8125,2,2,2,22
IND98087,40024,2021-11-22,BE40,105795.4765625,4258.64990234375,1,2754.1201171875,482446.34375,182978.34375,47677.44921875,100663.859375,18410.75,1015116.25,1,1,3,1
IND31887,11917,2009-11-21,BE19,173201.421875,11750.2001953125,3,832.690002441406,77485.3203125,910625.5,282607.90625,504298.125,20404.48046875,636534.9375,2,3,3,2
IND67190,34738,2020-11-18,BE23,64025.91015625,11174.240234375,3,1681.68005371094,248474.40625,269465.46875,293648.28125,50265.671875,11272.0595703125,398887.625,0,2,3,3
IND95893,17953,2019-07-30,BE04,236680.125,26152.720703125,1,739.02001953125,648040.9375,60731.76171875,61695.76171875,42338.71875,25412.029296875,1269826,2,4,3,4
IND59612,8143,1999-05-08,BE17,169087.171875,46738.19921875,3,1438.0400390625,1324814.875,922185.4375,298549.25,328404.15625,50216.03125,749636,0,2,3,8
IND57231,20195,1999-10-11,BE04,311847.875,10870.8603515625,1,4108.3701171875,1132511,324404.46875,251504.59375,99435.4375,64098.16015625,1324815.125,2,3,3,9
IND20899,22619,2005-07-08,BE35,47981.48046875,11337.4599609375,1,2650.169921875,270267.21875,1084086.75,703705.375,140931.265625,15656.9296875,586768.0625,2,2,3,10
IND79950,27002,2020-05-21,BE30,140614.484375,18945.080078125,1,4566.35986328125,629518.3125,329466.0625,287226.8125,145978.796875,23365.740234375,674003.5,0,3,4,11
IND69031,30391,2015-02-13,BE18,225930.703125,25768.05078125,1,4142.60986328125,552212.1875,474054.3125,368148.5625,134802.890625,17859.19921875,596107.5,1,2,4,12
IND78617,32959,2003-08-08,BE06,348711.6875,10768.48046875,2,4303.0400390625,1852223,1453804.25,628672.125,378382.03125,92880.6328125,2806941.75,0,3,1,13
IND92044,16867,2014-03-28,BE41,291586.71875,12144.919921875,2,5140.43017578125,1121859.875,635576.5625,399082.96875,404551.875,3016.85009765625,694409.3125,1,5,2,14
IND94650,857,2021-09-15,BE48,116238.09375,53102.3984375,1,1413.90002441406,752085.3125,90992.640625,81155.6015625,50586.98828125,34716.73828125,781662.3125,2,3,3,15
IND62018,33023,2006-04-15,BE24,131067.0078125,15853.8603515625,3,968.700012207031,127564.75,218455.09375,136997.265625,214604.359375,14572.3896484375,170368.78125,0,1,4,1
IND97714,3091,2006-03-18,BE41,86055.546875,34408.44140625,1,349.5,537839.5625,279314.40625,215374.984375,150224.046875,33769.6796875,173255.265625,2,2,1,2
IND62445,9744,2002-11-21,BE13,97432.2578125,6109.81005859375,1,480.910003662109,213847.078125,203074.453125,112086.546875,18395.380859375,28841,819449.3125,3,1,1,3
IND34780,19654,2020-06-19,BE17,162007.5,11857.0400390625,1,1583.59997558594,350347.6875,88823.5078125,132397.3125,24284.009765625,6166.27001953125,184135.53125,2,2,1,4
IND97314,38563,2020-09-01,BE41,96994.7734375,12016.6904296875,1,5789.97998046875,1005650.375,670727.875,284949.75,188724.40625,10233.1396484375,1324655,2,1,2,5
IND96807,28369,2009-10-14,BE17,161205.734375,29036,2,4269.22998046875,780104.625,278287.03125,172459.578125,269977.625,31515.759765625,676672.9375,1,2,2,6
IND34442,35908,2007-12-22,BE26,51237.921875,15311.9404296875,1,2470.23999023438,464882.53125,265391.6875,118350.34375,165798.0625,28183.650390625,530779.25,1,1,3,7
IND57917,36341,2019-04-15,BE17,266528.75,24360.189453125,3,7274.740234375,1237588.25,0,0,0,70622.796875,430784.6875,1,4,3,8
IND57474,17398,2019-02-07,BE07,294510.40625,50943.19921875,2,386.519989013672,227473.125,572521.5,435438.875,330127.1875,41136.98828125,288926.03125,2,3,3,9
IND62022,16020,1999-08-09,BE06,42998.48046875,9205.2001953125,1,755.890014648438,194924.859375,981961.6875,453847.84375,341623.65625,42706.71875,107099.046875,1,1,3,10
IND98847,7743,2006-10-13,BE20,58825.359375,33834.05859375,3,5528.43017578125,351066.78125,684283.25,542262.1875,128077.171875,55100.62109375,823596.5,0,2,3,11
IND93864,23729,2016-03-03,BE05,151760.171875,54693.7890625,1,2938.65991210938,304776.8125,489210.03125,495563.40625,167729.15625,23124.7890625,340573.59375,3,3,3,12
IND71100,10434,2010-08-06,BE03,142413,21747,1,800.72998046875,571830.625,183586.5625,130287.2265625,165820.125,18910.310546875,86948.796875,1,2,3,13
IND28425,8674,1999-08-19,BE46,185141.25,37344.75,2,7615.31005859375,890869.6875,470005.09375,94001.0234375,177661.921875,50530.30859375,1908982.5,1,3,4,14
IND24753,38601,2020-03-14,BE06,140464.0625,19960.599609375,1,1579.63000488281,384162.75,268653.25,236089.203125,102576.6875,22157.119140625,721889.875,0,1,4,15
IND75584,2279,2021-12-29,BE10,167973.75,3960.75,2,216.75,487484,322764,128156.2890625,360356.5,43862.0390625,572829.4375,0,3,1,16
IND82408,2372,2014-11-24,BE24,148323.71875,30757.470703125,1,1375.81005859375,17385.349609375,65615.3125,68138.9765625,63848.75,6409.93994140625,367943.1875,3,1,2,17
IND59517,723,1996-12-14,BE06,56445,38555,1,836.969970703125,521608.9375,163906.234375,168657.140625,61999.30859375,19965.150390625,735328.5,1,2,3,18
IND20659,39594,2008-06-04,BE49,205039.921875,13897.9599609375,1,51.7700004577637,325697.125,256902.296875,243200.84375,56621.26953125,36539.5703125,963984.375,3,2,4,19
IND17087,35352,2018-03-13,BE12,90748.3671875,51605.87890625,2,5863.85009765625,956318.8125,1324552.5,496707.1875,411757.53125,32807.21875,758524.6875,2,3,1,20
IND54827,22684,2020-10-08,BE28,439739.96875,19769.880859375,2,10072.419921875,1639318,291883.21875,138764.15625,86416.5703125,105831.1015625,2184161.25,2,5,1,21
IND73702,25734,2011-05-16,BE02,183800.0625,16059.7998046875,1,7693.4501953125,897683.9375,997276.0625,609023.5625,156823.5625,15991.2998046875,1702092.75,0,2,1,22
IND30737,21155,2019-03-16,BE13,330725.40625,32644.919921875,2,1609.83996582031,198857.890625,1374639.75,911889.75,291940.8125,19618.259765625,1464693,1,3,2,1
IND25733,18467,2012-12-15,BE35,140928.734375,23891.33984375,1,4521.990234375,818215.6875,73199.453125,53622.8515625,19210.599609375,38498.69140625,1156314,1,2,2,2
IND21564,40569,2008-05-28,BE36,155712.078125,27671.76953125,1,3621.60009765625,938493.75,557439.625,127657.9296875,169785.046875,55223.94140625,849689.4375,3,2,3,3
IND42415,37863,2006-07-27,BE09,111451.96875,27992.25,1,3143.09008789063,1151039.75,1146054.375,358142,268606.5,37472.44921875,1427909.125,1,1,3,4
IND14959,15105,1995-05-05,BE20,38204.3203125,31586.80078125,1,1636.19995117188,186596.296875,168330.375,138330.90625,14733.0703125,31159.7109375,180635.265625,0,1,3,8
IND74028,43193,1995-07-15,BE12,124157.09375,19103.0390625,1,1497.9599609375,149171,283228.40625,251315.34375,152025.84375,3922.81005859375,95380.71875,2,2,3,9
IND70570,877,2018-07-21,BE33,69702.796875,14574.5595703125,1,381.890014648438,182134.765625,686320.3125,393624.90625,111022.40625,26204.58984375,885319.25,2,1,3,10
IND35225,20953,1999-12-19,BE44,68808.9609375,19788.599609375,1,436.799987792969,633474.25,289579.71875,318537.6875,65651.859375,17851.259765625,644133,3,2,3,11
IND76179,7564,2005-02-13,BE39,198144.546875,21909.759765625,1,680.929992675781,661792.3125,334496.4375,264601.65625,246379.09375,12214.7998046875,619387.4375,2,2,3,12
IND55647,34610,2003-12-02,BE44,365061.53125,66156.8125,2,7934.18994140625,1427743.125,1030675.8125,675569,165774.234375,10951.6201171875,1021801.3125,2,3,4,13
IND89010,969,2001-03-17,BE02,292505.40625,30841.169921875,3,4211.93017578125,1226789.625,300043.59375,128018.6015625,315565.84375,46355.2109375,1636680.625,2,4,4,14
IND24422,21746,2015-04-22,BE40,190359.1875,43977.921875,1,2400.7099609375,419167.40625,1641147,554753.9375,360590.03125,9895.4697265625,326361.21875,0,2,1,15
IND84352,12820,2020-08-01,BE15,87282,14192.400390625,1,1574.97998046875,54129.55859375,37028.98046875,16336.3095703125,22362.599609375,25871.080078125,277114.8125,1,1,2,1
IND38237,6783,2019-02-26,BE02,218710.796875,31230.16015625,3,435.519989013672,82605.21875,169348.0625,116600.3125,115934.0234375,20304.609375,113440.546875,2,2,3,2
IND54321,1365,2003-09-20,BE08,72773.4765625,15015.83984375,1,2434.48999023438,668113.8125,570888.3125,141615.703125,258802.71875,11239.099609375,459593.78125,3,1,4,3
IND61299,20443,2014-03-10,BE24,386244.5625,8012.93994140625,1,3159.72998046875,373659.25,1962821.25,1169340.375,204912.984375,82324.4296875,2425811.25,0,3,1,4
IND22254,27920,2008-02-12,BE38,96691.3515625,33530.28125,1,1738.5400390625,210320.0625,117721.1875,42326.71875,52167.6796875,29458.060546875,955110.9375,1,1,1,5
IND13347,25488,2021-07-19,BE08,280286.625,42697.75,1,4942.669921875,153326.8125,611071.6875,503235.53125,197699.671875,21493.6796875,1007843.8125,0,4,1,6
IND84771,24291,2014-02-02,BE29,291861.25,56320.23046875,1,2730.31005859375,479875.3125,2129776.75,1425441,281734.21875,81122.1796875,1724351.25,0,2,2,7
IND37011,28970,2001-10-28,BE21,156567.359375,42980.3984375,1,5084.18017578125,157441.8125,1279046.5,264265.8125,562886.1875,12178.650390625,641863.125,3,2,2,8
IND90697,41486,1999-12-30,BE44,118836.1875,21423.2890625,2,4759.52001953125,1158652.625,774143.8125,213019.4375,358652,28162.150390625,1554596.125,2,2,3,9
IND18049,8309,2010-04-26,BE03,396733.625,25861.140625,1,2649.36010742188,376264.90625,995012.6875,398005.09375,168867.875,73637.1015625,822363.6875,0,3,3,10
IND74615,16121,2021-04-19,BE16,236387.578125,46675.8515625,2,1924.16003417969,687541.75,243023.265625,246263.5625,80100.46875,10340.849609375,852689.1875,1,2,3,11
IND77494,26597,2020-06-19,BE36,98927.5390625,18538.30078125,1,3663.8798828125,778915.6875,533403.625,89497.25,284601.25,52403.51171875,1371205.625,0,1,3,12
IND48525,9990,2010-05-10,BE20,150510.546875,12903.66015625,1,2587.64990234375,418952.71875,950337.25,488553.65625,146365.3125,11534.759765625,380254.5,1,2,3,13
IND16052,12637,2018-10-15,BE06,32073.349609375,2678.23999023438,1,2347.97998046875,50736.26953125,147943.125,132010.796875,50664.828125,6434.83984375,245287.546875,2,1,3,14
IND50738,24240,2019-01-02,BE25,206263.625,33478.55859375,2,1184.31994628906,698207.75,119493.390625,58734.0390625,119351.6171875,5048.3798828125,751678.75,2,2,3,15
IND85690,36515,2004-12-31,BE11,488443.96875,38137.6796875,1,5352.43994140625,414468.125,82899.34375,88519.6328125,58746.12890625,15426.2001953125,834342.4375,2,5,4,16
IND61194,18365,2019-08-18,BE14,99158.6875,44809.921875,1,2874.56005859375,645353.75,617206.1875,344673.59375,420341.46875,15186.6796875,1038669.5,3,2,4,17
IND63043,14079,2014-05-04,BE42,73938.1484375,3637.19995117188,1,329.399993896484,104627.4765625,70248.6015625,34655.98046875,54878.2109375,17682.75,424743.75,1,1,1,18
IND26448,37797,2001-05-12,BE44,307710,38676.359375,1,2307.6298828125,46240.23828125,281809.65625,388702.96875,60248.9609375,30773.060546875,474892.6875,1,2,2,19
IND92735,39774,1999-07-17,BE15,92114.9609375,18873.19921875,1,3427.57006835938,217895.796875,294751.53125,210899.796875,51403.6484375,19585.439453125,322892.03125,2,1,3,20
IND84491,17747,2006-12-20,BE04,237712.3125,32484,1,3509.72998046875,984353.5625,78922.8984375,21797.75,59770.94921875,26771.849609375,1038710.625,0,2,4,21
IND56629,42666,2009-08-07,BE05,102321.96875,8179.91015625,1,677.780029296875,349666.15625,61904.5703125,58884.828125,14615.51953125,24266.919921875,545803.25,2,1,1,22
IND52032,12780,2014-03-07,BE10,124291.7734375,14326.2001953125,1,987.5,734431.5,776428,278717.75,323312.5625,2728.11010742188,0,1,2,1,1
IND18823,30171,2000-05-12,BE23,31270.5,10476.599609375,2,126.360000610352,115777.671875,132877.015625,67741.21875,106041.0703125,17613.7109375,261669.546875,3,1,1,2
IND57208,7770,2001-08-20,BE06,312880.96875,9439.2001953125,1,4874.85009765625,110720.15625,481590.34375,298586,161043.8125,39706.05078125,256486.796875,3,2,2,3
IND32855,26316,2008-08-07,BE14,106006.7890625,7414.89013671875,3,3379.98999023438,584428.625,223047.828125,166340.75,141843.296875,23344.990234375,1056698,3,5,2,4
IND24817,38038,2019-04-30,BE12,130654.71875,12511.599609375,1,2509.6201171875,253335.1875,522543.96875,378724.53125,60404.16015625,30702.6796875,343858.375,2,1,3,8
IND68120,36616,2007-02-24,BE15,91471.6328125,18730.140625,2,296.529998779297,367291.21875,620185.125,304652.34375,234582.296875,33630.5390625,927506.5625,1,1,3,9
IND28222,12842,2021-09-19,BE27,153744.578125,63394.5703125,2,1911.28002929688,1224014.125,1249137.25,380531.875,281428.125,35492.19921875,1010845.375,1,3,3,10
IND47326,35465,2010-03-21,BE01,165751.6875,17657.880859375,2,609.799987792969,216546.5625,490931.6875,309811.25,133457.15625,24091.7890625,639406.5625,2,1,3,11
IND45822,35082,2021-11-24,BE06,77596.1484375,8059.52001953125,2,1557.93994140625,423372.78125,233951.09375,175463.328125,103246.3203125,19501.48046875,93263.796875,2,1,3,12
IND96083,26223,2020-06-08,BE17,287617.0625,10560.2001953125,3,1942.07995605469,681068.625,2609170,1304585,397898.40625,10474.240234375,1832951.625,1,2,3,13
IND43081,25902,2014-09-24,BE39,118852.359375,22744.80078125,2,616.099975585938,466450.78125,255292.90625,169205.765625,97011.3125,1990.10998535156,232157.890625,1,1,3,14
IND78182,18106,2019-07-04,BE15,83994.65625,3466.23999023438,1,600.320007324219,534980.5,550849.9375,275424.96875,294704.71875,27373.439453125,101714.5625,0,1,4,15
IND98632,32535,2015-12-25,BE05,440914.625,51646.9609375,1,2971.60009765625,1905896.125,976955.6875,424204.4375,270976.65625,48937.01171875,1327138.875,2,5,4,1
IND48103,35102,2006-02-11,BE13,319195.375,54387.26171875,1,5086.2998046875,916496.125,895195.25,548078.75,292308.65625,40301.01171875,234573.15625,3,4,1,2
IND52448,6391,2000-10-09,BE21,206362.5625,23662.80078125,1,5844.14990234375,232222.140625,1868783.875,733670.6875,546515.4375,13053.150390625,504543.34375,2,2,2,3
IND38403,22735,2008-10-31,BE23,46575.66015625,20479.73046875,3,1442.78002929688,584254.1875,241112.03125,313828.375,49600.19140625,28376.16015625,182781.53125,0,2,3,4
IND99962,17726,2019-05-02,BE07,140412.84375,26154.240234375,2,1234.80004882813,138065.34375,217030.90625,121537.3125,209796.546875,29360.099609375,905987.875,3,2,4,5
IND70182,6396,2020-11-14,BE37,72997.5703125,24904.099609375,1,1489.86999511719,1026727.4375,1188540.625,444633.875,410431.28125,51616.9609375,1166700.375,3,2,1,6
IND17319,19163,2015-04-26,BE36,52989.01171875,23002.359375,1,1714.84997558594,146524.140625,51426.5390625,75366.4765625,7181.97998046875,9821.150390625,204751.765625,0,1,1,7
IND72327,41817,1999-08-22,BE15,142608.78125,22836.5703125,1,3390.080078125,593776.875,565070.625,226028.234375,532673.25,5855.08984375,303677.53125,0,2,1,8
IND59532,15974,2005-06-20,BE41,68511.3203125,23184.849609375,1,1042.40002441406,143116.015625,123081.34375,176789.5625,42295.21875,9790.0302734375,154055.125,2,2,2,9
IND29309,29495,2014-03-18,BE28,17226.849609375,2985.080078125,1,537.530029296875,25730.919921875,106528.1328125,95314.640625,28706.529296875,19890.630859375,170637.71875,2,1,2,10
IND36108,37296,2010-01-02,BE45,332248.4375,42622.078125,2,150.610000610352,1242538.625,450061.71875,164538.703125,223579.046875,64203.23046875,502368.75,3,3,3,11
IND86953,39566,2009-11-02,BE19,192608.671875,8102.16015625,2,2494.68994140625,1396353.875,1571607,331510.84375,1021790.125,45602.30078125,1622147,1,2,3,12
IND86901,7237,2002-07-07,BE37,124124.8515625,20225.69921875,3,5842.39990234375,812507,1280100,935029.5625,203034.984375,26555.509765625,1014170.75,2,2,3,13
IND17683,26279,2008-01-03,BE26,172741.125,37794.12109375,1,916.590026855469,1199169.625,649525.875,322583.3125,61203.6484375,59022.7109375,780669.875,2,2,3,14
IND56317,15951,2021-10-18,BE01,311756.875,49391.16015625,2,10496.8603515625,762246.25,1701548.25,397441.90625,743216.375,47325.08984375,2127257.75,2,3,3,15
IND92195,33941,2007-03-06,BE21,470606.0625,15300.51953125,1,10768.4501953125,1555674.625,286537.875,139657.109375,120345.8984375,18566.7109375,878227.75,1,5,3,16
IND70343,27085,2019-06-16,BE25,319611.21875,14446.7998046875,2,3662.44995117188,439795.3125,2285482,907214.1875,837428.5,10146,1105890.625,0,2,3,17
IND91720,12021,2002-02-08,BE22,513292.875,71291.71875,2,5605.080078125,1370587.75,3784994.75,1676896.375,848030.4375,73386.453125,1001806.5625,0,5,4,18
IND45348,20449,2010-10-04,BE13,86750.796875,31623.41015625,1,2081.13989257813,291883.9375,490797.25,341694.3125,218063.09375,13164.0595703125,883036.6875,3,2,4,19
IND38267,16010,2016-12-13,BE18,287119.34375,37321.16015625,2,268.529998779297,283452.09375,810074.5625,337531.0625,451327.25,51720.8515625,911107.0625,1,3,3,20
IND77225,18291,2020-10-28,BE08,446342.21875,64689.6796875,2,1042.23999023438,0,118553.7109375,60298.87109375,44416.76171875,67808.6796875,1170488.125,3,4,1,21
IND32917,20160,2021-06-17,BE01,97294.9609375,28538.80078125,1,5056.72021484375,589695,205426.234375,78194.5078125,36406.828125,58283.1015625,759402.0625,2,1,2,22
IND95721,18234,2008-04-04,BE18,118451.96875,27369.650390625,1,3729.34008789063,853145.9375,1241571.375,524039.875,344253.875,26874.5390625,480920.0625,0,1,3,1
IND24755,10255,2000-08-01,BE30,147794.796875,33716.1484375,1,7973.2998046875,1040360.5,636897.3125,143178.46875,210324.234375,50805.55078125,341307.21875,3,2,4,2
IND76617,40225,2012-01-17,BE40,266452.25,10398.0498046875,1,5160.22998046875,372970.53125,976566.9375,954117.125,176792.296875,23156.69921875,229465.375,0,4,1,3
IND92582,37931,2020-02-09,BE03,143055.4375,53761.3984375,1,1566.86999511719,95186.8125,175782.1875,97656.7734375,215821.453125,27629.359375,334058.28125,3,3,1,4
IND27430,28633,2016-10-19,BE10,156565.484375,40898.83984375,1,4042.2099609375,953116.75,1239213.375,654678.8125,318922.09375,31537.69921875,1599594.875,1,2,1,8
IND94282,15620,1999-12-05,BE24,26064.25,22015.6796875,1,1262.46997070313,76828.1796875,103800.53125,130190.5,55348.55078125,19168.880859375,460038.21875,1,1,2,9
IND33571,12028,2000-08-17,BE24,169831.125,25753.560546875,1,4653.97998046875,1235321.875,651093.0625,233107.390625,388083.625,50302.1796875,1143694.625,3,4,2,10
IND96795,39563,2021-08-12,BE44,72989.921875,41186.30078125,1,1113.09997558594,487312.15625,343016.5,157708.734375,290972.625,39729.76171875,752220.125,2,2,3,11
IND61615,23240,2020-02-17,BE43,155541.453125,16460.640625,2,6944.52001953125,747703,1591120.125,554798.5,452631.8125,117922.6875,2700944,1,3,3,12
IND48032,766,2012-02-24,BE13,118429.359375,4185.60009765625,1,3527.330078125,656915.4375,1515691.25,595823.4375,359584.6875,13001.98046875,992731.9375,0,2,3,13
IND25277,30427,2020-03-02,BE17,247866.5625,7409.52978515625,1,951.789978027344,707005.3125,52990.5390625,39198.48046875,20368.689453125,20930.060546875,205378.953125,2,2,3,14
IND59951,30332,2014-03-23,BE15,291468.65625,50088.75,2,4622.33984375,103028.7421875,292403.25,332734.71875,155982,18057.369140625,757812.875,0,5,3,15
IND29371,10623,2008-01-22,BE45,377880.9375,52417.80078125,1,3810.23999023438,1169060.875,1079135.75,731414.25,299280.3125,29323.619140625,653784.1875,1,4,3,1
IND70227,40280,2007-02-07,BE03,179913.71875,14324.7998046875,1,7750.89013671875,1265003.5,2034622.25,648064.875,859062.75,4603.10009765625,479919.1875,1,2,3,2
IND29257,4480,2016-10-17,BE20,149042.796875,22769.80078125,3,1300.43005371094,894827.375,584732.4375,318604.21875,35983.53125,48948.2890625,1021339.25,3,1,4,3
IND33086,14709,2005-06-05,BE22,308261.53125,34867.078125,1,931.75,986121.5625,2404549.75,1550040.375,292917.875,26441.83984375,2399439.25,1,5,4,4
IND89151,1764,2009-08-03,BE27,160662.65625,4765.83984375,1,4074.52001953125,378938.125,116891.7578125,34379.9296875,93055.0078125,8772.580078125,724109.125,0,1,3,5
IND62657,28027,2005-06-28,BE07,213619.515625,47184.71875,1,4063.3798828125,125768.671875,451924.4375,434762.75,127682.9609375,5367.8798828125,923858.6875,3,2,1,6
IND83245,38454,2020-03-21,BE04,197052.234375,5283.64013671875,1,3784.67993164063,63873.51953125,500037.875,401346.1875,284824.1875,8464.169921875,1179446.625,0,2,2,7
IND61510,18723,2005-01-20,BE28,161349.59375,6127.2001953125,2,4120.27001953125,1104315.25,450709.21875,228821.59375,108447.5703125,7563.5,597295.9375,1,2,3,8
IND66755,29714,2019-08-14,BE49,63066.51953125,18082.609375,1,2313.6201171875,40136.7890625,242133.59375,155919.359375,26689.73046875,20899.0703125,929792,2,1,4,9
IND50523,8523,2020-12-30,BE31,153235.96875,15982.0400390625,3,911.469970703125,64502.66015625,251604.015625,161477.203125,177662.484375,13749.9296875,362134.625,1,1,1,10
IND29653,1511,2021-12-10,BE02,275945.125,38864.51953125,1,7331.89013671875,1775987.75,687073.5625,402582.15625,85884.203125,95299.78125,1095597.125,2,4,1,11
IND76864,36426,2019-08-23,BE30,26413.880859375,20882.400390625,1,509.220001220703,208123.359375,87378.65625,60900.28125,75066.2109375,3468.67993164063,474023.40625,1,1,1,12
IND41553,6602,2008-07-15,BE36,109285.859375,18460.16015625,1,2046.67004394531,90408.359375,103372.7265625,44489.53125,64771.51953125,7779.919921875,112471.4765625,3,1,2,13
IND85414,42083,2019-12-01,BE07,132512.234375,24019.19921875,2,4038.01000976563,50329.1015625,250162.34375,136010.59375,120757.9765625,28962.779296875,592356.6875,3,1,2,14
IND68994,19010,2018-06-19,BE33,189418.65625,28571.939453125,2,6554.97021484375,1145058.125,44438.0703125,23277.080078125,29329.119140625,1586.01000976563,217985.1875,3,3,3,15
IND73388,30571,2020-10-01,BE37,111793.2421875,35024.98828125,3,11023.349609375,1323213.5,1747703.75,862043.0625,325214.59375,1123.65002441406,1627368.125,3,3,3,16
IND80015,25194,2000-07-23,BE06,272202.65625,21930.349609375,1,6349.68994140625,1424975.5,700948.8125,280379.53125,302809.875,17116.130859375,1493457.875,0,2,3,17
IND82699,37436,2015-10-08,BE33,47336.0390625,2133.32006835938,1,2726.64990234375,571500.5625,189166.65625,66673.4921875,97219.25,600.869995117188,671976.375,0,1,3,18
IND23356,20509,2008-04-19,BE17,193785.75,53218.80078125,1,7231.68017578125,1028620.9375,2061726.75,887687.9375,320999.40625,64412.5,2119333.25,1,4,3,19
IND43700,30871,2010-04-09,BE42,279342.46875,15078,1,2065.34008789063,797384.375,643768.6875,232056.15625,397714.28125,52283.69921875,1831584.5,0,3,3,20
IND78571,20747,2020-12-24,BE17,59266.75,28855.9296875,2,2498.64990234375,73019.7109375,478878.84375,136045.125,436704.84375,14706.3798828125,381182.1875,1,1,3,21
IND30598,28892,2018-09-22,BE40,214462.703125,7743.89013671875,1,3426.28002929688,599030.75,2737514.25,641899.875,809926.625,120545.609375,2580552.25,3,4,4,22
IND21000,35901,2010-08-23,BE12,211605.609375,32733.83984375,1,1262.0400390625,885758.375,1904110.5,616824.5625,412736.09375,64345.6484375,439166.46875,2,2,4,1
IND23889,26254,2002-09-19,BE15,57692.87890625,7166.7998046875,2,5038.2099609375,88994.6875,148572.296875,47416.69140625,34192.69921875,13902.0400390625,369628.6875,3,1,1,2
IND65604,7503,2005-02-20,BE16,439038.71875,42208.6796875,1,2877.21997070313,360182.34375,2504280.5,840597.6875,874221.5625,16890.990234375,3015372.25,0,4,2,3
IND46205,30642,2005-07-26,BE25,31129.689453125,17601.5,2,1088.9599609375,263810.875,403236.875,100809.21875,169233.46875,24209.919921875,531731.8125,1,1,3,4
IND65923,25324,2013-01-09,BE17,168187.296875,29719.970703125,1,4517.22021484375,537475.125,442236.125,208601.953125,200257.875,6680,1085889.875,0,2,4,8
IND73017,41435,2000-06-07,BE07,84208.359375,2560.0400390625,3,139.940002441406,114719.71875,237591.71875,139456.015625,121171.78125,21063.23046875,816059.375,2,1,1,9
IND88027,22451,2021-12-26,BE42,143047.6875,13216.7998046875,1,6935.47998046875,1039003.25,763100.625,182891.890625,514935.25,35158,1862168.25,1,2,1,10
IND16110,32016,2019-02-28,BE18,194118.09375,31343.759765625,2,4488.6201171875,318746.625,314626.90625,417783.28125,51939.23046875,41068.859375,1099559.625,1,4,1,11
IND66556,23500,1995-04-27,BE35,329840.71875,29400.900390625,1,1430.89001464844,941944.1875,67947.4921875,60699.76171875,28701.01953125,35891.2109375,628167.375,1,2,2,12
IND99578,7487,2010-07-06,BE21,83578.3515625,21306.599609375,2,126.709999084473,218389.734375,880868.875,476321.6875,220217.21875,41136.44140625,803744.8125,1,1,2,13
IND32278,36550,2001-02-15,BE30,130355.7890625,29274.48046875,1,1902.19995117188,510286.84375,198561.703125,275199.5625,49013.390625,25442.75,98273.1484375,1,2,3,14
IND45962,3581,2001-03-27,BE15,466146.25,13227.759765625,2,2195.13989257813,1254040.25,1229634.125,641548.25,549058.375,49726.328125,1392312.125,3,4,3,15
IND61230,34699,2007-06-15,BE37,60950.94140625,16345.2802734375,1,363.279998779297,16502.970703125,81534.828125,112302.6875,38213.6796875,673.440002441406,351921.84375,0,1,3,1
IND59637,33578,2008-08-06,BE47,58421.23828125,13035.4697265625,1,4644.02001953125,716853.625,826697.125,273395.875,339792.03125,6867.1201171875,992277,1,1,3,2
IND79357,6908,2021-09-13,BE18,85435.25,15147.26953125,2,1034.53002929688,384841.71875,273568.25,135456.125,140555.65625,10620.919921875,572742.75,3,1,3,3
IND57365,822,2020-07-24,BE35,202228.5625,41052.9296875,1,2810.05004882813,882260,588292.8125,132251.875,284934.375,75761.75,474887.03125,0,2,3,4
IND28236,25283,2019-06-25,BE41,235490.96875,9982.7001953125,2,2493.56005859375,1091099.25,993806.125,321230.25,430047,54177.55078125,1044226.75,0,2,3,5
IND89378,39007,1995-09-03,BE30,83735.5,16084.0400390625,1,2396.92993164063,242274.9375,317381.34375,170383.671875,189894.265625,23667.349609375,384228.21875,3,1,4,6
IND44815,26547,2013-06-17,BE21,110666.8203125,13797.1201171875,2,5699.9501953125,1153133.75,673238,341497.53125,114157.75,25769.349609375,1100027.75,0,2,4,7
IND18812,18447,1996-12-02,BE29,146174.046875,18695.16015625,1,2513.28002929688,825633.4375,1026061.1875,233881.59375,286316.34375,3200.84008789063,1373757.625,0,2,1,8
IND67567,13838,1995-06-29,BE09,141296.84375,2725.419921875,2,2574.23999023438,323789.59375,756163.875,294435.5,363494,4232.009765625,854450.5,2,1,2,9
IND47332,3256,2003-04-14,BE08,226048.484375,38636.87890625,1,5675.419921875,105151.40625,200417.34375,90297.921875,103952.7265625,26955.529296875,564340.875,0,3,3,10
IND52432,7936,2008-04-14,BE32,139134.53125,27288.720703125,1,863.830017089844,327201.125,151010.296875,110058.3515625,122548.6875,15494.7900390625,121501.5078125,2,1,4,11
IND23568,29015,2015-10-14,BE49,56371.96875,36697.6796875,3,7396.2998046875,157910.046875,90353.828125,39529.80078125,24274.51953125,60742.890625,1652235.375,0,2,1,12
IND79795,42033,2012-11-21,BE24,56772.53125,54472.62109375,2,6723.52001953125,557278.0625,923024.75,612210.3125,356023.84375,47030.51171875,1765167.375,2,2,1,13
IND40475,10040,2002-01-18,BE11,53260.96875,19390.880859375,3,3152.40991210938,1006551.5,670053.6875,469037.59375,203845.234375,23979.380859375,368123.5,1,2,1,14
IND92840,27917,2002-07-08,BE46,268022.9375,46272.94140625,1,4157.6201171875,1500235.125,880756.75,271566.65625,550252.8125,52885.73046875,1846404.25,3,3,2,15
IND39612,32401,2013-06-03,BE47,246045.46875,41317.3203125,1,5773.740234375,651837.1875,1231355.5,284158.96875,560845.625,71088.7265625,655826.375,2,2,2,16
IND78997,26211,2004-07-16,BE12,271368.125,50481.359375,1,5289.240234375,179431.203125,426703.09375,118528.6328125,295926.5,12817.9599609375,450531.34375,1,2,3,17
IND97635,41974,2000-09-06,BE39,224007.734375,36622.71875,2,58.8699989318848,1025677.0625,868454.3125,441119.625,305199.65625,23358.990234375,159143.046875,0,2,3,18
IND41288,32927,2012-03-27,BE44,95926.859375,14361.599609375,3,637.849975585938,205841.59375,39648.51953125,41039.69921875,21104.140625,6500.740234375,141223.40625,3,1,3,19
IND31252,29370,2003-12-30,BE31,304544.09375,9285.4296875,1,2206.8798828125,84358.2421875,888080.4375,814073.6875,160488.8125,47036.58984375,1553704.125,1,3,3,20
IND90265,10157,2007-01-22,BE14,85465.2421875,12609.6298828125,2,2171.6201171875,744818.5,430063.8125,104047.6875,284050.1875,503.730010986328,111927.25,0,1,3,21
IND39682,2940,2021-10-23,BE24,225936.171875,34026.48046875,1,7663.5,1147412.25,2048428.625,906937.875,479426.125,31388.75,1697063.875,3,2,3,22
IND47091,32126,2014-03-11,BE11,213129.5625,23237.640625,2,1001.33001708984,1763047.5,410132.125,135747.953125,122461.9921875,72143.84375,2325135.75,3,2,3,1
IND15145,5990,2009-10-03,BE04,446286.71875,24178.69921875,2,8339.73046875,577470.8125,472148.8125,179494.578125,109569.7421875,7421.41015625,2376046,3,4,4,2
IND69088,38377,2013-12-14,BE25,122753.3515625,39977.76171875,2,1693.53002929688,564651.4375,220857.25,143363.484375,241664.3125,25089.509765625,1049682.625,3,3,4,3
IND71209,11510,2019-07-07,BE38,375292.90625,48496.640625,1,844.190002441406,1538278.375,127071.046875,62510.76171875,39965.890625,15011.01953125,351132.5,3,3,1,4
IND70392,41156,2010-01-26,BE08,245875.796875,16343.4599609375,3,7988.06982421875,552747.1875,1024647.75,264644.125,413930.53125,53016.8984375,1874013.5,1,2,2,8
IND50738,15630,2010-12-27,BE32,225213.90625,2812.86010742188,1,647.719970703125,320077.5625,1932621.5,960155.9375,224774.96875,9889.58984375,898451.8125,0,2,3,9
IND17499,40218,2020-06-04,BE07,130640.71875,38007.6015625,2,1044.23999023438,408680.875,1457664.25,655948.875,301736.5,31484.98046875,1893897.5,2,3,4,10
IND82261,11293,1996-04-25,BE38,200269.34375,44615.80078125,3,1247.38000488281,918056.5625,1244327,610851.4375,572390.4375,32793.96875,899930.6875,1,2,1,11
IND52971,36737,2004-08-29,BE07,404829.65625,17675.7890625,2,820.719970703125,1503605.75,983146.6875,520921,180854.96875,4757.6298828125,1772685.125,3,4,1,12
IND77657,11575,2021-09-23,BE33,229771.5625,26010.240234375,1,186.119995117188,563212.1875,221234.796875,247433.65625,46284.6484375,17800.51953125,1151468.125,3,2,1,13
IND34637,28419,1996-05-09,BE01,42229.05078125,19083.48046875,1,2321.19995117188,664377.375,656009.5,252311.34375,212782.5625,37168.37109375,1063158,1,1,2,14
IND21388,42674,1995-02-05,BE08,393255.375,56124.80078125,2,3440.63989257813,1294827.25,1201703.875,789691.0625,202229.59375,27451.19921875,1287612.5,3,3,2,15
IND23466,8843,2004-04-22,BE42,236187.296875,6094.2900390625,1,4670,1734458.25,1963838.875,1504998,194915.59375,92083.5703125,866430.5625,1,5,3,1
IND37319,37454,2015-07-14,BE29,237907.078125,28876.880859375,2,5751.580078125,828427.0625,439854.5625,136843.640625,249837.390625,43723.12109375,334599.375,3,2,3,2
IND39352,4923,2009-03-14,BE04,38470.87890625,15389.2001953125,2,2669.86010742188,419352.53125,403463.4375,296800.6875,121873.78125,19875.3203125,847994.5625,3,1,3,3
IND28190,4962,2012-10-14,BE16,43597.41015625,29534.349609375,1,21.7800006866455,424193.8125,58017.8515625,37746.55078125,20257.3203125,30456.169921875,482113.21875,3,1,3,4
IND49543,23730,2012-05-18,BE30,177102.53125,17906.400390625,1,4341.490234375,553965.375,437447.46875,322562.28125,97829.15625,47831.73046875,1130893.375,3,2,3,5
IND16415,38166,2008-01-03,BE32,28060.859375,11784.740234375,1,3681.830078125,647893.4375,1127561.375,301741.78125,260927.234375,37286.16015625,626382.3125,1,1,3,6
IND39399,7625,2014-02-12,BE41,231817.65625,7878.06005859375,1,4842.5,192352,653232,210485.859375,376189.03125,35834.23828125,1171013.125,0,2,3,7
IND63000,36549,1996-09-12,BE15,244571.625,57111.83984375,3,2057.6201171875,186515.140625,37712.0390625,38340.578125,22796.9296875,24388.130859375,1051078.875,3,2,4,8
IND37028,37574,2008-02-23,BE40,105340.140625,34372.98046875,3,1030.96997070313,408047.5,402365.3125,174798.046875,110056.8125,38364.46875,0,3,2,4,9
IND62435,28622,2019-10-01,BE26,51778.4296875,13915.9404296875,1,2038.94995117188,185550.0625,592813.1875,267251.84375,203354.359375,20789.2890625,521134.65625,0,1,1,10
IND72682,37875,2020-02-09,BE11,289247.03125,38391.76171875,1,643.789978027344,483531.1875,1717828.125,815027.9375,447638.40625,37831.73046875,2680075.25,3,4,2,11
IND83165,38522,2000-04-03,BE36,206121.625,18799.94921875,1,382.839996337891,1121049.875,161232.625,120101.8515625,49307.5703125,16268.98046875,475262.53125,1,2,3,12
IND75623,24552,2013-10-28,BE45,248190.90625,44616.109375,1,1749.06005859375,538901.625,258202.484375,192478.21875,288060.09375,36974.94140625,224000.15625,0,3,4,13
IND21058,13104,2017-06-05,BE27,75930.859375,7457.4501953125,1,1113.26000976563,533779.375,682905.625,248329.328125,251640.375,31097.779296875,639038.625,3,2,1,14
IND82903,42172,2015-02-24,BE01,82385.296875,19427.849609375,2,3851.88989257813,338425.84375,81662.3203125,36956.671875,25142.4609375,17953.099609375,1470588,3,2,1,15
IND66272,33139,2008-06-08,BE22,264398.5,71109,1,5154.91015625,415834.28125,668835.4375,238869.796875,343972.5,62244,625548.6875,1,4,1,16
IND19399,29023,2004-06-19,BE17,124233.4921875,2735.19995117188,2,4484.009765625,831359.5,434681.40625,164030.734375,135325.34375,5033.56005859375,1394336.5,0,2,2,17
IND95041,2202,2004-05-07,BE14,190245.765625,38707.30078125,1,11657.8603515625,188707.59375,3144472.5,1143444.625,1277139.625,30685.30078125,310266.09375,2,4,2,18
IND79442,34823,2019-03-25,BE04,41898.828125,9184.58984375,3,1719.06005859375,190217.3125,450175.65625,206155.203125,231735.28125,12393.6904296875,466500.375,3,1,3,19
IND55241,12715,2021-02-20,BE18,42676.33984375,3260.15991210938,1,521.859985351563,644015.5625,817932.125,252102.359375,268068.84375,17900.30078125,421820.875,1,1,3,20
IND51146,11694,2016-03-01,BE27,181852.03125,10044.4501953125,1,582.039978027344,729138.5,54596.76171875,46197.26171875,11453.3203125,45027.3515625,455877.34375,0,2,3,21
IND25698,40601,2017-01-12,BE25,57954.12109375,9910.1201171875,1,281.829986572266,475534.5,111160.2265625,71341.640625,57687.1796875,14141.259765625,584262.625,0,2,3,22
IND56730,14592,2005-04-10,BE37,97526.953125,6751.490234375,1,820.059997558594,87661.96875,75793.0078125,37294.96875,73050.0234375,16486.83984375,105818.03125,3,1,3,1
IND50377,16199,2018-10-16,BE05,107610.46875,32395.9609375,1,5561.33984375,950685.5625,1247148.875,618740.5625,285394.09375,38977.48046875,473459.625,1,2,3,2
IND44237,10233,2014-02-25,BE47,181216.6875,32758.76953125,1,2046.05004882813,408661.71875,49923.51171875,60064.21875,13814.76953125,3515.1298828125,515038.5625,1,2,3,3
IND45334,28859,2004-12-26,BE18,73722.03125,38639.16015625,2,5603.85009765625,438980.21875,653857.3125,575394.4375,231203.953125,18867.240234375,1124536.125,1,3,4,4
IND22951,22301,2021-12-07,BE36,78586.65625,4560.35986328125,2,1313.28002929688,443646.5625,353151.125,502791.40625,56504.1796875,17326.669921875,627480.625,0,2,4,8
IND98187,43105,2000-01-24,BE47,128154.7890625,34072.71875,2,3214.15991210938,94876.0703125,231597.84375,94529.7265625,175825.296875,76987.3125,2043910.375,1,4,1,9
IND83250,7118,2016-08-02,BE06,129373,10056.0703125,1,2708.830078125,401266.09375,199877.046875,139913.9375,91210.5625,10723.509765625,777196.3125,0,1,2,10
IND15003,33091,2004-08-30,BE15,140671.71875,37579.8515625,1,4003.68994140625,528083.5625,1201315,770843.75,119731.0625,13151.2900390625,2249744,2,3,3,11
IND50596,35789,2016-01-27,BE27,84463.8671875,36839.3203125,1,2029.77001953125,112548.4921875,1680282.25,481759.25,575408.5625,108933.3671875,275076.71875,1,3,4,12
IND52253,21668,2007-11-20,BE49,183254.625,14631.75,1,4470.22021484375,932547.3125,854088.25,287215.53125,393636.4375,41148.83984375,423560.15625,0,2,1,13
IND44460,25190,2000-08-06,BE25,235953.25,23897.5,1,5806.169921875,256317.890625,665597.4375,237410.546875,143633.375,69174.1171875,180935.203125,0,2,1,14
IND70843,41696,2007-07-10,BE01,169368.875,4334.8798828125,1,3453.75,423807.8125,1795181.875,329495.40625,806695.6875,63848.55859375,788356.125,1,2,1,15
IND86529,5834,2008-08-22,BE13,66584.1796875,16666.880859375,2,2124.81005859375,603091.9375,616036.5625,233094.9375,366958,16542.01953125,788833.8125,0,1,2,1
IND55587,4684,2004-01-20,BE08,445066.84375,52998.30078125,1,66.1500015258789,490046.25,980086.5625,490043.28125,443739.1875,56590,967822.125,2,4,2,2
IND72739,17196,2015-02-24,BE06,29911.83984375,25819.19921875,1,1514.03002929688,807750.6875,579579,294785.875,208948.21875,23836.140625,294399.65625,0,1,3,3
IND67930,36506,2015-06-30,BE48,36068.28125,10710.6298828125,1,2142.75,259023.0625,609456.5,266317.125,240914.578125,18912.6796875,753173.8125,0,1,3,4
IND46268,33019,2000-02-09,BE21,282056.25,60103.6796875,1,5508.9501953125,535541.75,426296.96875,409245.09375,125729.1796875,30319.970703125,1393137.125,2,3,3,5
IND82874,29236,2016-06-20,BE29,265750.40625,21705.390625,2,6040.14013671875,1213688.5,2316791.5,756175,946505.8125,61845.640625,999816.0625,2,2,3,6
IND30869,26393,2019-03-24,BE10,386179.90625,4791.35986328125,1,4530.240234375,1067006.625,1143536.625,728847.5,343060.96875,3162.6201171875,287103.03125,1,5,3,7
IND95431,31416,1995-06-15,BE48,114169.5078125,13531.0498046875,1,3168.59008789063,765830.1875,370769.9375,101119.078125,287852.3125,20300.279296875,756124.9375,2,1,3,8
IND17593,34999,2009-01-27,BE32,89965.1171875,22277.330078125,2,1630.0400390625,193100.234375,70903.5625,75157.78125,35990.6484375,655.27001953125,214682.875,2,1,3,9
IND29284,30633,2016-04-08,BE06,349237.3125,35806.5,1,3053.64990234375,173309.234375,472841.8125,530155.9375,119213.453125,5073.35009765625,1087718.375,0,2,4,10
IND20167,11032,2004-06-05,BE45,177489.75,8929.98046875,2,5043.490234375,82412.359375,532664.375,102728.1328125,155538,46285.890625,181546.1875,3,2,4,11
IND51633,35112,2008-06-20,BE14,161893.875,11651.7998046875,3,1635.30004882813,416507,585083.6875,321796,218528.75,18296.9609375,968457.75,2,2,1,12
IND48741,31801,2017-01-23,BE43,215155.921875,59178.2109375,2,6834.41015625,379165.09375,1052128.75,591342.4375,143074.15625,68512.3984375,2633258.5,3,4,2,13
IND83525,27406,1995-05-01,BE12,122723.8984375,27447.2109375,2,1913.39001464844,506454.0625,955300.5,749255.3125,207918.34375,45751.53125,107148.53125,2,2,3,14
IND48432,26654,2014-08-02,BE48,224736.015625,35713.6015625,3,1799.65002441406,110172.96875,135602.609375,194052.015625,32193.9296875,16581.359375,134010.828125,3,2,4,15
IND27926,24640,2014-04-18,BE14,82937.8125,4432.75,1,1710.94995117188,348839.25,255155.375,127577.6875,131136.4375,13812.8095703125,413503.46875,3,1,1,16
IND45923,8253,2010-05-06,BE03,37825.25,22544.01953125,1,1316.90002441406,236918.703125,137624.609375,129834.5390625,102569.2890625,1169.34997558594,227546.546875,0,1,1,17
IND73297,13565,2016-07-21,BE08,125063.1484375,38381.8515625,1,4223.5400390625,605651.1875,749893.6875,370200.65625,590612.4375,46329.51171875,470485.65625,1,2,1,18
IND69570,28884,2006-01-27,BE32,228507.5625,43267.5,1,743.929992675781,1130151.125,54706.1484375,24046.66015625,35709.2890625,37990,956104,3,3,2,19
IND15006,16563,2012-08-02,BE29,116881.2265625,36505.6015625,1,3190.40991210938,49665.6796875,674919.6875,433434.6875,96594.0078125,41898.48828125,280715.8125,0,2,2,20
IND42515,4118,2019-09-05,BE34,252488.703125,36457.921875,2,823.330017089844,1243842.375,2463156.75,1257782.125,371744.5,55846.1484375,2374884.75,3,2,3,21
IND56981,35171,2008-11-13,BE33,147650.734375,40101.6015625,1,383.279998779297,400438.3125,299267.21875,342019.6875,169299.734375,6203.740234375,508368.90625,2,2,3,22
IND45092,34042,2020-02-01,BE37,181392.65625,5754.72021484375,1,4720.5498046875,755595.9375,559642.375,343717.34375,75617.8203125,67624.5703125,1445142.5,0,2,3,1
IND68220,18846,1996-05-07,BE21,250712.734375,60082.87890625,1,1058.19995117188,1010468.8125,543892.25,269770.5625,162036.375,73387.6015625,1772003.25,1,4,3,2
IND52850,41580,2011-01-21,BE38,181827.296875,28636.439453125,1,3794.830078125,378214.9375,323203.71875,199875.984375,191583.265625,16675.619140625,834695.5,0,2,3,3
IND62637,17539,1995-03-14,BE19,231896.328125,12944.1298828125,1,3439.22998046875,911235.8125,685540.125,434401.65625,227246.375,32744.08984375,99086.609375,0,2,3,4
IND27463,30366,2005-07-24,BE40,44804.421875,30503.099609375,1,3573.42993164063,175722.875,1109558.5,644523,106223.90625,4295.4599609375,363460.28125,3,2,3,8
IND57502,36956,2002-05-25,BE43,321792.625,46636.87109375,2,8542.490234375,458062.875,999829.1875,513996.6875,169196.453125,74231.7578125,374455.375,2,3,4,9
IND35319,20213,2015-03-29,BE29,49795.25,15680.7900390625,2,1587.06994628906,141677.984375,923978.375,248047.875,256729.5625,2497.8798828125,174604.234375,1,1,4,10
IND23783,36969,2005-12-14,BE02,156857.609375,15232.73046875,1,3804.38989257813,392481.125,178854.703125,132352.484375,27436.310546875,27595.4609375,892296.9375,3,1,1,11
IND90414,30196,2019-12-07,BE46,434841.3125,39224.96875,2,2507.3798828125,521915.75,482275.03125,179307.375,513622.90625,56324.44921875,395613.1875,1,3,2,12
IND51353,4061,2021-10-08,BE03,36290.4296875,10530,1,3513.90991210938,89607.6875,102705.9765625,58355.671875,48435.2109375,35706.98828125,376636.375,3,2,3,13
IND52252,13110,2009-09-29,BE43,253050.078125,27065.7890625,1,6450.85009765625,361591.4375,1802267.625,507304.96875,695274.8125,80993.1171875,1008435.75,2,4,4,14
IND86849,39527,2021-01-03,BE13,22531.390625,7323.1201171875,1,4883.830078125,199986.546875,721992.5,328631.09375,192996.0625,33111.5,1130631.125,3,1,1,15
IND18751,2880,2019-03-17,BE33,190329.703125,29430,1,1538.08996582031,342065.1875,79099.25,60757.3984375,29633.560546875,28912.26953125,557344.5,2,2,1,1
IND23045,25666,2020-06-18,BE18,111789.4296875,33801.01171875,1,1709.81994628906,212773.21875,188774.5625,116017.703125,47567.26171875,10101.2197265625,595227.875,0,1,1,2
IND14385,10055,2011-05-09,BE34,68236.5,28242,2,2553.17993164063,72967.859375,445903.5625,153942.90625,192216.296875,2836.67993164063,1019098.5,2,2,2,3
IND65960,4357,2020-05-23,BE10,394145.8125,28230.630859375,1,5575.830078125,95877.0625,559640.5625,510260.5,300230.6875,46232.94921875,374599.34375,1,4,2,4
IND69484,35383,2021-12-17,BE01,74122.7109375,32441.5,1,6651.02978515625,1023666.375,984045.5625,419429.25,383293.8125,48815.7890625,1713704.375,0,2,3,5
IND15970,27910,2019-09-29,BE47,331797.03125,59932.5390625,2,796.359985351563,686479.0625,203555.765625,207626.875,103732.0234375,29121.75,945383.8125,1,4,3,6
IND59374,18496,2019-05-18,BE35,99667.96875,8733.240234375,3,477.070007324219,301347.875,816992.125,227283.515625,348296.625,42471.078125,915213.4375,3,1,3,7
IND56474,31098,2021-06-27,BE41,103163.671875,15104.1298828125,1,2659.89990234375,1308883.875,725322.0625,250812.296875,375811.71875,44401.359375,1086237.25,1,5,3,8
IND93181,26662,2020-06-12,BE01,56674.69921875,29610.419921875,1,4244.490234375,747480.8125,572524.5,314093.28125,100191.78125,45342.4609375,531331.3125,1,1,3,9
IND68480,23883,2020-03-27,BE07,20823.150390625,14576.849609375,1,2539.88989257813,52295.19140625,99660.1875,46551.80078125,18633.830078125,20113.69921875,198077.015625,2,1,3,10
IND77629,1872,2014-07-21,BE22,348170.46875,56475.8984375,1,5914.35009765625,1774668.625,285198.46875,125487.328125,108831.7421875,59796.75,2448656,2,3,3,11
IND20946,4446,2001-07-13,BE21,378281.4375,58828.51953125,1,11375.9501953125,1562862,2027877.875,876566.5625,246092.796875,94926.8671875,710602.0625,1,3,4,12
IND76461,69,2021-05-08,BE15,202472.984375,24333.140625,1,412.299987792969,483824.5,457214.4375,391898.09375,274328.65625,29594.4609375,974104.75,3,2,4,13
IND73140,457,2000-01-15,BE16,31880.310546875,15558.5,2,1893.19995117188,106533.3984375,65048.48046875,43094.62109375,38980.30078125,10360.400390625,231869.796875,0,1,1,14
IND47099,2277,2020-03-08,BE11,113604.46875,62016.6015625,2,1134.31005859375,1736704.5,1874804.375,568906.1875,579249.9375,16739.9296875,702103.3125,3,3,2,15
IND96585,6843,2021-03-30,BE09,92423.3671875,13855.5,1,4596.02001953125,574061.375,1308502.5,600077.5625,287037.125,23301.779296875,523167.5,3,1,3,16
IND94165,36258,2009-10-25,BE44,312212.96875,72542.921875,2,505.190002441406,1409597.75,1658877.625,1068216.625,226210.59375,63056.51171875,1972699.25,0,4,4,17
IND95121,32813,1999-11-06,BE23,50219.55859375,31359.119140625,1,1701.7099609375,106207.9609375,107267.609375,101521.1328125,108934.09375,23889.5703125,410415.53125,3,2,1,18
IND40107,13729,2008-04-05,BE37,308349.8125,51800.37890625,2,3156.39990234375,288820.53125,624747.125,552937.125,120569.0234375,19588.349609375,101492.796875,2,2,1,19
IND50027,4728,2005-07-08,BE04,39753.5390625,23677.80078125,3,290.260009765625,161169.953125,141670.90625,119301.8125,55027.9609375,14756.099609375,450450.46875,1,1,1,20
IND21031,90,2015-05-26,BE09,126956.1328125,17432.8203125,3,707.469970703125,133026.34375,65263.55078125,41867.1796875,46324.80078125,1979.5,226266.875,1,1,2,21
IND12811,19475,2006-11-29,BE28,202723.953125,27261.150390625,2,1405.60998535156,510642.71875,222820.015625,304520.6875,33423,15783.98046875,423152.4375,2,2,2,22
IND77134,39779,2002-11-02,BE20,325675.375,38257.1015625,2,8324.580078125,2044065.5,1713018.75,927348.5,382273.65625,103068.9609375,2354614,3,4,3,1
IND65796,22689,2009-11-26,BE20,144361.234375,11675.4296875,1,4375.31005859375,568871.5625,748509.9375,209582.78125,373656.15625,1861.28002929688,1032174.5,3,1,3,2
IND52319,15677,2021-10-19,BE01,127999.7578125,17654,1,1920,631693.8125,1013382,560738.0625,96473.96875,41443.19921875,1344723.625,0,1,3,3
IND54844,35368,2020-12-08,BE28,48752.33984375,3059.10009765625,2,374.589996337891,35853.890625,195007.859375,185866.859375,102196.296875,13103.0400390625,259100.9375,2,1,3,4
IND89924,31839,2020-06-14,BE05,41508.44140625,6276,2,1241.97998046875,355617.84375,886831.75,487463.84375,116815.1328125,27834.58984375,903306.9375,0,1,3,8
IND69892,24878,2004-01-20,BE32,60175.23828125,17120.25,2,378.450012207031,277923.625,117928.078125,54208.87109375,40485.46875,38974.0703125,788714.6875,1,1,3,9
IND21947,41481,2018-08-01,BE12,274655.125,31008,1,178.429992675781,549718.5,265852.34375,107513.8125,51020.19140625,8100.81005859375,2060880.875,3,2,3,10
IND47171,1801,2018-02-10,BE43,320186.65625,43513.0390625,2,3126.71997070313,540884,350343.25,213845.875,192916.296875,33196.640625,175297.828125,3,3,4,11
IND81366,11840,2003-11-02,BE08,129850.890625,9748.5302734375,1,1225.01000976563,630519.3125,1040645.125,533439.9375,371746.4375,20198.330078125,1007029.1875,0,1,4,12
IND37255,24107,2021-12-24,BE36,341878.1875,31381.919921875,2,8791.2900390625,1393979.875,1675743.25,1122019.375,237955.546875,45753.2109375,1025028.0625,3,5,1,13
IND54288,20085,2020-08-29,BE07,291815,21378.810546875,1,2704.2099609375,46810.4296875,136662.3125,189409.171875,43300.37890625,21668.44921875,656784.8125,1,2,2,14
IND81264,17844,2019-02-06,BE23,45380.859375,6995.77001953125,1,929.950012207031,113121.34375,504109.25,216046.8125,287822.375,15711.8896484375,95000.4296875,3,1,3,15
IND44868,32251,2021-07-19,BE47,182832.953125,20587.83984375,1,1077.85998535156,110000.2578125,855843.875,387316.21875,185162.140625,608.390014648438,1634060.375,1,2,4,1
IND58718,28322,1999-11-23,BE39,142307.109375,14116.98046875,3,3532.580078125,722607.5,169559.46875,69906.1015625,70947.25,37690.359375,273266.09375,0,1,1,2
IND13491,38792,2010-02-13,BE35,66498.890625,10865.8798828125,1,4972.43017578125,1484824.125,2101187,437159.71875,486516.46875,40551.0390625,1722917.375,0,2,1,3
IND67285,8617,2007-05-12,BE25,112668.9609375,51096.4609375,1,8106.10986328125,901801.5,2377830,1256853,428349.125,60066.1015625,820184.9375,1,3,1,4
IND80508,16826,2016-05-03,BE49,190381.921875,36638.4609375,1,2749.98999023438,329956.15625,1589657,365873.40625,976377.375,23240.23046875,1065150.875,3,2,2,5
IND80012,41273,2020-05-20,BE27,255812.796875,4390.39990234375,1,6332.2900390625,514660.1875,425839.1875,209184.171875,177507.703125,53165.94921875,534141.625,1,2,2,6
IND24103,24007,1995-06-01,BE09,238171.359375,45622.69921875,1,2980.02001953125,201655.5,188913.4375,134938.171875,121444.3515625,5926.35986328125,661552.8125,2,2,3,7
IND96193,34985,2009-08-29,BE26,37275.33984375,10682.4296875,1,242.199996948242,68771.2421875,231512.59375,260911.015625,130014.53125,9377.330078125,154414.8125,2,1,3,8
IND95777,2534,2011-11-21,BE06,79121.703125,69313.5,2,10155.91015625,0,720791.3125,213794.03125,484396.1875,16555.51953125,2421699.75,2,4,3,9
IND99904,30668,2015-05-05,BE27,130468.4609375,23267.8203125,1,123.410003662109,39228.58984375,199009.078125,111372.046875,89006.3515625,31024.259765625,926495.0625,2,1,3,10
IND51561,10258,2019-05-14,BE41,141218.6875,8747.3095703125,1,2090.5,206256.078125,360033.1875,134412.40625,286874.46875,11659.9296875,650341.25,0,1,3,11
IND36643,6907,2010-04-06,BE04,90613.7421875,8845.900390625,1,8057.68017578125,1638755.125,1394833,543026.625,365212,77278.34375,272120.65625,0,2,3,12
IND52909,1987,2001-08-25,BE21,355219.5,68599.796875,2,10479.75,1716149.5,1715747.375,544017.4375,723264.25,83960.1875,2642294,0,4,3,13
IND40382,37276,2020-09-25,BE06,272405.875,35236.80078125,1,6903.14013671875,1577746.25,2112808.75,730845.8125,442493.90625,70445.2734375,1879077,1,2,4,14
IND29277,29750,2021-02-05,BE39,78098.59375,26604.849609375,1,2732.38989257813,89938.109375,548878,310235.375,183277.515625,2893.39990234375,863972.625,3,1,4,15
IND28276,14811,2014-10-12,BE29,117073.7890625,6334.02001953125,1,1473.5400390625,168139.0625,177175.28125,136288.6875,128792.796875,17924.9609375,176031.265625,3,2,3,16
IND63171,6833,2000-04-29,BE49,80037.921875,10018.3203125,2,3484.2099609375,0,209303.421875,38870.640625,102887.578125,30046.740234375,898556.1875,1,1,1,17
IND75976,34649,1996-04-03,BE21,129586.90625,3422.39990234375,1,3438.30004882813,0,188879.375,90273.2265625,51039.1015625,10569.48046875,155743.0625,2,2,2,18
IND95034,12739,2007-08-06,BE42,80380.1875,54620.640625,1,2089.86010742188,1454398.375,364665.34375,210769.875,149780.4375,35430.76953125,1414547.25,1,3,3,19
IND34886,21258,2002-11-17,BE42,224850.890625,63336.5,2,6048.77978515625,1151893.375,884874.6875,941597.375,133071.546875,13026.7802734375,1822095.25,1,5,4,20
IND65740,1987,2015-12-22,BE25,235712.1875,55798.8203125,1,940.630004882813,785428.3125,402601.34375,241560.796875,251223.234375,32737.939453125,1180041.625,1,3,1,21
IND22943,16542,2017-09-13,BE43,52279.48828125,22587.83984375,1,657.070007324219,394385.125,202809.734375,165627.953125,101709.09375,16321.6103515625,329634.375,1,1,1,22
IND62166,2353,2017-04-08,BE46,256807.65625,32283.69921875,1,481.579986572266,772072.0625,1348164.875,413147.3125,626896.6875,58361.71875,2219570.25,2,2,1,1
IND31625,40524,2001-02-01,BE40,230457.296875,5469.9599609375,1,1370.38000488281,671647.125,1119286.5,202769.296875,401483.21875,10071.26953125,1975800,3,3,2,2
IND53168,34073,2021-04-24,BE17,96755.9296875,28798,1,654.929992675781,775939.75,266295.0625,118881.71875,303148.375,35883.23046875,692126.75,2,4,2,3
IND62132,8435,2016-09-15,BE09,248529.34375,21217.30078125,1,7681.080078125,553605.9375,95583.9296875,35215.12890625,34086.80859375,48739.6484375,596317.375,1,2,3,4
IND49496,33294,2007-07-01,BE38,18691.140625,20922.83984375,1,4093.77001953125,110858.5625,463704.6875,206423.375,76047.5703125,11768.2197265625,170488.109375,2,1,3,8
IND39167,25431,2020-03-21,BE43,114270.390625,8836.7998046875,1,1749.52001953125,347361.9375,224120.453125,82103.53125,102052.46875,16559.560546875,45556.3515625,2,1,3,9
IND56356,30487,2006-08-09,BE19,392435.5625,65592.2421875,1,4168.2001953125,1739906,1492675.375,664621.875,373931.53125,83552.6796875,1938114.125,3,3,3,10
IND84445,3149,2019-08-09,BE38,151080,13218.5,1,4291.47021484375,816970.3125,1347664.875,591657.75,564485.3125,32393.900390625,916837.0625,2,2,3,11
IND83697,21376,2019-09-08,BE27,122483.75,8072,1,690.590026855469,84067.6484375,224401.8125,125023.8671875,217060.671875,17024,494940.09375,3,1,3,12
IND92276,25238,2004-01-21,BE15,321374.90625,34968.8984375,1,3046.40991210938,386988.3125,410883.3125,367304.78125,303742.375,7836.580078125,574104.4375,1,3,3,13
IND63929,19642,2017-03-20,BE32,51004.69140625,9524.75,2,2530.84008789063,238781.5,619283,124747.6484375,301532.875,511.170013427734,0,0,1,4,14
IND20154,37431,2021-10-30,BE13,476122.125,15591.400390625,1,9973.26953125,1983384.25,745858.4375,401133.96875,126357.203125,11033.6796875,276114.4375,3,5,4,15
IND73329,10871,2012-02-23,BE22,27917.08984375,3643.1201171875,1,434.619995117188,455450.21875,87804.1015625,39760.3515625,43935.19140625,13067.849609375,377382.65625,0,1,3,1
IND55336,7419,2004-07-09,BE02,409782.34375,59260.01953125,2,654.559997558594,918905.3125,994183.25,422898.84375,277555.1875,29895.560546875,452268.59375,0,4,1,2
IND50934,15083,2017-01-06,BE19,105811.203125,60161.6015625,1,3015.1201171875,1077036.75,672373.875,243900.34375,344690.5,19340.01953125,618072.6875,2,3,2,3
IND15178,19143,2021-10-19,BE06,113585.6875,9166.849609375,2,2641.90991210938,251175.953125,127040.6015625,57874.05078125,43306.73046875,25822.759765625,326192.59375,0,1,3,4
IND67097,42369,2017-05-16,BE39,40206.609375,7429.8701171875,2,3871.31005859375,115456.390625,295042.59375,191107.140625,139843.484375,3365.080078125,253766.375,2,2,4,5
IND71917,37246,2007-09-10,BE28,210939.875,53516.96875,2,1750.81005859375,806505.5625,188426.921875,92022.453125,128349.3984375,11835.830078125,378424.4375,1,3,1,6
IND29396,40562,2013-04-05,BE28,52928.94921875,10125.0498046875,1,6562.990234375,744464.625,709304.8125,307012.53125,142284.4375,65392.0703125,389438.90625,1,2,1,7
IND17042,42375,1996-04-20,BE28,133671.375,20608.560546875,3,7017.52978515625,289554.53125,852991.3125,423288.90625,115570.703125,46077.55859375,1825563.875,3,2,1,8
IND96714,31470,2012-12-07,BE23,96822.5703125,40904.640625,1,8615.5498046875,625975.5,1360829.75,468857.3125,829877.4375,56068.55859375,690465.6875,1,3,2,9
IND74213,34502,2012-02-21,BE33,161596.703125,55051.26953125,3,3190.169921875,140288.8125,284761.28125,154498.140625,152892.5625,4558.33984375,599263.8125,3,2,2,10
IND33290,35844,2010-03-21,BE28,61489.890625,16091.7900390625,1,9.89999961853027,156150.515625,10157.0400390625,7448.5,6446.33984375,2534.80004882813,156018.65625,1,1,3,11
IND82331,19479,2009-11-13,BE32,57992.44140625,36221.640625,1,3441.19995117188,239980.5625,721233,641096,176301.390625,38318.8984375,278197.90625,3,2,3,12
IND41616,5295,2019-05-27,BE17,57084.921875,14015.400390625,1,1009.45001220703,601682.3125,74432.03125,28945.7890625,55824.01953125,19961.5390625,647294.5625,3,2,3,13
IND13977,18122,2011-08-19,BE07,77407.75,35767.46875,3,1688.35998535156,1005492.8125,615712.75,381155.53125,54827.76171875,25887.4296875,733526.1875,3,2,3,14
IND37918,33576,2000-11-30,BE27,62999.26953125,6722.56005859375,3,1472.27001953125,508656.125,118423.6015625,99725.1328125,17950.51953125,22549.19921875,244181.015625,0,1,3,15
IND93832,17864,1995-08-02,BE21,426380.21875,36426.75,1,5173.85009765625,245461.5625,52572.3203125,50381.80078125,27162.359375,43105.609375,135989.453125,1,4,3,16
IND40270,2865,2008-07-21,BE39,220825.609375,8343.7900390625,1,6108.18017578125,1751103.625,786746.125,248800.046875,313488.0625,78834.6484375,2319718.25,3,4,3,17
IND27859,14708,2005-06-10,BE48,149251.46875,6881.3701171875,1,9479.4501953125,419338.09375,2001516.875,1065742.75,147384.421875,85131.2578125,1307145.75,0,2,4,18
IND76060,37,2015-11-28,BE43,375589.5,20373.080078125,2,5709.35986328125,1662748.75,1145916.75,494317.03125,660587.3125,26923.369140625,2220047.5,3,4,4,19
IND24265,453,2019-06-13,BE30,222087.59375,24721.740234375,2,5802.06982421875,150173.046875,678567.875,379795.4375,75959.09375,25681.490234375,1634412.625,1,2,1,20
IND48804,29699,2007-09-16,BE11,261370.5625,38045.28125,2,6539.81982421875,93927.9375,283273.75,56291.578125,101488.2734375,38087.08984375,218325.5625,2,2,2,21
IND99895,21253,2017-03-04,BE13,76595.9609375,25636.3203125,1,1940.25,288700.03125,250220.1875,293226.78125,122177.828125,13420.259765625,480319.75,2,1,3,22
IND26169,33691,2016-03-02,BE24,332196.90625,15011,1,8508.5,1418337.375,673120.4375,200641.671875,272419.625,58162.78125,1016434.6875,0,4,4,1
IND46964,10680,2003-09-10,BE41,71177,7326.7998046875,1,1704.89001464844,70025.09375,97662.15625,66821.4765625,48728.28125,12845.1904296875,343348.375,1,1,1,2
IND33681,23254,2021-08-15,BE10,329847.84375,10693.4404296875,1,3311.669921875,256430.28125,313186.09375,295030.375,108026.5,19640.990234375,220764.015625,1,2,1,3
IND95665,22092,2007-10-01,BE10,85181.0390625,28180.80078125,2,3689.94995117188,57099.328125,0,0,0,1915.96997070313,777429.3125,0,1,1,4
IND34612,10773,2011-01-25,BE30,122089.6484375,9183.6796875,1,3729.93994140625,551115.8125,158143.359375,47128.8203125,39745.30078125,57568.26953125,1058450.375,3,2,2,8
IND56244,21379,1996-02-20,BE03,68556.1328125,39398.3203125,1,1885.43994140625,318418.375,26319.359375,12943.9501953125,26276.220703125,15409.8896484375,161082.09375,0,2,2,9
IND98780,2686,2013-06-26,BE29,477264.40625,17267.400390625,1,1199.52001953125,272381,1027401.625,859662.5625,233995.953125,61002.6484375,1137544.5,3,4,3,10
IND80677,16674,2014-09-21,BE33,82543.1328125,7449.75,2,4819.31005859375,114752.8984375,1221609.5,260343.015625,807664.125,84473.71875,601287.6875,2,3,3,11
IND85232,22376,2021-12-15,BE37,128308.5,31224.759765625,1,2594.76000976563,418068.4375,115235.21875,30155.009765625,87621.84375,37199.08984375,697802.9375,1,2,3,12
IND84182,11356,2015-01-21,BE06,84773.4765625,6005.25,1,7284.47998046875,713747.5,1029891.9375,401730.90625,368131.59375,38749.8984375,2635585.5,2,4,3,13
IND22162,12608,2015-02-19,BE10,265344.0625,50281.140625,2,10514.419921875,1186879.375,3056394.25,779483.125,737637.1875,54256.140625,2892226.5,0,3,3,14
IND48448,14830,2005-05-16,BE12,275925.0625,58748.0390625,1,414.649993896484,1180099.5,373370.78125,239579.578125,57965.80859375,16091.7099609375,252006.765625,1,3,3,15
IND28042,41727,2013-11-09,BE41,304090.875,25814.830078125,1,7524.83984375,353086.875,1998613,1075011.5,276626.21875,86335.5,1776040.625,2,3,3,1
IND39614,9433,2008-03-12,BE43,69342.6875,24300.2109375,1,4153.5498046875,409135.3125,836097.3125,139349.546875,305175.53125,45134.1015625,111123.046875,2,1,4,2
IND39056,34313,2008-09-10,BE21,327746.21875,26743.5,3,6001.72021484375,981805.875,816157.0625,221330.734375,343339.3125,70846.8515625,745503.8125,2,2,4,3
IND20248,42863,1996-02-04,BE30,44822.83984375,12362.849609375,2,1808.23999023438,969274.4375,1225648.625,274271.03125,326382.53125,23678.869140625,102978.65625,3,2,1,4
IND67058,35993,1995-07-11,BE19,79840.1171875,43337.30859375,1,1060.5,92092.0078125,106324.34375,53835.109375,78330.078125,11777.5703125,1007005.8125,2,4,2,5
IND81182,19234,2013-06-08,BE22,245301.796875,42010.890625,1,2188.88989257813,129219.7265625,90933.0625,116114.5234375,25922.919921875,28666.599609375,165347.0625,2,5,3,6
IND72540,37953,2011-08-07,BE41,318320.4375,61019.109375,1,10566.3203125,1035646.75,2156888.5,511262.46875,1108161.375,14528.400390625,2046163,3,3,4,7
IND79266,30384,1999-03-19,BE42,349019.90625,13351.5,1,2532.25,321041.3125,27001.689453125,33752.12109375,15477.759765625,17430.55078125,944056.875,2,4,1,8
IND45633,2201,2014-11-23,BE10,17871.560546875,11860.25,1,3459.75,135110.15625,645257.5,327237.71875,104255.171875,12160.0498046875,481101.25,1,1,1,9
IND50255,41547,2016-06-03,BE21,31801.859375,14629.2099609375,3,1059.82995605469,50941.2890625,268103.625,247158.015625,140838.1875,17310.26953125,178377.421875,2,1,1,10
IND35529,2197,1995-06-16,BE24,119733.2890625,9049.48046875,1,1186.13000488281,438554.09375,230097.34375,133604.90625,163888.6875,14179.599609375,198120.734375,0,2,2,11
IND76818,11576,2021-03-14,BE11,230267.65625,54916.3984375,1,3467.76000976563,0,557684.6875,196457.09375,459139.25,30163.650390625,831192.9375,3,4,2,12
IND65466,13996,2014-05-17,BE12,87229.3828125,9115.5,1,558.599975585938,301282.1875,211625.765625,95231.59375,160835.578125,14167.599609375,222853.796875,1,1,3,13
IND62602,20785,2016-01-12,BE46,125156.6484375,27157.630859375,1,1265.36999511719,155520.796875,153846.125,214285.6875,56208.78125,7941.35009765625,452745.25,3,1,3,14
IND67173,31460,2002-12-07,BE09,169754.6875,54407.76171875,1,9020.9501953125,835555.875,1895319.125,1100507.875,415136.03125,12789.9599609375,553463.1875,2,4,3,15
IND60054,33707,2009-04-08,BE19,449829.625,18183,2,7071.27978515625,1996251.5,1019190.5,239809.53125,387958.53125,113390.4375,1980667,2,5,3,16
IND78031,19021,2021-09-07,BE44,108447.359375,6095.43017578125,1,4070.8798828125,829386.125,0,0,0,17179.5390625,822033.6875,2,1,3,17
IND72496,19146,2015-12-30,BE12,110263.6328125,55445.921875,1,6099.580078125,324121,1072739,723673.1875,130261.171875,38291.171875,2080490.375,3,4,3,18
IND91488,6909,2021-02-12,BE01,487056.875,66073.7109375,1,11003.2001953125,401548.90625,154460.703125,31872.83984375,107043.71875,21230.669921875,1420511,2,5,3,19
IND21889,33123,2000-05-21,BE07,165191.046875,42778.12109375,2,3115.19995117188,936139.1875,598631.9375,495641.46875,85868.28125,57101.9296875,835404.1875,2,2,4,20
IND22592,37471,2004-05-24,BE22,46662.9609375,18655.560546875,1,2454.22998046875,75097.7578125,186230.015625,159330.125,27603.4296875,5044.7900390625,253909.15625,2,1,4,21
IND70846,11284,2007-05-02,BE20,74335.2265625,20350.7109375,1,1783.36999511719,252228.828125,367693.5625,204943.9375,96444.2109375,7790.31005859375,73156.453125,3,1,1,22
IND97484,28980,2000-09-12,BE49,397914.90625,35260,1,6091.68994140625,339360,2834870,708717.5,1549728.875,42904.37109375,415308.59375,0,4,2,1
IND22626,25667,2011-12-11,BE41,455401.3125,12588.0302734375,2,8833.650390625,2584311.25,1783851,715812.8125,243830.84375,35798.94140625,3184662.25,0,4,3,2
IND73526,24528,2006-10-11,BE22,117814.84375,21607.0703125,1,2587.85009765625,70291.6796875,964257.4375,197593.734375,604636.8125,758.049987792969,560618.5,2,1,4,3
IND42840,36782,2005-09-03,BE30,40627.46875,10221.2998046875,1,2524.94995117188,709378.4375,669212.75,155430.0625,210003.296875,37652.44921875,408505.75,1,1,1,4
IND91337,3321,2021-01-26,BE40,341432.40625,75963.8984375,1,713.830017089844,982369.625,2822698.5,1042227.1875,1332313.75,88463.046875,2246229,1,5,1,8
IND71064,4352,2004-10-06,BE33,80536.421875,5747.27978515625,1,1052.94995117188,33894.9296875,102083.1484375,68470.40625,56021.23828125,16303.669921875,120441.5,3,1,1,9
IND34987,3860,2011-01-14,BE24,63497.69140625,35102.76171875,1,2365.21997070313,98276.7734375,43137.33984375,30707.939453125,29260.279296875,31787.890625,819083.4375,0,2,2,10
IND34900,16505,1999-03-02,BE08,34363.30078125,21982.400390625,2,3072.26000976563,70584.7265625,1016709.9375,659272.8125,93171.9296875,36630.53125,904021.625,3,2,2,11
IND70426,18252,2002-11-13,BE45,81645.453125,13505.4404296875,2,703.309997558594,485794.9375,202534.1875,109209.609375,89353.3203125,10420.76953125,473250.71875,3,1,3,12
IND27490,21362,2004-05-01,BE41,65256.69140625,29618.939453125,1,1440.9599609375,433456.34375,92083.7890625,37611.69140625,57091.94921875,17036.109375,244905.578125,1,2,3,13
IND69225,38480,1995-08-16,BE21,20080.7109375,18277.19921875,1,197.270004272461,311827.09375,136948.96875,156796.65625,41263.3203125,7135.91015625,438282.34375,3,1,3,14
IND68596,13498,2021-10-12,BE43,42235.01953125,40311.9609375,2,94.7699966430664,432957.34375,32527.759765625,17348.140625,25501.759765625,25880.009765625,778707.5625,3,2,3,15
IND19235,39143,2019-12-28,BE06,83769.34375,27912.80078125,2,1570.26000976563,438670.09375,582515.4375,222726.484375,113076.5234375,2852.11010742188,1321065.125,1,2,3,1
IND53236,20665,2010-02-14,BE20,289369.875,7043.52001953125,1,6581.93994140625,248995.984375,3667387.25,623216.125,1507703.625,116058.03125,1032660.375,2,4,3,2
IND47522,38973,2018-07-05,BE32,156545.515625,39368,2,2456.18994140625,357888.96875,855084.9375,875940.6875,133476.6875,73313.25,703335.75,0,5,3,3
IND76422,27658,1999-01-10,BE09,48289.44140625,23404.3203125,2,2547.48999023438,237508.734375,48551.96875,35429.80859375,31690,10545.5302734375,647506.5,1,2,4,4
IND14568,3957,2001-09-06,BE22,56683.76953125,34034,2,1396.31994628906,446498.3125,27640.080078125,27171.599609375,10034.75,35122.8515625,569593.75,1,2,4,5
IND32670,28437,2021-12-27,BE28,94891.75,9503.4599609375,1,2234.26000976563,104472.15625,303439.375,185598.84375,73031.671875,2525.14990234375,327734.1875,3,1,1,6
IND59876,16258,2006-04-14,BE14,69438.8515625,18824.400390625,1,2304.88989257813,399840.0625,784168.25,510090.03125,228626.921875,25895.869140625,1079543.375,3,1,2,7
IND34342,18096,2014-06-07,BE01,109422.09375,10715.759765625,1,2366.55004882813,638101.4375,372282.65625,376714.59375,45205.75,23756.779296875,150024.34375,0,2,3,8
IND90271,16390,2000-06-12,BE16,352713,34144.87890625,2,555.530029296875,458236.1875,204597.046875,168491.6875,272234.4375,12230.169921875,670824.125,1,4,4,9
IND66490,7370,2006-08-30,BE31,291163.375,42939.6015625,2,1157.38000488281,961957.9375,544795.875,483506.34375,189588.96875,10372.5595703125,1012035.5625,2,2,1,10
IND72025,41607,2017-08-23,BE44,282011.71875,18801.5703125,2,4944.1201171875,1556756,966718.75,474879.375,376850.71875,39550.01171875,2539696.25,3,4,1,11
IND28746,23081,2020-02-20,BE34,374809.5625,53427.359375,3,4308.06982421875,1518272.375,257214.796875,58538.5390625,76064.6328125,21729.119140625,1014847.3125,0,3,1,12
IND36364,29401,2000-06-16,BE17,31650.83984375,8774.400390625,1,737.119995117188,124665.3828125,133076.734375,85855.9609375,90148.7578125,6191.75,124858.453125,3,1,2,13
IND24886,25399,2008-05-19,BE43,271122.5625,69209.9609375,2,1729.81005859375,104967.546875,227109.6875,365156.75,48093.8203125,17241.390625,362798.625,1,4,2,14
IND41593,659,2018-05-31,BE22,317955.53125,32140.19921875,2,2672.919921875,440499.875,1871808.5,1408313,280771.28125,75910.2109375,1307611.375,2,5,3,15
IND82914,30607,2008-03-14,BE29,255392.765625,27418.3203125,1,5188.1201171875,1902369.5,1913918.625,659097.8125,675321.75,26423.310546875,1298226.625,2,2,3,16
IND94566,16658,2021-12-30,BE33,61123.16015625,4357.5,1,8451.3798828125,1075924.5,1120243.75,384561.3125,546244.25,46823.078125,2298221,3,2,3,17
IND84566,1591,2012-02-10,BE19,162603.453125,6889.919921875,1,3443.03002929688,1290650.75,532420.8125,277150.5625,98023.78125,65730.84375,1572237.125,0,2,3,18
IND56102,8819,2019-10-29,BE13,121716.3515625,28527.359375,1,3146.36010742188,1418063,712489.375,419408.625,74735.59375,90316.25,1952481.875,1,2,3,19
IND92786,33288,2013-11-14,BE11,53434.55078125,22422.05078125,1,1722.55004882813,87086.65625,501310.5625,181028.8125,336945.6875,11446.9697265625,380863.71875,1,1,3,20
IND14072,24721,2000-09-27,BE43,33840.75,9465.2998046875,3,2080.44995117188,95921.09375,383742.53125,156798.015625,130472.4609375,1098.73999023438,61551.16015625,3,1,3,21
IND63281,26669,2006-02-10,BE25,21255.939453125,17049,1,629.919982910156,480426.46875,659002.5,341185.65625,118620.4375,17969.0390625,572149.8125,1,1,4,22
IND55583,13475,2011-12-31,BE32,136956.203125,35334.8984375,1,5363.2900390625,100278.578125,1206148.125,682165.75,266637.84375,14390.169921875,1264941.5,0,2,4,1
IND46965,7343,2019-07-01,BE29,234074.515625,30608.4296875,2,2457.27001953125,573683.625,189799.421875,111348.9921875,111956.3515625,4409.66015625,585351.8125,2,2,1,2
IND53170,19213,1996-06-19,BE06,138457.234375,21218.8203125,1,6462.1201171875,490574.46875,1579332.625,844993.25,136808.4375,17796.55078125,1570392.125,0,1,2,3
IND88033,469,2008-03-27,BE12,123519.078125,6975.77978515625,1,1892.53002929688,544315.5,30171.759765625,24276.130859375,11964.66015625,7325.18994140625,702088.375,1,1,3,4
IND14313,14239,2019-09-24,BE48,160941.078125,15836.6103515625,3,2376.68994140625,283464.125,1599208.25,611079.625,351435.78125,923.5,1062681,0,4,4,8
IND93676,32550,2014-02-14,BE10,210134.40625,28648.33984375,2,2602.52001953125,1778674.5,1638779.875,316050.40625,1025408,18196.94921875,2874058.25,3,3,1,9
IND78744,2052,2013-09-10,BE03,64228.640625,2838.42993164063,3,3176.35009765625,293183.78125,889337.25,251978.875,523374.96875,8040.259765625,1182322.75,1,1,1,10
IND60784,17528,2020-08-16,BE12,93000.4375,8673.7197265625,1,95.9700012207031,426347.625,226948.5625,158266.765625,127718.2890625,20923.740234375,741663.4375,0,2,1,11
IND56967,33804,2008-06-19,BE02,185163.75,29579,2,706.080017089844,637045.4375,634924.3125,469579.46875,168784.046875,40123.6796875,914883.8125,2,2,2,12
IND17406,32694,2000-05-17,BE46,336518.03125,37779.5390625,2,3640.580078125,923516.375,439061.3125,275016.40625,112033.0078125,49597.80078125,192169.890625,0,5,2,13
IND86889,9423,2021-10-15,BE11,46002.30859375,30977.9609375,1,2041.41003417969,134519.59375,315419.8125,188773.984375,57205.69140625,47499.5,273301.65625,1,1,3,14
IND20569,26218,2002-05-29,BE39,87389.09375,7934.490234375,2,389.079986572266,208225.109375,91350.7421875,45675.37109375,9460.4296875,15216.1201171875,631599.0625,1,1,3,15
IND71904,12910,2003-10-02,BE37,75934.171875,23153.400390625,1,1872.22998046875,78656.8203125,638053.5,188607.015625,214811.34375,39756.51953125,1100503.875,1,1,3,1
IND49223,3946,1996-11-08,BE04,32726.26953125,3991.56005859375,1,1796.19995117188,521733.25,466271.6875,172693.21875,209822.265625,4362.25,660555.6875,2,1,3,2
IND45778,33840,2019-05-24,BE44,182033.609375,9258.8701171875,1,4892.85009765625,380136.25,1708745.375,547674.8125,427186.375,85632.1796875,1447271,2,2,3,3
IND90203,19174,2014-10-28,BE11,448729.1875,41536.16015625,1,845.47998046875,1484029,1221003.75,586081.8125,742858.6875,43433.19921875,1266370.75,2,5,3,4
IND45957,19737,2002-04-30,BE29,222609.59375,9070.2001953125,3,2346.919921875,1368748.75,868648.4375,267778.84375,304418.8125,6383.2001953125,1481724,1,2,3,5
IND37324,37221,2005-09-23,BE15,180948.984375,23193.419921875,2,4495.85009765625,721455.25,590851.3125,259212.1875,86607.3671875,30512.23046875,1101236.125,3,2,4,6
IND22736,438,2007-08-04,BE23,54454.8984375,30420.599609375,2,1502.33996582031,681860.6875,0,0,0,11669.4501953125,1308107.75,2,1,4,7
IND95042,17702,2019-01-15,BE33,72376.328125,20810.400390625,1,8141.10009765625,1696224.875,1317357,589861.3125,475821.46875,55491.71875,1272788.625,2,2,1,8
IND71261,36448,2014-12-29,BE11,196588.09375,54963.12109375,1,2643.56005859375,1362063.125,468512.75,266409.21875,194846.1875,38722.58984375,1001891.4375,0,4,2,9
IND38724,4422,1995-12-12,BE01,108386.953125,27190.650390625,1,2039.11999511719,428417.40625,239846.5,210774.203125,109893.3125,4019.67993164063,837359.8125,3,2,3,10
IND70825,14307,2013-06-13,BE23,280881.1875,15212.7001953125,2,5518.08984375,1438991.75,802754.75,523143.5625,378828.09375,27907.640625,224260.78125,1,4,4,11
IND78133,23667,1996-02-26,BE38,35709.9296875,6608.580078125,1,1905.13000488281,66945.4609375,1146047.75,416081.03125,332718.8125,43642.421875,592806.25,3,1,1,12
IND24135,16784,2002-11-03,BE07,72648.8515625,14258.759765625,2,2958.0400390625,241493.515625,291092.4375,178023.46875,37529.26953125,32627.3203125,389464.4375,1,1,1,13
IND58253,36192,1996-11-29,BE08,310547.5625,38248.8984375,1,5264.39013671875,260831.0625,1177321.875,765830.75,335708.1875,46410.76953125,810658.875,1,3,1,14
IND49839,11508,2019-01-17,BE33,52673.12890625,3385.60009765625,1,1577.98999023438,178705.234375,226244.0625,214740.125,138353.984375,28482.75,628802.1875,3,2,2,15
IND50159,25595,2007-05-18,BE29,250467.765625,12166.5595703125,1,736.359985351563,1604558.25,1157818.625,482424.40625,263725.34375,43965.1015625,2273472.25,2,2,2,16
IND52909,41251,2015-12-28,BE20,235589.53125,21968.099609375,2,695.630004882813,665289.125,110588.5234375,55294.26171875,127074.3984375,25602.890625,503879.34375,1,3,3,17
IND71789,12990,2011-04-14,BE31,470170.84375,29661.779296875,1,1118.75,224436.203125,540636.9375,149537.875,429863.875,71860.8984375,2094135.5,1,4,3,18
IND81334,28096,2008-02-16,BE35,186417.265625,19867.05078125,1,809.219970703125,522443.34375,480535.375,433816.65625,254617.015625,16023.8701171875,74370.4375,1,2,3,19
IND23592,15610,2013-01-16,BE07,148649.765625,26852.400390625,2,348.940002441406,74180.5234375,276215.84375,369772.84375,44684.6015625,3223.26000976563,183735.015625,2,1,3,20
IND38173,6075,2017-03-02,BE34,235310.453125,22356.400390625,2,1137.86999511719,774951,343870.90625,200342.171875,71046.71875,42810.76171875,1566911.25,1,2,3,21
IND71352,21158,2015-02-28,BE02,70030.359375,39675.51953125,1,7292.77001953125,1671393.25,1255303.375,198623.953125,601830.5625,77942.28125,1376458.625,1,2,3,22
IND63534,2927,2009-07-02,BE13,160020.21875,47992.1015625,1,2942.93994140625,578908.875,322644.28125,184368.15625,368275.375,25056.669921875,585362.9375,0,2,3,1
IND68727,17222,2006-06-16,BE40,157480.796875,12710,2,835.630004882813,63672.37890625,157256.390625,162679.03125,106283.6328125,6612.02978515625,563530.5625,2,1,4,2
IND36875,16920,1999-12-22,BE04,67543.9296875,23202.44921875,2,2374.46997070313,879483.25,782700.6875,208165.0625,443391.59375,38825.6484375,889322.9375,2,2,4,3
IND44607,39160,2021-03-09,BE28,352563.21875,71463.0625,2,2121.56005859375,1979607.25,1976402.625,1138407.875,340889.90625,90368.1015625,516537.125,1,5,1,4
IND82641,24998,2004-04-16,BE07,188125.546875,28244.69921875,2,5051.33984375,1149690.875,563490.9375,114331.4921875,323394.78125,71452.0078125,2849736,2,3,2,8
IND41747,37210,2020-07-24,BE44,262109.953125,42685.01953125,1,3688.63989257813,631689.3125,1067459,417279.4375,414853.40625,47110.26953125,270774.34375,1,2,3,9
IND48658,12790,2015-01-07,BE30,132381.8125,32938.4296875,1,1467.08996582031,367561.8125,92758.8671875,82613.3671875,50481.12109375,15132.419921875,367462.4375,3,2,4,10
IND63683,25006,2004-09-30,BE42,101067.84375,35087.3984375,2,607.700012207031,1401736.5,192492.015625,101534.25,103395.7109375,17622.419921875,908101.5,3,4,1,11
IND58912,27827,2017-11-08,BE11,85064.6796875,37142.98046875,1,52.5099983215332,794809.0625,576677.75,478519.84375,121470.421875,40986.94921875,1054676.375,2,2,1,12
IND34297,28352,2008-02-15,BE24,250558.765625,32556.720703125,3,5972.7998046875,1942324.625,1559826.75,369958.90625,428352.40625,97581.5625,2373523.5,1,3,1,13
IND66416,7949,2009-01-28,BE45,106907.9609375,8246.919921875,1,2552.67993164063,630246.3125,460917.09375,124921.4609375,293608.5,22214.69921875,349680.125,0,2,2,14
IND46043,14509,2018-09-15,BE42,98497.359375,40174.08984375,1,3880.169921875,385879.53125,142521.828125,54530.08984375,54827.53125,2607.48999023438,1357747.75,3,3,2,15
IND26793,15113,2020-06-28,BE08,428020.8125,64848.71875,1,11128.3095703125,447741.78125,1735991.75,811794.6875,271014.53125,11001.5703125,3072791.25,2,5,3,1
IND57827,36477,2004-01-29,BE01,77370.3984375,15353.0400390625,1,1226.52001953125,250432.84375,1572704.625,492937.28125,605843.375,58450.87890625,501286.875,1,2,3,2
IND61268,41100,2019-08-16,BE32,56227.80078125,4078.080078125,1,4011.97998046875,85758.90625,169677.15625,137862.6875,68295.0625,36289.73046875,976275.0625,2,2,3,3
IND61936,13537,2018-03-01,BE09,180555.765625,75076.6015625,1,5094.43017578125,496902.59375,260544.953125,187409.515625,248111.921875,11057.9697265625,303895.21875,2,5,3,4
IND87086,37015,2011-11-27,BE31,35261.8515625,13344.2998046875,1,2166.05004882813,430803.375,24846.150390625,21222.75,5310.85986328125,20710.080078125,427273.34375,3,1,3,5
IND99616,11399,2018-10-09,BE10,71863.7421875,26361.509765625,2,2026.06005859375,379734.40625,215398.625,174547.15625,246037.21875,12585.23046875,343729.375,0,2,3,6
IND76839,5294,2010-11-09,BE14,78666.96875,8234.6396484375,3,1831.23999023438,238802.265625,224109.859375,301262.4375,69437.3203125,10861.419921875,69134.03125,3,1,3,7
IND51542,31219,2009-07-14,BE38,49999.28125,3392.0400390625,1,4131.72021484375,493103.4375,763141.8125,244205.390625,430717.25,10856.4599609375,1019528.8125,1,2,4,8
IND31177,3799,2021-09-12,BE29,298316.15625,44760.6015625,2,1226.21997070313,569030.875,1866884.5,790359.875,377737.5,8290.5703125,2147674.5,3,3,4,9
IND25757,19023,2020-07-04,BE20,169791.171875,30070.919921875,1,1257.93005371094,614394.75,638236.75,208980.1875,217056.984375,29658.23046875,262177.6875,1,2,1,10
IND83050,9116,2016-06-16,BE47,82765,9832.5,1,2122.22998046875,322434.84375,12788.4404296875,14993.33984375,7831.81982421875,15997.73046875,127897.2421875,1,1,2,11
IND88698,37255,2010-04-29,BE02,56874.19921875,8228.2900390625,1,143.770004272461,185781.515625,152556.65625,67446.1015625,108042.2265625,36945.19921875,248758.984375,2,2,3,12
IND36562,30765,2002-01-11,BE41,273434.53125,41010.03125,1,2972.330078125,755360.125,423245.40625,302318.15625,52905.6796875,28705.05078125,1689849.75,3,2,4,13
IND30719,30593,2019-11-04,BE17,253476.234375,15105.8603515625,1,4735.1298828125,140675.546875,917838.75,604047.75,117279.3984375,16062.150390625,1637315.5,0,3,1,14
IND26679,11433,2019-02-26,BE08,130886.171875,25539.83984375,1,2922.94995117188,765990.5,165213.859375,172397.0625,41566.8515625,36915.109375,156082.640625,1,2,1,15
IND54314,16803,2013-09-11,BE44,183339.359375,20248.80078125,3,1280.64001464844,789768.5,1313496.625,314097.03125,548432.4375,10358.830078125,1684224.875,1,3,1,16
IND72436,13355,2006-11-15,BE27,133700.234375,48330.1484375,2,9127.0595703125,1662808.875,861108,348543.6875,341572.84375,24721.890625,2730628,2,4,2,17
IND59337,26375,2021-05-06,BE37,36214.421875,33925.1484375,1,1665.32995605469,387574.3125,1167759,490655.03125,441589.53125,19148.419921875,1106627.625,2,2,2,18
IND78689,30789,2012-09-29,BE43,324327.15625,22598.099609375,2,1379.93005371094,458184.96875,291710.6875,131740.3125,362474.09375,32817.6484375,1111227.375,3,4,3,19
IND31280,36211,2017-10-18,BE45,230734.0625,33099.83984375,2,52.75,687617.3125,104154.640625,102747.140625,25081.560546875,18674.109375,406364.03125,0,2,3,20
IND26777,37137,2005-04-02,BE39,263582.1875,59045.16015625,1,5868.58984375,1599755.125,948718.0625,246666.6875,239203.4375,59724.62890625,1885029.5,0,4,3,21
IND37741,23441,2006-10-17,BE13,57039.78125,50417.609375,1,8330.7998046875,391088.53125,1529895.375,798206.25,220393.625,56514.96875,1285695.625,2,2,3,22
IND28884,18680,2006-09-13,BE11,36633.62109375,29429.390625,2,2438.93994140625,118870,753986.875,547010.0625,123003.34375,1817.92004394531,717175.75,1,1,3,1
IND21608,16007,2003-05-12,BE35,69789.3125,30138.740234375,3,6081.2900390625,832543.25,1031441.25,279962.625,260365.234375,40998.328125,596375.5625,3,2,3,2
IND30193,17968,2012-10-11,BE29,64385.58984375,5201.27978515625,1,260.640014648438,175520.15625,449340.5625,164758.203125,217430.90625,22500.2890625,628846.875,2,1,3,3
IND38702,27552,2009-05-11,BE08,263680.78125,43179.3203125,1,9128.9296875,1539487.5,1424891.125,745916.125,151478.34375,21860.80078125,2131863,3,2,4,4
IND14237,3899,2007-04-27,BE49,108075.28125,7107.89990234375,3,8089.0498046875,749152.75,1848506.25,545072.375,326332.4375,52023.5390625,405160.40625,2,2,4,8
IND35253,35160,2006-11-29,BE34,113729.4375,32788.359375,1,4.25,442508.78125,391283.90625,236829.734375,191832.09375,2429.76000976563,229924.390625,3,1,3,9
IND14559,3550,1996-03-24,BE14,217808.5625,34263.1796875,1,468.720001220703,303130.59375,1763179.75,1038001,195798.265625,36567.19140625,867553.875,2,2,1,10
IND31565,39263,2007-08-18,BE38,240104.65625,39235.46875,1,5713.8798828125,311027.15625,956524.875,255704.671875,456290.78125,51756.671875,1100443.375,3,2,2,11
IND44723,30867,2013-06-03,BE34,62217.75,21449.890625,2,3757.78002929688,714905.9375,135583.484375,179072.53125,59093.9296875,19576.560546875,876968.125,0,3,3,12
IND25889,39017,2020-07-21,BE36,230504.59375,47430.83984375,1,10775.169921875,1579998.375,501098.15625,219836.625,63106.0390625,228.529998779297,2479024.5,3,3,4,13
IND80593,8763,2000-06-30,BE12,247365.5625,10094.1298828125,2,2248.7900390625,48433.55859375,283112.875,188741.9375,365739.90625,5794.64013671875,282126.71875,1,2,1,14
IND91319,27489,2009-07-06,BE14,116319.109375,15838.900390625,1,2026.15002441406,197453.59375,150388.34375,133201.109375,96334.4765625,11288.1298828125,408511.28125,1,1,1,15
IND75746,22069,2020-11-02,BE03,356267.875,51367.6796875,1,855.239990234375,230852.515625,1112280.625,217242.3125,677796,16327.0703125,2180346.25,0,2,1,1
IND23455,35139,2021-07-18,BE01,231926.0625,57530.55078125,2,659.099975585938,681394.875,1689560.375,465626.875,510194.03125,77444.7890625,1624273.375,2,3,2,2
IND12762,35314,2012-10-04,BE10,126724.1875,10407.1103515625,1,3303.21997070313,89262.609375,1463854.875,491676.4375,312885,19804.5390625,182903.625,3,2,2,3
IND17356,660,2009-04-21,BE26,361526.5,6716.5,1,10141.6201171875,615293.5625,1205689.5,901450.0625,121695.7578125,47432.94140625,1060755.375,2,5,3,4
IND14968,41662,2009-08-01,BE06,133280.53125,54309.75,2,2765.43994140625,897532,200786.4375,74672.640625,47458.609375,25993.26953125,1580825.875,3,4,3,5
IND26205,39773,2020-02-10,BE10,86378.65625,14626.080078125,1,2332.03002929688,186543.71875,410491.125,391173.875,55971.671875,17070.8203125,0,2,1,3,6
IND40402,15494,2019-12-09,BE04,23800.30078125,8675.4501953125,1,335.970001220703,912209.1875,1274097.875,323010.71875,424938.53125,18524.6796875,587768.125,1,1,3,7
IND23534,1979,1996-09-24,BE36,231344.328125,8031.52001953125,2,5676.93017578125,360387.21875,1260515.625,416611.09375,384457.25,44042.30859375,1864716.625,3,2,3,8
IND13368,6118,2021-02-25,BE13,472444.6875,21172.2109375,2,4135.93994140625,1674541.5,600552.8125,406256.34375,91260.4765625,45600.609375,1205068.25,1,4,3,9
IND89530,35153,2020-08-15,BE16,50144.96875,11484.919921875,3,3950.3701171875,321223.40625,811897.1875,433838.15625,215679.546875,33918.94140625,579440.6875,2,1,3,10
IND46536,26992,2021-06-20,BE23,136851.875,12204.7197265625,1,3257.55004882813,484702.875,52569.9609375,71529.6171875,11574.009765625,31612.30078125,232154.96875,2,2,4,11
IND50842,28782,2001-06-22,BE10,62316.25,10156.25,1,302.820007324219,273325.6875,257313.484375,136533.6875,104605.8125,21266.98046875,353381.125,3,1,4,12
IND78530,12884,2011-06-08,BE45,139421.515625,4874.7998046875,2,3468.23999023438,27234.359375,147745.296875,121479.46875,45669.7109375,11243.16015625,769523.0625,2,1,3,13
IND86823,24396,2008-09-10,BE29,195651.75,38778.5,1,3559.7099609375,677557.625,248235.078125,193429.9375,147006.75,31873.76953125,492181.3125,1,2,1,14
IND22908,41486,2008-01-30,BE32,120709.6171875,33245.03125,2,1114.06994628906,355659.34375,530450.1875,335727.96875,198079.5,20868.94921875,761481.4375,2,2,2,15
IND63930,6105,2008-04-08,BE37,56697.1484375,20916,1,937.570007324219,378481.375,39461.1796875,30492.73046875,27539.119140625,10031.7099609375,484459.75,0,1,3,16
IND59614,29340,2016-11-21,BE28,76337.03125,44903.76171875,1,6522.64990234375,646545.1875,2507453,1398715.25,276331.5625,9770.8798828125,1910017.25,1,2,4,17
IND16937,10489,2001-12-10,BE46,56707.5703125,15646.3701171875,1,2238.34008789063,444894.8125,1290644.625,306528.09375,265066.125,30041.220703125,384301.96875,3,1,1,18
IND22152,31037,2009-03-17,BE22,96390.0625,7677.2998046875,1,2308.5,264541.84375,97403.1171875,70745.4296875,18434.8203125,26040.740234375,311371.90625,1,1,1,19
IND19673,31321,2016-07-12,BE28,191265.875,11937.3896484375,1,4443.81005859375,637807.25,2092998.25,480614.40625,599062.625,3275.18994140625,835505.625,3,2,1,20
IND91458,26296,2018-10-03,BE08,74221.7265625,22967,1,2226.80004882813,207679.09375,191303.265625,198805.34375,208032.921875,8075.93017578125,512655.03125,0,2,2,21
IND71139,29500,2007-09-28,BE02,170020.8125,19180.23046875,1,273.470001220703,707857.75,137449.453125,48870.921875,52943.48828125,45429.5703125,1630468.25,3,2,2,22
IND44382,41951,1995-03-12,BE46,312246,37318.37890625,1,8366.73046875,973588.875,785365.125,257791.609375,263127.3125,43271.5,538553.3125,3,2,3,1
IND32518,22437,1995-03-03,BE31,160046.46875,27812.609375,1,2686.07006835938,330529.28125,153125.3125,142379.6875,84595.0234375,8479.0703125,613079.5625,1,2,3,2
IND98549,35594,2001-11-14,BE02,142526.59375,44209.94921875,2,7062.990234375,644588.125,408574.6875,169938.140625,237624.140625,10592.58984375,1922516.875,1,2,3,3
IND22303,21140,2007-09-21,BE01,21844.060546875,19833,2,315.75,190073.90625,105557.7265625,163315.734375,20792.880859375,8771.900390625,118763.328125,2,1,3,4
IND33084,19265,2013-01-26,BE37,124277.75,60250.51953125,1,3293.77001953125,685460.6875,902647.625,250238.953125,431125.96875,72793.0390625,1184928.75,0,3,3,8
IND36967,27780,2008-10-08,BE30,265947.34375,22048.30078125,1,4332.91015625,1506289,1995534,466697.4375,811248.9375,15800.150390625,1260879.625,3,3,3,9
IND20489,1701,2019-09-09,BE03,136288.3125,28865.900390625,1,6034.64013671875,1335258.875,0,0,0,46786.5703125,1195738.875,2,2,3,10
IND35221,13769,2005-03-05,BE35,338807.375,57559.359375,1,2247.64990234375,564042.5625,429506,355684.65625,217638.734375,3969.02001953125,999527.1875,3,3,4,11
IND67799,32410,2010-07-07,BE34,117951.140625,19894.630859375,1,1485.33996582031,364573.40625,195130.640625,276730.71875,76491.2109375,5260.22021484375,500503.3125,2,2,4,12
IND84095,26092,2021-07-30,BE31,280918.65625,73718.1015625,1,8259.6796875,103359.6171875,603246.75,377029.1875,227377.609375,59522.05859375,1102516.125,3,5,3,13
IND59330,34474,2006-05-27,BE48,92897.8671875,27024.80078125,1,4987.7001953125,1674934.25,1655020,698211.5625,535295.5625,15749.3203125,1593741.125,2,4,1,14
IND99522,16643,1999-10-11,BE28,234829.640625,22215.869140625,1,10487.2998046875,1361218.75,3179840.75,1829497.375,435594.625,81671.5390625,2189295.25,2,3,2,15
IND53925,34641,2005-10-27,BE25,118938.78125,65018.23828125,1,5124.47021484375,269071.375,2206729.5,729644.4375,892479.75,34529.73046875,834600.125,2,5,3,1
IND47766,41052,1999-11-23,BE42,271347.46875,51908.6484375,1,119.680000305176,864791.25,1181619.75,1114482.25,182613.96875,34690,1763740.625,2,4,4,2
IND74222,22219,2014-03-29,BE37,91058.390625,16547.48046875,1,2139.13989257813,243425.484375,235281.484375,151694.640625,162622.84375,9148.0302734375,438798.09375,3,1,1,3
IND96627,9753,2019-06-17,BE11,74571.453125,25321.619140625,2,3310.93994140625,528831.5625,548418.3125,591152.1875,148927.625,7480.9599609375,976843.125,2,2,1,4
IND46573,23642,2007-10-31,BE18,41255.76171875,15167.4599609375,3,7008.330078125,832450.5625,149252.546875,46389.30078125,43021.0390625,14749.83984375,1771860.125,3,2,1,5
IND52334,6420,2021-07-29,BE37,271200.03125,17507.609375,2,5173.43994140625,895088.375,1756146.125,993130.875,183123.65625,29229.189453125,1600338.25,2,2,2,6
IND47388,36251,2016-11-17,BE35,350850.25,12283.0400390625,1,8206.2900390625,123596.53125,228896.078125,58923.73828125,134164.828125,30900.91015625,1006128.6875,0,4,2,7
IND63480,31240,2005-04-28,BE24,251072.078125,3631.32006835938,1,5244.77978515625,641151.125,817895.5,487591.5625,280915.65625,32017.810546875,924897.25,3,2,3,8
IND71563,39493,2001-09-19,BE36,161123.828125,11458.16015625,2,3151.3798828125,554732.625,1028685.125,244094.78125,633949,22002.01953125,1760849.75,1,3,3,9
IND47672,32361,2016-04-28,BE05,102807.1328125,19985.1796875,1,1293.60998535156,218935.78125,1015453.75,288879.09375,469209.65625,35229.58984375,848191.9375,1,3,3,10
IND47218,9008,2019-07-31,BE37,140159.109375,28243.599609375,1,2727.51000976563,2000231,2845491.75,1548282.25,435192.84375,74000.5390625,2796261,0,4,3,11
IND40866,15439,2010-07-23,BE41,35474.94921875,2043,1,273.230010986328,39071.78125,365564.09375,221143.703125,170325.796875,7597.93017578125,321006.125,0,1,3,12
IND55731,43369,1995-10-07,BE22,227879.1875,10781.099609375,1,4092.89990234375,540899.8125,691789.8125,472044.8125,297388.21875,10971.48046875,479931.78125,0,2,3,13
IND18241,32053,2013-03-22,BE45,146037.5,10045.599609375,1,1429.18005371094,944382.125,757522,336676.4375,231388.546875,38966.359375,848752,1,2,3,14
IND38340,30188,2021-10-20,BE08,28714.650390625,19220.880859375,1,339.380004882813,488326.71875,149576.515625,78218.90625,42485.21875,9553.98046875,422154.15625,1,1,4,15
IND31054,32086,1995-04-20,BE09,197781.4375,26229.720703125,1,851.52001953125,542724,117251.75,99527.6484375,24295.650390625,46165.51953125,1221165.625,2,2,4,16
IND41463,23932,2018-11-17,BE21,51160.98046875,4492.2001953125,2,2505.830078125,307889.8125,51067.140625,41340.05859375,5471.47998046875,17087.1796875,500610.90625,1,1,1,17
IND39119,9692,2017-03-25,BE26,173636.421875,19622.51953125,1,2108.7099609375,37396.390625,54702.2890625,30390.16015625,27114.76953125,13048.51953125,489980.28125,1,2,2,18
IND63354,3173,2011-05-16,BE31,159742.78125,12922.7099609375,1,4174.4501953125,585321.125,358650.4375,313187.71875,180436.53125,5116.6201171875,1213320.75,2,2,3,19
IND64751,15939,2018-08-20,BE34,274290.8125,27663.349609375,3,38.5299987792969,312147,351795.125,259217.46875,340068.625,3524.93994140625,826948.5625,3,2,4,20
IND73281,27826,2019-03-28,BE48,148785.03125,24981.44921875,1,2905.2900390625,553970.9375,865205.875,523147.71875,492563.71875,39035.62890625,764525.3125,1,2,1,21
IND91520,12377,2003-03-18,BE18,90295.859375,20364.48046875,1,3516.60009765625,655556.875,230628.40625,74188.15625,102766.7265625,5003.85986328125,583640.75,3,1,1,22
IND96624,6225,2017-02-02,BE37,108925.078125,30067.869140625,1,1497.5400390625,145447.375,1170583.625,694414.0625,366055.40625,18090.140625,792459.5,0,2,1,1
IND27565,27673,2008-11-01,BE32,124182.2421875,20227.599609375,2,4343.77978515625,728461.25,132191.3125,66592.6171875,20663.58984375,31010.279296875,496011.8125,1,1,2,2
IND18836,27536,2010-02-12,BE12,357699.4375,56809.3515625,1,257.299987792969,248997.4375,1588226.875,384248.40625,493118.8125,84032.1171875,1939102.375,0,3,2,3
IND75100,6101,2018-01-10,BE06,157387.453125,24678.5390625,1,4662.919921875,945129.9375,461900.125,98074.6796875,227027.0625,48721.21875,495468.1875,0,2,3,4
IND94833,13967,2005-07-19,BE46,74911.1171875,24005.01953125,2,4068.75,484151.5625,657037.3125,352953.90625,229963.0625,12241.6201171875,1013540.6875,3,1,3,8
IND33044,5178,2020-01-12,BE41,114076.4765625,23942.80078125,2,3128.13989257813,150301.078125,192758.59375,97162.8671875,39899.4609375,14746.2197265625,760470.125,3,1,3,9
IND23940,16932,2012-04-27,BE20,483167.34375,21681.08984375,1,5729.93017578125,435649.84375,876651,730542.5,232087.734375,2961.81005859375,1193750.125,1,5,3,10
IND17023,22801,2017-03-13,BE27,331067.71875,25598.080078125,2,7477.18017578125,1227817.25,696479.125,453049.5625,118266.21875,43090.98046875,169513.28125,3,3,3,11
IND69409,20038,2009-02-02,BE30,405968.3125,7797.2998046875,1,7672.830078125,2080691.25,1056916.375,262502.125,424009.96875,105935.296875,890955.75,0,3,3,12
IND30509,2775,2020-06-19,BE22,38161.96875,5367.58984375,2,1877.38000488281,807581.625,859187.8125,269406.34375,298167.28125,17677.5,510650.40625,0,1,3,13
IND27469,30929,2017-04-23,BE41,370515.15625,29312.5390625,1,2425.6298828125,334240.40625,33627.171875,19440.7109375,20523.080078125,7215.47998046875,165055.90625,0,3,4,14
IND40533,14663,2020-02-25,BE12,56531.44140625,4754.39990234375,3,286.519989013672,144163.640625,1364674.75,423519.75,383050.09375,13131.7802734375,1480738.25,2,1,4,15
IND93358,40481,2003-04-16,BE10,138288.546875,22771.509765625,1,984.299987792969,148978.359375,28887.890625,39052.1484375,17332.73046875,8766.7099609375,591285.25,0,2,1,1
IND46908,7570,2021-02-11,BE24,244042.609375,43812.08984375,1,3683.14990234375,836010.4375,2323735.5,690385.125,784850.0625,4035.26000976563,201503.5625,1,3,2,2
IND85219,2492,2000-11-10,BE30,111558.6484375,24260.0703125,2,1573.43005371094,444592.5,669180.3125,624067.0625,144437.6875,31590.509765625,1366854.25,1,3,3,3
IND93026,22857,2018-02-25,BE48,211664.109375,11081.48046875,1,3550.669921875,123814.2109375,404394.21875,391349.25,310470.40625,7217.25,974467.5625,1,3,4,4
IND67593,41236,2011-07-30,BE35,172376.6875,37392.8203125,1,234.520004272461,647839.125,1459002.125,808062.6875,304819.21875,43742.23828125,1468858.5,0,3,1,5
IND13283,26872,2015-12-13,BE44,216833.84375,14481.1904296875,3,1004.94000244141,530725.875,782142.5,301771.53125,157044.359375,56334.4296875,504176.125,1,2,1,6
IND15990,20833,2013-08-01,BE46,290141.15625,32854.140625,1,1689.59997558594,396701.1875,1936626.25,738338.75,245467.375,33270.33984375,727784.625,1,2,1,7
IND45804,10157,2016-05-11,BE36,55214.5390625,21708.8203125,1,2394.93994140625,269257.40625,260867.375,190741.734375,70013.4375,13420,216264.0625,2,1,2,8
IND33862,6583,2020-01-17,BE05,233085.875,27987.189453125,1,5277.02978515625,1375393.5,1057008,471878.5625,320877.40625,41169.25,2056978.375,0,3,2,9
IND50358,12972,2006-05-25,BE19,255803.625,55883.25,2,1137.05004882813,1097680.625,1152844.5,729350.5625,366557.5,23633.9296875,691805.5,3,3,3,10
IND31525,36622,2007-08-20,BE40,252152.640625,11210.400390625,3,336,488910.25,507901.8125,431716.5625,134086.078125,9192.9599609375,1001077.4375,3,2,3,11
IND78049,7992,2005-04-05,BE30,43063.1015625,1482.03002929688,2,1445.61999511719,161403.6875,168183.125,87059.5,117451.1796875,9519.4296875,169312.015625,2,1,3,12
IND72258,18425,2013-01-31,BE26,250193.09375,72352,2,2762.56005859375,1603655.375,2059977.75,1310894.875,252191.21875,53113.171875,2592637.5,3,5,3,13
IND76365,15618,1999-03-18,BE26,269309.5,24395,1,500.690002441406,883088.0625,610078.875,221846.859375,598986.5,44320.12109375,721317.9375,0,4,3,14
IND76509,11754,2004-03-18,BE10,418553.28125,23188,3,1400,136859.515625,374674.96875,347912.46875,337207.46875,30455.939453125,1078029.625,1,3,3,15
IND33221,14120,2015-05-16,BE43,184005.90625,38858.0390625,2,787.25,744839.25,964879.375,343431.65625,317756.0625,13624.990234375,1399986.125,3,2,3,16
IND45691,42829,2017-08-11,BE49,53646.28125,23169.509765625,1,1274.48999023438,541134.3125,48977.69921875,58341.08984375,10674.259765625,11687.1796875,705451.4375,2,2,4,17
IND48905,41736,1996-06-19,BE13,291120.625,23503.919921875,2,1917.94995117188,234804.65625,448853.1875,495487.3125,70825.5390625,35766.1015625,1080066.75,1,2,4,18
IND64966,36583,2011-02-12,BE28,335306.3125,42497,1,476.880004882813,834959.3125,895456.5625,443620.6875,359004.15625,16345.75,974238.0625,1,2,1,19
IND21667,31254,2000-08-29,BE32,384161.96875,55375.3203125,1,715.679992675781,652417.0625,157233.09375,232704.96875,46603.890625,6863.22021484375,531618.375,2,4,2,20
IND65854,30995,2016-03-31,BE27,73202.0234375,23433.759765625,2,3548.51000976563,870770.25,355418.8125,171028.59375,92355.453125,19705.44921875,605995,0,2,3,21
IND53772,12743,2008-09-09,BE40,249497.484375,59905.01171875,1,6824.52001953125,991335.375,195027.484375,66309.34375,109410.421875,30405.9609375,329428.15625,3,4,4,22
IND51069,24297,2014-07-16,BE11,152813.0625,11142.75,1,4128.7001953125,152412.5,542700.3125,304804.28125,364055.25,25102.330078125,717216.25,0,3,1,1
IND83107,29792,2018-05-29,BE17,155016.46875,58870.01171875,1,5151.080078125,1133879.5,234545.71875,220748.90625,61257.8203125,19782.390625,1103016,1,3,1,2
IND19058,31073,2002-10-05,BE14,180510.671875,26862.2109375,1,2830.8701171875,73509.15625,98532.890625,65102.08984375,60967.23046875,11551.08984375,160281.578125,3,2,1,3
IND65820,36282,2019-10-23,BE11,209173.890625,41508.921875,1,4262.5400390625,557126.6875,185439.75,111903.296875,199507.59375,30238.880859375,180722.265625,2,3,2,4
IND71996,23320,2017-05-01,BE37,258753.796875,54229.87890625,2,3595.080078125,725874.4375,180850.890625,164703.484375,159826.96875,25770.759765625,636208.25,2,3,2,8
IND45882,8127,2007-08-26,BE08,96488.25,14451.8603515625,1,190.429992675781,691066.8125,941649.1875,154876.515625,362411.03125,27180.169921875,233634.140625,1,1,3,9
IND75924,7222,1996-10-13,BE34,247170.234375,52238.69921875,1,1579.5,710995.1875,464391.25,421392.0625,460521.34375,30882.869140625,929161.0625,2,4,3,10
IND81510,38258,2020-03-23,BE41,296377.1875,34470.8984375,1,10356.4296875,519449.5,3863355.5,1173677.625,1385917.625,62491.2109375,3307776.75,1,4,3,11
IND12649,20112,2016-05-11,BE36,298198.78125,49925.3984375,2,1969.78002929688,721788,287081.1875,315226.40625,123838.953125,8521.2998046875,643405.375,3,3,3,12
IND20255,20431,2011-07-10,BE30,37980.75,15309,1,1648.21997070313,195587.75,253960.015625,213092.875,44136.5,21609.060546875,1008604.0625,2,2,3,13
IND86039,16485,2007-10-10,BE28,163857.921875,11498.33984375,2,1437.03002929688,148813.21875,117381.1328125,57886.578125,116287.7109375,3149.69995117188,725362.5625,2,1,3,14
IND98413,12894,2007-05-31,BE22,83457.078125,27288.80078125,2,688.559997558594,1047895.625,672909.6875,509582.09375,178223.0625,14554.830078125,987653.1875,0,2,3,15
IND16961,13033,2009-08-21,BE45,369740.375,47076.140625,1,2451.86010742188,701426.4375,413197.8125,270949.375,35900.7890625,738.539978027344,2096511,1,5,4,1
IND39027,41804,2021-10-26,BE49,165463.53125,11687.0400390625,1,2456.06005859375,123209.0078125,185375.78125,147721.328125,103607.6796875,6984.81005859375,301361.375,3,2,4,2
IND43922,6166,1999-07-03,BE25,104251.1171875,8250.099609375,1,2816.580078125,505320.125,372344.375,79433.4609375,129973,57875.8203125,1471805.875,1,2,1,3
IND29124,23404,2000-10-01,BE46,279904.84375,15820.919921875,1,6591.0498046875,1208206.875,729409.625,496619.34375,178782.953125,24833.970703125,1100336.75,1,3,2,4
IND46526,10315,2001-06-26,BE44,143436.71875,15120.7998046875,1,123.48999786377,439803.34375,15830.3603515625,6052.77978515625,13609.4501953125,9383.73046875,317180.84375,0,1,3,5
IND69834,17739,2010-09-23,BE12,185424.34375,29845.80078125,3,1964.81005859375,401800.46875,132468.296875,184108.453125,40009.91015625,29367.58984375,458559.0625,0,2,4,6
IND52128,12385,2001-06-12,BE46,78951.046875,32630.0703125,1,3574.8798828125,985390.75,244487.125,71033.421875,79094.890625,67565.7734375,2370468.75,3,4,1,7
IND74305,40037,2010-10-22,BE38,273949.8125,15299.83984375,1,3148.01000976563,57776.859375,663967.5625,353541.15625,524017,4461.31982421875,103683.1484375,2,2,1,8
IND73272,38864,2000-08-11,BE24,424534.09375,18303.6796875,2,2325.82006835938,1143094.875,1446403,1004446.5,341511.8125,31219.4296875,583708.5,0,5,1,9
IND49313,11176,2006-04-20,BE20,249651.296875,4340.7001953125,1,2409.3701171875,102479.578125,1090941.375,707091.625,245461.8125,64103.51171875,1717815,3,2,2,10
IND43853,22513,2013-03-09,BE32,53241.0390625,18142.880859375,1,1248.82995605469,320085.0625,66334.71875,48775.53125,37557.16015625,11056.150390625,348186,3,1,2,11
IND68149,5810,2014-05-13,BE36,28267.30078125,4179.330078125,1,984.409973144531,685686.8125,775590.375,320352.5625,236836.078125,21839.580078125,748494.1875,3,1,3,12
IND31637,33809,2017-04-24,BE26,82095.1484375,18783.51953125,3,1325.31005859375,580082.9375,447626.90625,151074.078125,84937.2109375,37783.30078125,371829.875,3,1,3,13
IND26575,13435,2019-01-17,BE30,91094.3984375,63260.80078125,1,3129.71997070313,380404.625,24209.919921875,29492.08984375,9006.08984375,24181.080078125,1081277.125,0,3,3,14
IND52133,21930,2014-07-29,BE42,94094.3984375,13896.599609375,3,646.349975585938,160491.703125,197645.515625,90447.9375,205417.328125,13140.58984375,320104.125,1,2,3,15
IND70060,43190,2010-01-06,BE41,262723.6875,52633.6796875,3,8438.5498046875,682130.375,410349.8125,161828.09375,125879.140625,83921.890625,1003712.4375,1,4,3,16
IND54963,42471,2012-05-27,BE09,33978.98828125,2841.75,1,337.890014648438,624624.3125,345042.5,112458.296875,123090.71875,1116.82995605469,59761.9609375,2,1,3,17
IND66192,26213,2008-11-16,BE38,80367.546875,58648.80859375,1,2118.94995117188,844227.0625,476645.875,175318.015625,357648.78125,41563.08984375,213113.859375,0,3,3,18
IND63630,8255,2017-11-04,BE15,88949.59375,32072.41015625,1,2317.419921875,430668.4375,585929.25,184010.84375,282214.53125,13363.91015625,1320578.625,1,1,4,19
IND16203,21075,2010-07-24,BE33,45377.58984375,18205.759765625,1,262.640014648438,346595.03125,181819.96875,203210.5625,34011.03125,9638.8095703125,464152.125,3,1,4,20
IND34130,5484,2020-01-13,BE26,146653.890625,28897.48046875,2,3903.14990234375,1242776.375,355410.53125,58117.44921875,112479.609375,19452.970703125,1553903.5,2,2,1,21
IND85584,24313,2015-09-04,BE19,108466,18478.560546875,3,4012.419921875,368031.84375,442832.375,205968.546875,349116.6875,23605.970703125,238047.71875,2,2,2,22
IND69189,16423,2014-05-21,BE21,111485.046875,45239.4296875,1,2997.38989257813,77814.0625,66858.1328125,51872.69140625,62765.94921875,18558.9296875,338631.1875,3,2,3,1
IND92553,12,2004-07-16,BE18,345212.90625,19638.609375,1,11693.580078125,1787302.375,2695701.5,646968.3125,1368697.5,37933.0390625,2459833.75,1,3,4,2
IND72590,25822,2008-05-15,BE13,148807.9375,22553.080078125,3,6165.10986328125,267423.40625,210336.234375,46101.08984375,99924.109375,46611.26171875,1599475.75,0,2,1,3
IND64087,15953,2017-08-15,BE21,156243.59375,27127.75,1,7995.77978515625,1517154.5,1246515.5,820356.375,230339.03125,7300.6201171875,1198755.375,3,4,1,4
IND48810,24487,2014-02-10,BE09,104864.609375,20844.880859375,1,599.049987792969,574790.5625,392429.75,109008.2734375,163979.578125,18180.140625,624287.375,1,1,1,8
IND80350,37710,2015-04-28,BE47,82714.7109375,7845.2998046875,1,3829.69995117188,160324.625,581438.625,103696.0625,287978.75,16438.83984375,663063,1,1,2,9
IND88721,41494,2001-11-14,BE49,215132.1875,53135.671875,1,2355.21997070313,1167192.5,221946.09375,183981.640625,125341.140625,59040.25,112663.2109375,1,4,2,10
IND98982,27184,2019-03-10,BE22,96507.5703125,40549.12109375,1,1005.65997314453,534302.5625,343279.53125,199726.265625,530522.875,4118.39990234375,123400.640625,0,2,3,11
IND65931,377,2004-08-18,BE25,73244.4296875,24085.80078125,1,212,572480.125,1337340.875,327692.8125,535644.875,7864.52978515625,220103.640625,3,2,3,12
IND35242,5395,2021-01-14,BE24,174094.65625,23217.140625,1,4948.10986328125,1014281.0625,2263283.5,1171209.625,283939.21875,61321.69140625,1027002,2,2,3,13
IND52234,29515,2018-09-03,BE08,25752.16015625,19591.19921875,1,1050,160025.3125,73467.2734375,32535.5,60830.8984375,21019.599609375,534722.4375,0,1,3,14
IND46113,10403,2012-03-08,BE45,391452.5,38522.83984375,1,7426.31982421875,1768136.25,1972356.375,1116139.625,326126.84375,94730.5625,2198522.5,3,4,3,15
IND33767,2872,2021-08-16,BE45,84116.109375,14898.8701171875,3,2470.82006835938,75179.0078125,721069.1875,215157.75,249117.78125,27835.609375,739920.75,3,1,3,1
IND26283,22191,2013-01-25,BE40,65659.828125,40530.55859375,1,875.840026855469,600506.375,1526188.75,1013184.125,164289.734375,34518,1402846.625,0,2,3,2
IND67517,3874,2019-03-17,BE07,74280.1484375,28989.029296875,1,2928.38989257813,50051.62109375,123393.78125,161361.09375,73656.6015625,23082.640625,275544.03125,0,2,4,3
IND56906,23933,2005-08-29,BE34,43305.87109375,17371.529296875,1,2620.1298828125,263693.78125,573778,222932.84375,125427.140625,22260.259765625,270197.25,0,1,4,4
IND28225,33191,2009-03-07,BE22,264000.625,28646.400390625,2,3460.61010742188,1428395.5,0,0,0,37996.19140625,0,2,2,1,5
IND71712,32933,2010-12-26,BE43,83258.96875,17045.33984375,1,228.820007324219,524549.75,149999.46875,96710.1796875,101664.109375,16219.009765625,74362.90625,1,1,2,6
IND41594,24345,2013-08-14,BE41,175867.546875,22703.140625,1,3466.68994140625,305921.90625,505169.75,354590.3125,98362.3828125,22269.669921875,106907.1796875,2,1,3,7
IND87812,32116,2010-02-14,BE06,40137.55859375,22634.5,1,411.809997558594,173313.546875,798969.5625,418507.875,143760.171875,14716.2998046875,459472.96875,2,1,4,8
IND97969,27544,2012-05-07,BE19,463124.75,7630.77001953125,1,643.799987792969,560115.5625,965827.875,260773.53125,874267.4375,81159.6875,1882715.625,3,4,1,9
IND96593,4017,2014-04-14,BE23,88949.5390625,27995.099609375,2,4221.27978515625,346791.75,1620734.125,719200.75,361322.40625,8257.2001953125,1128023.625,1,1,1,10
IND73558,42660,2000-12-13,BE22,157704.75,24987.599609375,1,3820.5,302979.15625,125832.4921875,93954.921875,76036.3828125,15133.5,750982.0625,0,4,1,11
IND43779,19833,2008-09-08,BE26,432677.40625,60611.94140625,1,6432.43994140625,547731.625,288457.59375,94835.3671875,79108.5,15452.669921875,2979852.75,0,4,2,12
IND96346,33992,2005-10-20,BE13,93157.5,39555.5390625,2,2345,86419.078125,80956.109375,82283.2578125,61526.640625,7154.240234375,404995.65625,2,2,2,13
IND87222,43342,2019-04-01,BE17,21193.439453125,20000,1,957.659973144531,376712.375,76925.9921875,68184.3984375,21923.91015625,621.280029296875,550777.6875,1,1,3,14
IND78803,19738,2004-06-16,BE47,98188.953125,25787.580078125,1,3809.26000976563,295355.3125,524154.78125,407675.9375,130297.46875,694.210021972656,768445.1875,3,1,3,15
IND31057,31136,2020-07-18,BE12,146247.265625,5915.580078125,2,821.630004882813,746732.9375,345229.21875,178465.953125,75306.78125,60025.23046875,1467341.75,2,2,3,16
IND59891,9837,2010-10-15,BE27,267724,31469.900390625,1,7280.66015625,470702.78125,1932207.625,782986.0625,436704.1875,38257.62109375,853877.4375,0,3,3,17
IND92500,10656,2014-06-29,BE05,168060.9375,18416.94921875,1,11596.1298828125,1813386.625,3363785.25,919434.6875,1574475.75,56295.078125,3269918.5,1,4,3,18
IND47276,10398,2001-06-07,BE19,256280.34375,32313.9609375,3,2217.2099609375,1661220.25,2470522.75,1160648.25,397936.5625,57061.69921875,1770913.875,0,2,3,19
IND19673,1860,2017-08-01,BE18,123468.2890625,19172.33984375,1,1819,412041.53125,74734.71875,91466.3828125,11243.669921875,12308.8896484375,202210.015625,1,2,3,20
IND83985,20166,2018-07-29,BE12,119228.8125,53847,1,7809.5400390625,1252648.25,1006135.4375,475502.375,239267.28125,36279.5390625,1889471.75,1,3,4,21
IND72250,6149,2018-04-17,BE17,167784.4375,9279.1396484375,3,2520.92993164063,1611814.5,930896.875,491513.5625,255735.984375,20219.689453125,897231.25,1,4,4,22
IND61248,42057,2021-06-28,BE35,75219.8125,7047.0400390625,2,3300.48999023438,795305.3125,410358.75,424269.21875,249553.765625,20209.990234375,449072.375,3,3,1,1
IND52506,36792,2013-10-20,BE06,362707.6875,33908.94140625,2,320.019989013672,1309449.75,139803.125,96530.7265625,58717.30859375,11050.5498046875,693531.4375,0,4,2,2
IND45460,13556,2020-08-12,BE23,205453.171875,26306.2109375,1,7043.169921875,976071.0625,560116.25,342293.25,137539.65625,56689.171875,1733217.75,2,3,3,3
IND29763,2484,2007-11-12,BE08,237293.140625,38780.69921875,1,6009.35986328125,248078.875,1568223.25,914796.875,250915.703125,53613.83984375,1357097.25,1,2,4,4
IND72578,4270,2021-02-24,BE16,502062.25,27454.529296875,2,402.359985351563,1188446.5,1182517.875,757550.5,169617.40625,76815.3203125,2121779.75,0,5,1,8
IND38948,3749,2006-06-23,BE35,19083.609375,17983.6796875,3,134.350006103516,98574.2265625,49572.12890625,18136.140625,30468.720703125,20449.359375,537001.3125,1,1,1,9
IND46699,42304,2020-02-17,BE03,290195.5,43594.87890625,2,1423.07995605469,509327.84375,259910.40625,175361.234375,108849.21875,4781.85986328125,563496.4375,2,2,1,10
IND78763,8115,2003-07-25,BE47,35664.828125,3723.71997070313,2,613.549987792969,58257.91015625,329098.5,110854.2265625,252054.8125,14452.4599609375,220074.046875,3,1,2,11
IND51658,26185,2010-10-03,BE20,355808.1875,51314.8984375,1,824.02001953125,516292.59375,930137.375,549626.625,421098.5625,53762.51171875,812144.9375,1,4,2,12
IND95154,5907,2001-10-28,BE26,62120.6015625,21625.390625,1,396.489990234375,72333.8203125,306455.375,206857.375,58711.73828125,17257.390625,747957.9375,1,1,3,13
IND94518,16444,2021-08-07,BE12,61674.80078125,40720.3203125,1,5864.2001953125,193193.546875,269765.9375,84025.4609375,165883.953125,47141.08984375,2137968.5,0,2,3,14
IND94947,24588,2001-09-04,BE08,152758.546875,6696.93017578125,2,6555.080078125,1246385.75,1027108.375,717871.4375,467720.875,61272.109375,1238030,2,5,3,15
IND70766,40813,2008-12-17,BE22,157986.734375,37394.23828125,1,3711.2099609375,119599.8984375,377600.3125,107356.953125,262839.4375,47688.7890625,412451.78125,2,2,3,1
IND31616,40938,2009-04-28,BE18,90161.2890625,17818.08984375,1,538.929992675781,197642.6875,156466.453125,102448.2734375,55322.0703125,1549.9599609375,123404.0703125,3,1,3,2
IND63272,32408,2021-09-16,BE20,114141.0078125,60781.55859375,1,478.380004882813,1883366.25,604937,252809.484375,186717.875,85246.1875,2142425.5,3,3,3,3
IND89040,14700,2020-10-02,BE20,133962.1875,9026.1396484375,1,6.98000001907349,535746.75,881345.75,144010.75,501157.375,44839.30859375,1431701.625,0,1,3,4
IND59471,10684,2002-05-15,BE24,387252.6875,58563.48828125,1,1020.35998535156,674467.875,496839.125,246221.15625,174113.53125,60152.80078125,1171442.875,1,3,4,5
IND86960,17955,2010-10-30,BE42,111258.890625,17480.9609375,1,1525.56005859375,35610.828125,103857.78125,134690.5625,31449.4296875,2536.0400390625,283934.71875,0,1,4,6
IND29637,18608,2000-11-03,BE41,101574.3671875,11630.51953125,1,368.130004882813,109020.3203125,310314.53125,334184.875,40738.73046875,19053.6796875,98511.1015625,3,1,1,7
IND76975,11595,1999-10-28,BE38,129276.65625,28334.69921875,3,3221.44995117188,763880.5,707944.3125,202269.796875,293291.21875,45570.03125,134110.921875,0,1,2,8
IND19165,34241,2007-03-26,BE24,91768.1796875,26449.560546875,2,505.079986572266,804999.125,201402.84375,137019.96875,15435.3798828125,17703.7109375,374106.15625,3,1,3,9
IND21974,2143,2019-01-27,BE46,308772.03125,64428.51953125,1,6579.6201171875,745186.625,1184816.75,417378.625,538822.3125,51389.359375,495486.53125,0,4,4,10
IND17085,42423,1995-10-23,BE02,106018.1796875,30085.359375,2,6850.31005859375,1009636.9375,876584.25,424153.6875,274757.34375,20295.759765625,1372289.625,1,3,1,11
IND59398,21861,2013-07-06,BE41,117804.71875,36002.98046875,1,979.72998046875,124861.890625,756310,283616.25,518244.25,36523.640625,725981.75,0,2,1,12
IND84558,29374,1999-10-03,BE33,138815.8125,21428.55078125,1,1521,464660.4375,1335604.5,214039.1875,719171.625,8841.0703125,1830665.5,1,2,1,13
IND72037,36534,2006-08-05,BE48,70589.9296875,24394.830078125,3,1267.17004394531,425702.46875,66767.0234375,29736.5703125,26633.869140625,34257.16015625,746857.625,1,1,2,14
IND24573,20831,2014-09-19,BE12,148218.46875,39699.51953125,2,3299.81005859375,392489.25,363948.21875,110959.828125,199727.6875,30054.1796875,1122996.125,2,2,2,15
IND23033,26209,2020-03-01,BE37,75632.921875,14030.6396484375,2,762.539978027344,68557.5078125,822783.5625,159454.1875,282233.90625,39104.33984375,577920.25,1,1,3,16
IND82305,34976,2007-01-27,BE29,133697.25,23513.400390625,1,5232.39990234375,725007.125,1168395.25,612400.3125,212728.53125,61147.078125,1336250.875,3,2,3,17
IND84879,18002,2004-09-01,BE42,482954.96875,27744.439453125,2,4984.56005859375,933423.75,505423.78125,581237.375,292471.90625,28669.779296875,962448.4375,2,4,3,18
IND77110,5707,2019-12-03,BE19,86774.8984375,18332.48046875,1,2743.43994140625,398704.8125,113314.34375,26604.240234375,76245.7734375,16493.01953125,524349.9375,2,1,3,19
IND51370,34362,2020-03-12,BE16,126222.109375,35815.5,1,2330.5,277444.6875,1993409.75,859902.25,367673.375,32194.259765625,685516.0625,0,2,3,20
IND73499,2905,1995-06-24,BE22,275122.625,31249.41015625,1,2128.72998046875,655645.8125,361468.59375,418844.5625,158013.40625,25212.599609375,820594.5,2,2,3,21
IND79465,17788,2017-07-17,BE26,136604.234375,48135.05859375,1,6524.490234375,672596.5625,1917355.375,648314.4375,789564.1875,20614.669921875,2790503.5,0,4,3,22
IND35812,2889,2020-09-08,BE39,162026.28125,45881.16015625,1,5472.43017578125,939667.1875,349580.78125,141721.9375,231479.15625,16234.900390625,1275896,1,3,4,1
IND19935,20677,2000-12-04,BE05,177192.75,38444.3984375,2,5375.22998046875,1710554.125,3368735.5,1768586.125,188649.1875,99286.2734375,253296,3,2,4,2
IND43475,34483,2000-02-15,BE11,206725.546875,32434.16015625,1,3162.5400390625,266597.65625,423833.1875,383943,87160.046875,63738.578125,1027509.625,1,4,1,3
IND39658,5695,2002-11-12,BE30,150499.78125,13605.2998046875,1,3702.42993164063,235855.21875,327401.6875,213191.796875,122280.71875,14547.330078125,893165.0625,1,2,2,4
IND42006,18933,2021-07-18,BE25,29624.9296875,2992.1201171875,3,1362.10998535156,122207.2890625,64712.4296875,43544.80859375,12700.5703125,26388.75,173310.8125,1,1,3,8
IND13072,722,2014-07-03,BE14,296513.34375,6427.35986328125,1,6121.10009765625,1272299.625,0,0,0,75612.890625,221965.8125,1,2,4,9
IND50762,20664,1996-02-10,BE21,294401.25,17782.400390625,1,5760.919921875,1008739,711169.75,495278.90625,115946.0703125,45112.51953125,1579400,1,2,1,10
IND79565,18829,2014-03-16,BE29,22120.810546875,13692.2802734375,1,2942.44995117188,620598.3125,674389.1875,172643.625,396217.125,1713.59997558594,402013.15625,2,1,1,11
IND21206,31976,2016-10-18,BE11,372350.09375,61300.80078125,1,7998.830078125,250994.46875,1252548.25,482633.25,379901.3125,9656.16015625,1735367.375,0,4,1,12
IND62941,31952,2021-10-24,BE44,511043.9375,74194.46875,2,10915.6396484375,568505.1875,1059118.625,437981.40625,333264.03125,82615.0234375,1467073.5,0,5,2,13
IND48073,30327,1995-11-07,BE24,143704.1875,22279.94921875,1,2077.14990234375,876345.25,562292.5,328003.96875,206173.9375,21817.490234375,1015410.1875,0,3,2,14
IND18560,37582,2002-01-29,BE11,93560.203125,9736.2998046875,2,1875.30004882813,462439.65625,378215.125,191098.1875,113862.65625,7919.14990234375,92110.4765625,3,1,3,15
IND83480,16811,2020-02-22,BE49,89107.5703125,49996.640625,1,4900.22998046875,447081.6875,2278566,656535.9375,1414641.875,32874.41015625,2058655.625,3,4,3,1
IND85295,8380,2002-01-15,BE14,74607.5078125,22878.6796875,3,4016.60009765625,470549.5,493046.84375,114038.046875,250145.8125,33777.03125,945463.5,3,1,3,2
IND74978,15500,2005-07-16,BE32,77904.109375,33876.05859375,3,3863.73999023438,182644.078125,388086.4375,450865.125,124644.2265625,44133.359375,267832.125,0,4,3,3
IND27629,2577,2002-10-06,BE28,123963.046875,43109.21875,2,158.320007324219,440826.5625,122419.7109375,92351.7109375,77124.421875,15937.6298828125,114037.59375,2,2,3,4
IND71157,24168,2020-08-31,BE35,81361.421875,21465.01953125,1,2307.75,241077.453125,255753.375,162752.140625,169395.09375,43737.48046875,123926.359375,3,2,3,5
IND99483,29899,1999-03-03,BE10,148433.59375,30624,2,3147.67993164063,194129.046875,329957.3125,198615.0625,152164.765625,10127.7802734375,992851.1875,3,1,3,6
IND35166,4487,2006-04-04,BE33,292133.53125,31322.830078125,1,4422.5,965371.125,62216.390625,32885.80859375,38636.37890625,39582,1066529.5,1,3,4,7
IND73212,15931,2003-06-20,BE02,62973.4296875,10720.349609375,2,5428.009765625,146974.296875,288823.40625,136923.703125,78559.96875,56302.48828125,1042143.75,1,2,4,8
IND90377,10629,2016-03-13,BE44,53296.28125,7048.14013671875,1,469.589996337891,329439.0625,175922.71875,220648.84375,90704.5625,10565.5302734375,769853.4375,3,2,3,9
IND33047,1789,2004-03-17,BE23,337917.65625,36312.8515625,1,3451.98999023438,851734.625,803847.875,388064.5,359052.0625,61148.51953125,1893392.875,0,4,1,10
IND20303,2257,2007-12-09,BE32,46797.890625,10413.26953125,1,8042.47998046875,95282.5703125,1491077.375,751318.0625,226551.296875,12126.2998046875,1603067,2,2,2,11
IND82550,32922,2010-12-24,BE46,42230.5390625,11345.1298828125,2,1409.96997070313,156919.109375,15516.8203125,6684.169921875,18906.650390625,6942.60009765625,394471,1,1,3,12
IND15069,26330,2019-08-31,BE35,74824.171875,16606.720703125,1,933.469970703125,264724.375,263951.9375,172013.625,64772.01953125,10286.419921875,511396.78125,3,1,4,13
IND72898,25722,2004-08-16,BE47,104795.3203125,11208.98046875,3,3380.60009765625,203424.734375,489611.5,242748.546875,172063.46875,9191.8798828125,264968.34375,0,1,1,14
IND43567,31780,2008-02-27,BE39,50240.7109375,33252.55859375,3,982.669982910156,1077165.25,537082.875,278487.40625,90707.328125,53554.8515625,1521878.75,1,2,1,15
IND43437,41567,2011-04-16,BE06,253693.5625,16016.6396484375,1,1189.44995117188,259315.609375,361645.84375,186415.375,141675.6875,44948.3984375,897772.375,3,2,1,16
IND62228,23194,2019-07-03,BE17,407571.375,37277.6796875,1,812.030029296875,1194139,72449.0625,63786.6796875,13914.9501953125,44412.23046875,1094267.5,3,4,2,17
IND76373,20953,2003-08-13,BE30,146540.953125,22887.919921875,2,2192.27001953125,623315.9375,249977.3125,131932.484375,226021.15625,31531.91015625,141891.8125,0,2,2,18
IND57417,12723,2013-09-06,BE39,93928.1015625,19666.640625,1,2922.8701171875,446821.21875,458924.75,307630.875,173080.1875,4099.16015625,256757.25,2,2,3,19
IND38378,36192,1995-07-13,BE20,146449.59375,46244.4296875,2,940.469970703125,414681.40625,319150.1875,129385.2109375,62104.8984375,41933.21875,2273413.25,2,2,3,20
IND77256,20949,2019-11-09,BE27,149706.453125,36166.3203125,1,1326.9599609375,1089480.625,71388.9765625,44336.30859375,32658.580078125,31755.380859375,1158408,2,2,3,21
IND53599,6904,2019-08-03,BE37,26707.689453125,8541.259765625,2,219.490005493164,144677.609375,191567.375,136370,160072.40625,12880.509765625,55336.37109375,2,1,3,22
IND80666,41327,2008-03-24,BE36,156845.15625,50036.26953125,2,4489.169921875,1275318.625,2140826.25,982895.0625,396254.8125,98999.390625,1615706.375,1,2,3,1
IND38255,1849,2018-09-03,BE28,164004.75,3279.5,1,1416,892576,575717.5,189986.78125,277726.125,29947,463893.5,3,2,3,2
IND65519,23779,2019-06-23,BE02,185865.953125,17603.16015625,1,2595.57006835938,1092209.25,1448756,707789.1875,382206.15625,34482.6484375,179563.90625,3,2,3,3
IND59539,6258,2016-01-29,BE23,413015.125,53907.37890625,1,3046.92993164063,483023.84375,46434.05859375,47007.3203125,9286.8095703125,41929.05078125,1116113.375,2,4,4,4
IND85074,30570,2016-04-26,BE07,114440.953125,39806.55859375,1,3792.40991210938,220084.75,544268,294198.90625,498667.15625,22989.669921875,593855.6875,1,2,4,8
IND67670,39681,2016-04-06,BE24,163181.15625,32889.55859375,1,3657.23999023438,599145.375,426895.03125,235154.046875,122822.7578125,5290.64990234375,257602.640625,0,2,3,9
IND46130,34558,2018-09-25,BE32,128079.3671875,31635.529296875,1,6381.31982421875,183650.28125,1011443.25,382533.03125,210004.15625,42183.9296875,610424.625,3,1,1,10
IND20451,2267,2015-11-20,BE19,181474.515625,37963.25,3,4394,926943.875,571620.9375,351766.75,49247.33984375,70674.109375,1686633.5,1,2,2,11
IND78694,11720,2003-08-28,BE27,246394.296875,35706.5390625,1,4524.56005859375,339448.25,1325711.625,506889.75,500651.125,19861.19921875,431800.15625,0,2,3,12
IND42335,26061,2018-11-12,BE35,139337.046875,9522.6298828125,1,304.589996337891,553308.3125,279570.09375,71163.2890625,137243.484375,37847.671875,927484.25,2,1,4,13
IND15060,36547,2015-01-30,BE04,396219,7217.2099609375,2,8639.900390625,1377169.25,1373494.5,755421.9375,202361.515625,69776.6171875,687064.5625,2,4,1,14
IND19481,37012,2020-08-18,BE09,86385.4296875,11743.33984375,1,2450.3701171875,994548.8125,1040580,699700.3125,110516.7734375,36387.26171875,1140703.75,2,2,1,15
IND36189,13041,2006-11-25,BE34,71898.2421875,14226.2998046875,1,2691.56005859375,622949.75,571028.5,351753.5625,73548.46875,21108.259765625,671717.8125,3,1,1,1
IND65594,19864,2006-04-24,BE27,56041.921875,10032.3203125,1,2562.96997070313,51079.4296875,293506.375,105434.328125,172342.390625,21220.970703125,401454.4375,2,1,2,2
IND17557,29315,2013-09-11,BE40,82530.0703125,45451.69921875,1,3140.53002929688,727372.625,358100.59375,326688.25,162841.53125,33681.19140625,538444.125,0,2,2,3
IND79396,16915,2013-05-03,BE19,150098.375,5591.8798828125,1,2055.53002929688,956521.4375,1207014.625,359536.25,536222.625,49878.640625,466198.1875,3,1,3,4
IND25908,36071,1995-06-21,BE20,156938.296875,46310.3984375,1,4860.31005859375,723968.625,1619690.625,828678.9375,260406.0625,53990.109375,587197.25,3,2,3,5
IND47180,30027,1996-10-23,BE27,53693.890625,10342.6103515625,1,129.199996948242,653263.3125,553673.875,422390.375,118725.9375,28402.26953125,77920.421875,2,1,3,6
IND67526,32125,2016-07-29,BE29,133956.90625,66262.140625,3,2796.77001953125,603502.5625,1194875.5,926364.1875,403706.8125,68102.2265625,579642.75,0,4,3,7
IND54629,6166,2007-10-03,BE40,254879.140625,44810.671875,1,8013,824821.1875,1755886.5,593368.5,531125.375,42845.41015625,1274763,2,2,3,8
IND96473,42748,2013-04-10,BE12,276078.125,28839.580078125,1,3502.88989257813,316820.375,95358.5,105953.890625,55398.75,4418.68017578125,301499.125,2,2,3,9
IND43465,10813,2002-06-17,BE13,99008,13014.7998046875,1,1651.68005371094,266807.6875,89360.5078125,35744.19921875,16649.880859375,24105.599609375,1040611.125,1,1,3,10
IND88769,11425,2016-03-28,BE15,135470.953125,24159.80078125,1,1588.09997558594,172132.984375,607089.9375,206762.515625,270462.96875,38316.390625,661025.125,3,1,4,11
IND69918,10548,2021-07-15,BE32,212962.84375,11049.01953125,2,1721.27001953125,1020310.4375,301090,129737.9609375,113900.140625,10271.75,227929.546875,1,2,4,12
IND97771,40115,2002-03-15,BE15,503138.53125,55930,1,1173.58996582031,121454.671875,774807.125,528277.5625,218354.734375,24233.859375,1022501.9375,3,5,1,13
IND94851,41382,2019-05-03,BE10,128959.859375,25110.869140625,1,3790.96997070313,806945.25,245076.8125,181912.6875,85600.0234375,41412.80859375,797732.5625,0,2,2,14
IND53003,36032,1999-06-21,BE26,132501.203125,14717.400390625,2,3371.3798828125,133394.921875,251158.75,68738.1796875,166293.53125,11044.0703125,795994.875,1,1,3,15
IND18812,32331,2004-03-24,BE03,41442.1015625,2332.1298828125,1,896.52001953125,220650.09375,58475.921875,53797.8515625,34734.69921875,7419.85009765625,75226.4609375,0,1,4,16
IND48530,2392,2007-10-23,BE20,53797.078125,10630.400390625,3,2190.22998046875,598368.75,373578.96875,383036.65625,72776.96875,27516.01953125,653279.0625,1,2,1,17
IND85022,39147,1996-06-14,BE10,514507.78125,47984.5,1,3730.419921875,1236855.5,1284147.625,791393.3125,786017.8125,12251.73046875,750199.625,1,5,1,18
IND52278,9456,2010-02-22,BE02,33978.421875,19861.44921875,1,1037.14001464844,657151.125,473402.125,136760.609375,179682.40625,19459.439453125,316231.96875,0,1,1,19
IND46035,5889,2014-03-11,BE15,104500.25,16395.900390625,1,4071.01000976563,1156725.625,687505.0625,164114.125,220755.671875,17851.19921875,499874.125,3,1,2,20
IND88500,20737,2018-11-26,BE03,96229.96875,57912,1,10491.4404296875,838614.5,1785745,499403.28125,1176170.375,35061.51953125,1283849.875,2,5,2,21
IND59334,4409,2005-03-21,BE40,92773.75,4323.5400390625,1,3337.90991210938,195565.5625,3017361.25,1382146.125,508084.6875,31080.740234375,1310289.375,2,2,3,22
IND43447,20250,2001-03-14,BE03,69441.3671875,4001.18994140625,1,1463.08996582031,31365.7890625,93106.1484375,109895.78125,32480.310546875,7873.89990234375,374900.40625,3,1,3,1
IND89715,4392,1996-09-06,BE15,159584.921875,29373.759765625,1,5558.2099609375,674240.1875,815830.625,384316.90625,339210.25,43670.83984375,316959.21875,3,2,3,2
IND15214,30152,2021-12-26,BE46,36326.859375,18414,1,3041.28002929688,751165.625,782751.875,334611.5,136712.6875,12228.8896484375,631723.0625,3,1,3,3
IND40338,15607,2002-03-07,BE41,181136.140625,30762.9609375,2,2454.61010742188,256129.09375,573794.8125,558891.0625,137859.796875,43285.01171875,1123611.875,0,2,3,4
IND51774,9282,2019-06-12,BE13,141030.8125,23341.140625,1,4405.6298828125,1036262.0625,645661.4375,218963.4375,287684.28125,25856.94921875,1771415.75,2,2,3,8
IND57665,23628,2016-04-09,BE21,387437.28125,17359.55078125,1,5189.06982421875,375623.84375,518662.84375,304043.75,259987.203125,56830.578125,111184.5625,2,4,3,9
IND66976,24295,2003-06-21,BE24,156417.859375,7530.169921875,2,2824.7099609375,417821.90625,490114.96875,207927.5625,278523.9375,11971.1298828125,670583.625,2,2,4,10
IND40082,18576,2012-09-12,BE34,212764.953125,41923.37109375,1,11015.8095703125,134687.9375,1816438.375,491238.0625,475358.5,93046.203125,2889635.25,2,2,4,11
IND46584,11654,2020-02-16,BE14,49412.96875,4016.32006835938,2,764.02001953125,664358.25,103189.390625,47023.01171875,14446.51953125,20289.349609375,823954.9375,1,1,1,12
IND25515,36896,2013-09-23,BE37,152124.828125,31244.16015625,1,7548.22021484375,302888.8125,939245.75,278589.84375,315602.5,26011.349609375,1038657.5,2,2,2,13
IND66087,20927,2017-07-22,BE05,129188.71875,48889.94921875,1,7174.27978515625,118555.03125,1234872.75,475822.53125,630804.75,16776.33984375,847056.375,1,2,3,14
IND94271,16959,2016-06-16,BE15,281404.0625,51578.80078125,3,3347.18994140625,68567.7265625,315547.375,382481.65625,115700.703125,904.599975585938,495709.375,3,2,4,15
IND13684,19141,2019-09-18,BE07,42385.16015625,8084.52001953125,1,2287.9599609375,540733.625,0,0,0,20014.0703125,308688.625,3,1,1,1
IND19447,17367,2015-05-13,BE15,143843.296875,17099.119140625,1,2546.84008789063,283138,1601165.625,785087.6875,136357.328125,18521.599609375,177708.125,3,2,1,2
IND70647,38188,1999-08-20,BE38,215594.515625,7002.18994140625,1,1351.82995605469,733193,44044.2890625,45987.421875,18783.599609375,22722.330078125,69448.296875,3,2,1,3
IND55928,13258,2006-10-16,BE40,444732.625,24804.5703125,2,5173.22998046875,1463959.25,849591.125,335364.90625,356604.6875,2051.0400390625,487926.90625,1,4,2,4
IND49649,26950,2001-03-18,BE41,62223.12890625,5403.25,1,1817.38000488281,19043.330078125,196999.4375,154943.375,54451.53125,17116.9296875,462183.4375,2,1,2,5
IND83150,14661,2009-07-24,BE43,196715.21875,8588.7197265625,1,3537.80004882813,48536.4609375,556830.625,295120.21875,290498.53125,23872.310546875,1159400.75,2,2,3,6
IND86236,38354,2001-02-21,BE31,310375.375,4999.27978515625,1,3255.60009765625,112540.46875,1312646.5,399501.125,845800.9375,85558.53125,1600952.625,1,4,3,7
IND23104,4088,2002-02-21,BE16,238755.40625,18611.44921875,1,4041.82006835938,1129042.75,1505541.5,547469.625,298160.375,17732.4296875,1508409.5,0,2,3,8
IND40705,4579,1995-01-17,BE14,231471.25,34530.6015625,1,687.650024414063,204679.25,544808,442656.5,176381.59375,41004.890625,771749,0,2,3,9
IND16827,25414,2013-04-04,BE14,271912.21875,47987.28125,2,481.799987792969,498543.5,1304703.25,357452.9375,284175.09375,265.950012207031,2400841.5,1,4,3,10
IND61808,12544,2013-12-22,BE35,126670.71875,39311,1,3014.13989257813,347595.625,425301.03125,396467.0625,298431.5625,41444.26953125,1105772.375,3,3,3,11
IND88808,29644,2008-01-13,BE28,135342.09375,34214.109375,1,5969.93994140625,1170851.5,553783.5625,367182.59375,272317.0625,40414.44140625,1378300.625,0,3,3,12
IND63102,7629,2015-02-01,BE42,133539.265625,21502.919921875,2,2129.10009765625,0,724809.5,126714.953125,353534.71875,18185.69921875,550483.5625,0,1,4,13
IND12601,4796,2011-04-13,BE07,168781.140625,66158.8984375,1,131.199996948242,1150087.25,1056468.625,215605.84375,251540.15625,74636.3828125,3207843.75,1,4,4,14
IND82367,32900,2017-11-01,BE45,329938.28125,23935.51953125,2,4935.2001953125,320711.875,603889.375,578008.375,313159.78125,41533.7890625,467754,0,4,1,15
IND25359,17167,2014-02-05,BE42,312138.71875,50900.3984375,1,4689.5,642511.3125,1136736.25,329055.21875,255466.515625,70299.8828125,2739484.5,3,2,2,16
IND18267,40243,2011-03-23,BE42,214088.859375,45225.6796875,1,9075.0595703125,1117489.875,393421.8125,106604.6171875,79496.59375,36316.25,289815.53125,1,4,3,17
IND87428,18989,2011-10-06,BE36,441082.46875,27620.740234375,2,1212.17004394531,748824.4375,1119155.375,395563.5625,654609.4375,46764.16015625,1633122.5,1,3,4,18
IND58778,12017,2002-02-04,BE42,158330.421875,59844.16015625,2,5084.35009765625,604161.375,270036.5,191638.8125,219513.546875,19726.029296875,1227061.5,3,5,1,19
IND40038,25572,1999-01-25,BE24,100215.75,25225,2,974.099975585938,523111.1875,22559.0390625,12783.4599609375,18114.91015625,5793.2998046875,118789.203125,1,2,1,20
IND76909,15123,1996-08-24,BE42,402994.125,18494.83984375,2,987.710021972656,1850625.875,3049414.75,1716707.625,569224.0625,82132.6015625,3119551,3,4,1,21
IND62606,18166,2021-02-13,BE38,70434,29576.9609375,3,4446.18994140625,410803.125,475859.8125,333648.84375,198384.3125,23860.130859375,990659.8125,0,2,2,22
IND51619,37029,2007-12-07,BE23,426222.375,25667.880859375,2,7175.72998046875,1282623,1003542.5625,558575.5625,322175.03125,70054.890625,1080812,2,3,2,1
IND65893,23860,2019-10-16,BE13,326034,14790.8701171875,2,6771.97998046875,1331344.75,1020870.625,938731.625,225295.578125,41971.62109375,1218304.75,2,4,3,2
IND95530,27979,2014-12-28,BE36,129752.453125,5854.8798828125,1,1335.65002441406,315975.65625,12299.169921875,11004.51953125,12899.01953125,10561.9404296875,295619.21875,2,2,3,3
IND89861,10652,1996-01-17,BE41,401797.90625,34974.1796875,1,4459.5400390625,1464990.625,1484238.125,766856.375,549910.25,1841.93994140625,1513425.375,2,3,3,4
IND92174,20617,2021-05-25,BE39,354870.28125,18874.439453125,1,5838.330078125,861398.5625,495556.40625,282351.90625,349713,34401.87109375,352937.25,2,3,3,8
IND36400,27322,2019-01-02,BE14,385996.96875,61463.578125,1,2298.02001953125,639113.1875,348199.40625,528995.25,98433.296875,33124.44921875,965780.125,3,3,3,9
IND16810,35647,2006-03-20,BE33,62697.3984375,6794.47998046875,2,5844.52001953125,1398294.5,423507.0625,90306.6484375,117180.671875,30112.140625,284386.78125,1,2,3,10
IND62400,31073,2019-03-13,BE07,96671.0703125,18183.900390625,1,771.330017089844,174294.109375,287273.5,83671.890625,181568,38277.75,460135.40625,3,1,3,11
IND25291,13407,2019-12-13,BE24,36835.640625,13692.2802734375,1,947.070007324219,315059.21875,186137.9375,90160.5625,122414.78125,7164.9501953125,111986.203125,3,1,4,12
IND94530,27744,1999-07-30,BE05,218888.3125,26806.80078125,1,8544.4296875,1424014,914426.9375,431812.71875,245879.234375,95534.3125,1383168.125,1,4,4,13
IND29475,22107,2006-01-11,BE17,63676.05078125,24191.08984375,1,9553.0400390625,920096.125,1388245,293291.21875,437981.53125,39903.62890625,2453030.75,1,3,1,14
IND97275,32611,2006-03-08,BE41,140115.828125,42267.12109375,1,6843.39990234375,120706.4296875,511243.375,252167.34375,114718.8671875,74845.609375,2123424.5,1,2,2,15
IND73731,6771,2016-10-03,BE46,148213.625,46366.1015625,2,5667,251193.40625,246249.984375,194015.125,56363.87890625,48422.51171875,449261.75,3,2,3,1
IND36600,21191,2013-05-10,BE44,221981.8125,34944.75,2,5115.14990234375,376658.90625,1048812.625,262203.15625,496243.75,24860.51953125,1248586.625,2,3,4,2
IND50412,1879,2001-09-16,BE13,71822.34375,2133.82006835938,3,1422.4599609375,325091.96875,30069.150390625,22156.2109375,14274.9296875,12464.9404296875,371283.625,3,1,1,3
IND77616,6945,2020-07-07,BE34,257023.828125,9653.490234375,3,5757.7001953125,491066.59375,1528492.25,738771.25,567070.625,6308.06005859375,1904155.375,1,2,1,4
IND25120,6695,2008-04-13,BE05,47361.01171875,22384.7890625,1,2098.86010742188,519939.71875,153203.859375,104973.0234375,22129.44921875,11768.8896484375,608738.375,3,1,1,5
IND89792,3261,2004-01-17,BE01,112050.5625,16531.19921875,1,2087.57006835938,611149.25,705779.6875,464328.75,181088.203125,11029,822936.5625,1,2,2,6
IND15721,34251,2001-07-05,BE30,67982.4609375,8794.0498046875,1,3555.4599609375,1042319,694986.0625,418410,151194.9375,61585.58984375,148679.484375,2,2,2,7
IND91267,28304,2012-12-23,BE28,353467.78125,4487.81005859375,2,3036.94995117188,909814.5,320802.15625,217980.953125,228098.546875,26363.419921875,763016.5625,3,3,3,8
IND14935,31743,2013-01-08,BE35,282954.625,18883.900390625,1,4110.580078125,372766.6875,74733.109375,32414.359375,29965.279296875,16825.1796875,171225.34375,3,2,3,9
IND49907,18553,2012-11-21,BE11,215582.046875,31198.119140625,1,7470.39990234375,0,851935.5625,494426.875,218308.484375,73963.140625,1412228.125,3,4,3,10
IND18734,31500,2016-09-18,BE21,125473.53125,35375.1484375,2,8807.259765625,811683.0625,2683281.75,1092479,453282.9375,44597.55859375,2919601.25,1,5,3,11
IND16744,4760,2011-12-17,BE09,215060.453125,30716.630859375,2,1391.16003417969,348258.125,183267.921875,107077.8828125,52385.80078125,6188.7001953125,1071917.625,2,2,3,12
IND19548,35127,2021-07-14,BE24,88444.0703125,3905.80004882813,3,4093.88989257813,88278.9296875,676061.1875,448658.78125,92927.6796875,42047.41015625,1626845,1,2,3,13
IND15167,4134,2015-09-11,BE38,218904.125,19883.560546875,1,4424.85009765625,354944.90625,841209.1875,424940.71875,229988.3125,13695.3701171875,181543.703125,1,2,3,14
IND32618,11661,2013-07-16,BE19,202276.0625,6943.759765625,2,1574.34997558594,586072.0625,962053.5625,638604.5,127803.84375,13086.6298828125,1527720.875,3,2,4,15
IND93058,4189,2011-03-03,BE28,43011.55859375,19921.5,2,848.539978027344,165875.796875,12790.9404296875,5513.33984375,19682.609375,10782.7802734375,254816.765625,2,1,4,16
IND70754,11100,2010-05-18,BE39,202863.46875,43941.9609375,3,740.599975585938,878129.75,45080.55859375,32962.12890625,15511.58984375,23859.279296875,263453.75,0,2,1,17
IND92418,34167,2007-01-06,BE22,310933,8570.51953125,1,3439.77001953125,179299.109375,635861.0625,289877.84375,767802.25,5633.75,940255.75,0,3,2,18
IND92115,15173,2010-03-02,BE18,140387.59375,55330.30078125,1,332.279998779297,1267435.25,2796610.75,988135.75,1042762.875,32027.75,2487114.75,2,2,3,19
IND24672,27249,2005-04-22,BE33,262799.90625,58301.87890625,1,8892.6201171875,1557602.375,247721.875,61514.828125,62844.87890625,87239.0234375,1867597.5,1,3,4,20
IND54908,25451,2001-05-19,BE34,115893.21875,3897.32006835938,1,2213.65991210938,479711.5,61914.640625,16776.869140625,19924.529296875,169.139999389648,409422.03125,0,1,1,21
IND37750,11581,2011-08-25,BE22,136105.546875,42499.80078125,1,8163.02001953125,1495246,2146327.25,588509.0625,811103.9375,56098.48828125,273110.625,0,3,1,22
IND59881,32372,2017-08-11,BE09,172611.65625,20654.189453125,2,691.179992675781,62672.0703125,32128.279296875,24800.779296875,28723.810546875,22005.810546875,193132.1875,0,2,1,1
IND32319,8062,2009-02-07,BE08,238307.984375,31326.9609375,2,5725.2998046875,109711.8671875,1395620,988564.1875,116883.1796875,2954.52001953125,432897.375,3,2,2,2
IND58635,39991,1995-03-20,BE09,23597.6796875,4617.33984375,3,1786.93005371094,309177.90625,104217.46875,46187.2890625,65017.48828125,15891.990234375,260989.40625,0,1,2,3
IND55883,21128,2017-09-27,BE16,183024.40625,22223.25,1,1303.22998046875,235700.9375,2006627.375,818492.75,436441.46875,78315.078125,1728187.625,3,3,3,4
IND26855,28563,2016-04-15,BE21,40981.62890625,5466.72021484375,2,2242.78002929688,0,331611.65625,172619.765625,174618.515625,3762.2900390625,285859.4375,1,1,3,8
IND89144,42583,2020-03-21,BE38,91420.578125,42986.578125,2,5813.52001953125,375074.90625,536225.4375,272302,170084.015625,45547.171875,2725502.75,0,4,3,9
IND36784,8100,2001-04-11,BE24,376968.375,12973.5,1,10157.2197265625,1144148,1016581.375,264589.65625,306506.25,12775.3701171875,1491093.25,3,3,3,10
IND47240,42734,2004-06-05,BE10,327029.21875,25006.880859375,1,2560.8798828125,549067.875,905498.8125,796042.9375,159208.578125,15846.2099609375,1509686.875,3,3,3,11
IND34868,23304,2016-06-29,BE17,39044.98828125,17828.369140625,1,1543.78002929688,59876.890625,39778.78125,57308.41015625,6978.14013671875,4056.72998046875,383326.125,2,1,3,12
IND53254,20632,2015-01-14,BE42,121504.3828125,40011.83984375,1,6995.08984375,1228216,674893.25,364660.0625,152667.375,38104.69921875,1091008.75,2,2,3,13
IND26959,24495,2015-03-30,BE45,152363.875,19332.119140625,1,1856.22998046875,747292.875,871947.6875,444871.28125,275820.1875,47592.16015625,1323280.375,1,2,4,14
IND13792,22655,2020-01-28,BE38,194156.8125,25462.80078125,2,6404.31005859375,1694406.75,129195.6875,78691.921875,19766.939453125,48734.73046875,516239.46875,0,4,4,15
IND83479,7059,1995-03-01,BE08,56797.44140625,18400.80078125,1,20.1299991607666,310733.0625,26910.5703125,26119.080078125,14935.3701171875,24534.669921875,95254.3984375,3,1,1,1
IND84488,6059,2015-11-25,BE20,408120.1875,18073.380859375,1,5415.009765625,329166.03125,328323.96875,138578.296875,83573.3671875,23624,1307746.5,1,3,2,2
IND36106,8760,2018-12-15,BE49,166689.875,31920.689453125,1,1222.31994628906,628951.875,49633.48046875,35205.140625,15755.740234375,23300.630859375,1122124.125,3,2,3,3
IND49489,42214,2002-10-03,BE23,57164.171875,21107.25,1,2038.51000976563,65968.9921875,1157983.5,201713.25,447205.75,20836.279296875,310994.46875,1,1,4,4
IND71209,42164,2020-03-06,BE27,66959.859375,22881.779296875,1,774.880004882813,890834.875,567479.875,140942.71875,229959.1875,1853.10998535156,585921.25,2,2,1,5
IND33607,20573,2021-07-21,BE06,129727.96875,12115.650390625,1,4535.97998046875,592524.625,1298008.5,547459.375,228166.9375,76994.5625,1050664.625,1,2,1,6
IND36407,6904,2020-06-19,BE49,203298.546875,35660.078125,1,497.679992675781,471372.3125,302699.03125,210350.171875,211889.3125,24361.55078125,283947.15625,0,2,1,7
IND90197,20306,2014-05-02,BE26,31634.7890625,15708.8095703125,1,2247.59008789063,139653.09375,284516.15625,248501.453125,130625.328125,4096.5,688482.125,2,1,2,8
IND21018,27682,2008-11-17,BE06,305348.03125,51505.83984375,1,7415.9501953125,239042.40625,1291352.75,484257.28125,431734,77112.7265625,641559.75,3,3,2,9
IND77703,11892,2019-06-15,BE49,19662.720703125,24617.599609375,3,175.339996337891,810408.875,283729.3125,97588.4296875,88118.7265625,4629.10986328125,1028344,1,1,3,10
IND70508,26691,2015-04-02,BE29,105509.9921875,42235.51953125,1,4025.57006835938,1328738,528227,126143.7734375,268055.5,49428.62890625,1459059.75,1,2,3,11
IND35314,33931,1995-01-17,BE45,93027.8125,27700.419921875,1,1406.10998535156,36983.6484375,642034.6875,131564.484375,272338.46875,7690.9501953125,789869.1875,0,1,3,12
IND65265,38911,2007-10-09,BE08,287612.71875,40792.80078125,2,3400.6201171875,1092748.5,497932.03125,173193.75,349634.875,20724.3203125,119395.71875,2,2,3,13
IND65658,6213,2014-11-18,BE10,337642.84375,25559.55078125,1,380.899993896484,869897.4375,257445.0625,222215.75,46827.8984375,46891.01953125,660501.875,0,3,3,14
IND28776,13921,2013-05-21,BE31,136612.5,7610,1,2770.52001953125,781474.875,624483.375,509635.875,133223.125,2622.17993164063,73545.890625,3,2,3,15
IND66161,42392,2010-08-14,BE01,74853.5,27744.2890625,2,2065.56005859375,41043.828125,226872.984375,112290.671875,112199.0078125,36351.44921875,220870.875,1,2,3,16
IND15278,27177,2018-06-23,BE39,60765.19921875,27461.0390625,1,4526.7900390625,662455.375,904884.8125,331055.40625,210404.109375,59849.609375,1808460.875,3,2,4,17
IND22373,11311,2008-11-03,BE06,256845.421875,74548.3984375,1,12549.8203125,1575353.25,3386869.5,1089482.5,741795.4375,66039.3984375,1291547.75,3,5,4,18
IND60609,13037,2017-12-24,BE10,139304.5625,15802.16015625,1,531.950012207031,234198.359375,184050.28125,112981.359375,63014.44140625,31654.169921875,1097467.125,3,2,1,19
IND24232,12655,1995-04-06,BE32,162100.546875,23201.509765625,3,2074.35009765625,201708.59375,204249.015625,300592.875,50869.55859375,1915.5,245486.359375,3,1,2,20
IND89674,7551,2019-02-14,BE38,25072.560546875,12405.91015625,1,1304.77001953125,111518.4296875,33252.21875,12250.8203125,36857.46875,2117.60009765625,449389.4375,3,1,3,21
IND62679,17215,2003-03-29,BE23,351000.8125,48637.6015625,1,6601.7998046875,382440.46875,845860.8125,260264.875,622404.8125,31525.890625,717931.625,3,4,4,22
IND45614,34979,2009-09-05,BE32,206314.578125,28171.080078125,1,4469.509765625,312920.53125,350286.78125,135594.875,188024.90625,4690.06005859375,870305.4375,2,2,1,1
IND35674,12191,2016-02-08,BE42,121719.6328125,24659.51953125,1,4550.14013671875,217964.03125,271006.125,66057.7421875,72324.75,3055.6201171875,296392.1875,3,1,1,2
IND90385,40548,2005-12-04,BE07,191665.015625,19524.83984375,3,1458.38000488281,246196.359375,240122.71875,198039.359375,57926.51171875,17416.080078125,972737.1875,3,2,1,3
IND64752,7727,2021-08-25,BE07,97563.078125,9176.759765625,1,2519.69995117188,765725.4375,1259138.5,718241,160052.46875,40524.359375,1204313.625,2,1,2,4
IND48640,22625,2021-05-09,BE03,91093.4375,1758.51000976563,1,1008.15997314453,332428.15625,32106.0703125,26834.919921875,17078.509765625,4242.830078125,352941.6875,2,1,2,8
IND20725,9069,2021-06-17,BE19,94763.8515625,54354.30078125,2,5371.77001953125,722990.9375,1233460.625,842074.0625,196049.078125,54034.83984375,1761769.875,3,3,3,9
IND87256,7825,2013-04-17,BE06,260184.046875,18881.83984375,3,6592.2998046875,689413,2435334.25,595693.25,1318234.25,44074.48046875,2616405.5,2,3,3,10
IND65022,26156,2014-03-24,BE11,93421.359375,14248.51953125,2,579.239990234375,369735.4375,146402.015625,48226.55078125,117810.5703125,6313.52978515625,263523.71875,2,1,3,11
IND97042,554,2020-03-26,BE10,161007.265625,12394.3603515625,1,1038.56005859375,244729.890625,247721.875,317257.84375,144330.59375,3366.23999023438,219686.25,1,2,3,12
IND99554,29848,2020-04-10,BE30,259370.6875,56458.62109375,1,10316.5703125,812424.3125,2438133.25,487626.625,1422244.375,44822.5703125,706271,2,3,3,13
IND75060,5897,2012-09-14,BE40,242230.65625,49757.55078125,2,325.239990234375,224641.421875,519093.78125,506432.96875,131672.5625,27583.1796875,799213.25,3,2,3,14
IND62770,35043,2020-03-30,BE23,271898.875,3548.39990234375,2,2907.35009765625,466668.8125,814077.75,415125.75,115318.703125,77605.2421875,2260098.5,0,2,3,15
IND67268,18798,2016-05-12,BE02,212867.65625,33481.5,2,3374.63989257813,576469.625,95070.7890625,51038.01171875,47565.421875,5204.91015625,336494.28125,1,2,4,1
IND57973,24721,2017-06-12,BE26,165420.578125,12589.419921875,2,9621.16015625,1772435.625,2604861,907754.5625,948406.1875,64273.44140625,2187287.25,0,5,4,2
IND89653,13410,2004-03-15,BE22,21380.400390625,24069.9609375,2,1846.21997070313,575073.5625,308369.875,235251.234375,96707.328125,9708.650390625,343847.84375,0,1,1,3
IND21489,3579,2007-03-07,BE10,237510.453125,24532.19921875,1,2757.88989257813,1257273.75,1393359,419055.34375,358292.3125,5785.10009765625,273302.625,1,4,2,4
IND30571,20702,2019-05-23,BE07,150279.953125,29544.740234375,1,4577.009765625,732127.1875,611167.125,244466.84375,282495.03125,21425.8203125,1071248.375,0,2,3,5
IND59366,3730,2019-05-05,BE39,341681.125,7059.14990234375,3,1290.15002441406,131948.0625,2646971.25,1224718.125,675570.3125,54910.4296875,2767797.5,2,3,4,6
IND83619,2953,1995-07-10,BE12,306885.59375,57248,1,765.739990234375,438755.1875,177800.703125,248250.046875,96817.5234375,32810.8203125,488406.875,2,3,1,7
IND67029,5863,2021-08-13,BE19,304782.625,7490.16015625,1,3823.13989257813,627444.4375,206647.9375,101982.1015625,161400.09375,26484.80078125,322676.3125,0,2,1,8
IND95869,25211,2020-10-25,BE15,71815.3125,6737.2099609375,2,3282.90991210938,769275.625,484750.90625,400727.40625,299640.6875,17095.099609375,493064.03125,3,2,1,9
IND66671,10331,2000-02-08,BE02,295262.96875,16664.3203125,1,4472.5,759217,336955.03125,193086.59375,179949.125,39324.0390625,1341895.625,2,2,2,10
IND86149,20345,2011-08-16,BE31,229131.6875,17152.1796875,1,3523.03002929688,457350.84375,3466323.25,849808.3125,1566778.125,119004.8515625,284163.09375,0,5,2,11
IND95415,26418,1996-06-02,BE18,44050.05859375,16904.7109375,1,2706.97998046875,439352.0625,581228.125,300301.1875,224547.796875,28908.939453125,417986.96875,1,1,3,12
IND99553,16414,2008-09-17,BE17,209915.0625,16256.5,1,2649.60009765625,353071.59375,2248046.75,1162255.5,458785.03125,50477.1484375,1377314.125,2,2,3,13
IND73319,19074,2016-05-13,BE07,80085.640625,22494.51953125,2,207.169998168945,189393.84375,347282.59375,356797.15625,121311.0390625,1011.78997802734,355533.71875,3,1,3,14
IND34968,14542,2020-09-24,BE15,138504.1875,4599,1,4919.240234375,171726.984375,380570.3125,160804.34375,258895,44954.1796875,499117.59375,0,3,3,15
IND14715,36764,2021-12-15,BE34,109316.4375,26015.900390625,1,625.5,297293.53125,568680,127842.7890625,159627.15625,62604.890625,868200.0625,1,2,3,16
IND16798,17405,2013-08-10,BE30,265028.375,45402.12109375,1,1547.03002929688,478689.9375,1108827.75,559903.125,285111.46875,75594.890625,718720.5,2,3,3,17
IND93663,17593,2019-10-21,BE03,299641.5,9720.6201171875,2,362.980010986328,797452.4375,870565.3125,556194.5,783508.8125,26740.01953125,1645955.5,0,4,3,18
IND67391,25349,2013-05-28,BE18,157834.484375,22631.630859375,1,350.959991455078,269137.875,194535.84375,189348.234375,67931.921875,1691.59997558594,611983.0625,1,2,4,19
IND96220,39466,2005-12-06,BE12,56129.109375,15281.4501953125,2,2272.43994140625,172354.640625,334083.1875,106093.9921875,145958.234375,28780.98046875,99605.9375,0,1,4,20
IND44913,1516,2004-02-12,BE15,146613.1875,41363.51953125,1,2540.5400390625,234631.59375,153198.484375,109427.4921875,45959.55078125,6098.490234375,1428174,2,2,1,21
IND87824,12710,1995-12-26,BE36,159264.125,21781.759765625,1,1800.19995117188,424822.125,219285.140625,124402.1484375,99416.2890625,74616.2578125,1990441,3,4,2,22
IND46155,35011,2004-10-16,BE21,207384.1875,53205.75,1,3357.59008789063,610026.25,1157055.625,720622.375,232527.59375,42135.26171875,1260155.375,3,3,3,1
IND35684,36285,2017-02-01,BE15,205225.234375,10022.8798828125,1,3599.77001953125,602116.6875,483549.1875,410756.84375,76431.96875,11436.76953125,331962.09375,1,2,4,2
IND96387,31231,2021-07-24,BE44,119065.2734375,25859.349609375,1,4260.60009765625,453298.875,585623.375,504632.9375,144412.234375,34346.8984375,659102.625,2,2,1,3
IND83308,4004,2000-07-04,BE17,419145.5625,39600,1,3865.31005859375,2210291,2847399.75,1063269.5,820159.25,54966.6796875,2369179,2,4,1,4
IND69120,4131,2015-04-03,BE17,182769.5625,18068.759765625,1,3497.64990234375,967509.4375,277509.65625,158249.3125,70386.5390625,5442.7099609375,300184.84375,3,2,1,8
IND47860,7168,2005-07-01,BE45,235533.890625,47571.9296875,3,2692.25,925870.6875,1492857.125,521477.46875,400821.90625,3163.18994140625,1303721.75,2,2,2,9
IND13419,17622,2005-04-04,BE38,202929.546875,43977.30078125,1,579.460021972656,710672.375,124384.2265625,83468.359375,40097.55078125,60366.12109375,778678.6875,2,4,2,10
IND56121,11596,2011-06-28,BE17,213666.875,29340.5,1,5451.60009765625,673674.75,2856010.5,1599365.875,265037.78125,71299.203125,2655115,3,2,3,11
IND38822,5169,2004-05-31,BE22,58715.5,14719.6201171875,2,6588.9501953125,1061278.75,888439.625,506739.625,108981.9296875,64661.8515625,917115.0625,3,2,3,12
IND58923,30197,2002-09-24,BE24,71704.21875,37631.51953125,3,2471.42993164063,190642.84375,144206.484375,83487.9609375,152555.265625,5275.56005859375,477246.21875,1,2,3,13
IND66682,11059,2013-04-22,BE25,66091.9609375,17906.91015625,1,4769.18017578125,77087.71875,452216.53125,249046.78125,394149.3125,6508.81005859375,1069796.625,0,2,3,14
IND96115,28034,2017-12-16,BE31,37278.9296875,13131.900390625,2,3824.28002929688,239843.1875,599402.125,128116.4921875,401919.71875,19662.580078125,765189.0625,3,1,3,15
IND40991,19819,2009-04-19,BE06,92216.15625,40090.3984375,1,4887.9599609375,1555706.25,86683,40703.3203125,25658.169921875,84028.203125,1975937.375,2,3,3,1
IND57646,22044,2004-06-01,BE07,114508.9609375,9772.349609375,2,3269.17993164063,418626.59375,671422.5,353615.84375,83659.2421875,15418.2001953125,1164363.875,2,1,3,2
IND76683,25702,1995-10-18,BE38,86172.3203125,2564.9599609375,1,1796.81005859375,118018.703125,128075.8828125,106327.1484375,142091.734375,23100.05078125,109644.421875,0,2,4,3
IND69465,24393,2008-12-22,BE18,81162.890625,11099.2001953125,3,461.589996337891,415774.53125,162136.21875,54045.41015625,130994.8828125,17879.6796875,423140.4375,1,1,4,4
IND45293,7458,2008-12-22,BE34,47428.51171875,21055.439453125,1,2420.80004882813,192982.015625,83150.4921875,56397.73046875,12407.5,18277.359375,279713.65625,3,1,3,5
IND31182,9712,2011-08-21,BE44,289744.1875,33890.55859375,2,6774.14013671875,659253.5,1961308.5,1010828.25,328594.625,31477.060546875,1390700.5,0,2,1,6
IND43704,4938,2014-06-20,BE36,153481.09375,16824.240234375,1,5475.64013671875,458409.09375,195432.8125,74659.71875,111594.328125,60153.1796875,872486.375,0,2,2,7
IND90107,10587,1999-03-03,BE44,184517.046875,11338.8203125,2,4505.580078125,67647.5625,232227.40625,221426.140625,56868.7109375,7776.39990234375,1034413.9375,3,2,3,8
IND65206,27795,2015-07-12,BE31,142534.015625,5158.5,2,51.9000015258789,847748.9375,599816.8125,164281.03125,206879.484375,51537.890625,400565.59375,3,1,4,9
IND97608,22788,2010-05-05,BE32,133713.4375,17667.9296875,1,789.679992675781,936515.9375,789183.25,342366.25,292636.125,15525.1201171875,1344158.125,3,2,1,10
IND99978,14512,2019-10-18,BE37,442113.9375,21945,1,13749.830078125,2538730.25,1528432.25,478908.75,675057.5625,47344.19921875,1886286.75,2,5,1,11
IND51034,19781,2005-03-01,BE04,210223.40625,29360.740234375,2,7510.10009765625,121701.28125,1030505.5,253781.203125,427659.78125,54330.37109375,711151,3,2,1,12
IND77398,27415,2009-10-17,BE09,223156.5,25586.189453125,1,1107.52001953125,787974,657032,263889.90625,291140.5625,9479.83984375,269938.96875,0,2,2,13
IND48157,39907,2001-06-17,BE14,346125,6635.2099609375,3,3076.63989257813,561119.375,100838.15625,93368.65625,74694.9296875,35345.94140625,341892.59375,0,3,2,14
IND46455,12805,1999-06-11,BE47,96650.09375,7967.1201171875,1,187.149993896484,95472.5078125,211848.5625,154720.875,65815.8828125,13697.7802734375,211659.515625,0,1,3,15
IND52005,16909,2000-10-25,BE42,309043,38055.5,1,7.6399998664856,251126.15625,2588381,1277598.375,320561.03125,90415.421875,2316850.5,1,2,3,16
IND50424,27486,2014-08-19,BE24,204852.953125,25979.19921875,1,4597.759765625,607243.25,1309431.5,675175.625,285210.5625,91763.7109375,1849181.125,3,3,3,17
IND48222,32800,2016-12-22,BE17,18687.5,11913.6103515625,2,1934.46997070313,99325.7890625,24813.98046875,18265.849609375,13120.3896484375,6652.25,234551.515625,0,1,3,18
IND48333,22276,2006-09-09,BE06,121744.140625,18388.30078125,1,69.0800018310547,673353,531829.4375,209735.546875,436849.1875,6280.58984375,782398.25,2,2,3,19
IND62022,34882,2018-12-04,BE28,105503.296875,23746.939453125,1,2309.68994140625,139718.125,1311121.875,467531.84375,504934.40625,58343.890625,1024520,2,2,3,20
IND82740,18725,2019-06-02,BE14,101046.9921875,56550.80078125,2,4228.419921875,961441,1667275.5,622292.9375,612547.625,50695.8515625,1073375.375,3,3,3,21
IND48400,21186,2003-10-26,BE26,201990.140625,30222.41015625,1,4434.919921875,1174154.625,428170.125,178640.515625,84981.8515625,42678.51953125,217613.890625,2,2,4,22
IND40646,8167,2021-05-08,BE22,165248.578125,8481.8798828125,1,294.799987792969,25841.419921875,108209.203125,97388.28125,88082.2890625,8075.10009765625,235244.015625,1,2,4,1
IND40950,18051,2006-10-17,BE38,429407.78125,16539.599609375,2,149.949996948242,656065.3125,741521.0625,370760.53125,182908.546875,67940.9296875,341071.09375,0,4,3,2
IND37853,40683,2012-09-23,BE16,140967.359375,52781.6015625,1,2087.01000976563,359976.84375,677419.0625,677419.0625,143665.625,19850.599609375,818478,0,3,1,3
IND91954,8393,2015-06-08,BE05,115916.640625,19367.19921875,2,3469.93994140625,209574.5625,375760.71875,189991.375,276331.90625,6797.89990234375,494876.625,3,1,2,4
IND30253,28262,2018-04-06,BE11,114733.1328125,7229.1201171875,1,1232.84997558594,91949.0234375,550649.8125,258235.765625,78989.7578125,36592.8984375,999849,1,1,3,8
IND82997,23468,2001-04-18,BE19,251704.6875,30770.25,1,9856.349609375,136945.203125,2214193.5,553548.375,1141100.375,27807.150390625,726660.875,3,3,4,9
IND75882,11651,2001-09-25,BE38,282952.6875,52922.578125,1,8432.6298828125,727530.5,481184.5625,126627.5234375,246923.65625,92195.921875,2413215,2,3,1,10
IND31953,14561,2001-03-18,BE10,180332.328125,43263.48046875,3,8812.400390625,2226593.5,869859.5,325495.8125,155564.546875,16334.7998046875,2847340,2,3,1,11
IND69875,3160,2019-12-03,BE10,45199.26171875,29204.83984375,1,1838.56005859375,268609.53125,67632.2109375,97690.96875,27278.3203125,10005.98046875,82071.453125,0,1,1,12
IND57328,42666,1996-04-17,BE03,51431.3515625,24151.169921875,3,3418.0400390625,587904.0625,788559.5625,314191.6875,265646,28252.94921875,208792.1875,1,1,2,13
IND70068,3115,2004-04-24,BE30,111317.578125,33229.80078125,2,3369.46997070313,745633.375,229870.484375,200614.234375,215158.765625,6517.669921875,898980.375,2,4,2,14
IND57357,33955,2010-10-04,BE27,108265,9449.4599609375,1,2555.92993164063,410837.34375,145605.375,44314.6796875,100277.7890625,7987.31005859375,429344.125,0,1,3,15
IND79088,17836,2003-02-13,BE36,134574.34375,58154.05859375,3,10211.2998046875,356455.5625,2100661,380744.8125,997420.125,106490.0234375,1097745.25,2,4,3,1
IND57637,7753,2018-09-01,BE18,188217.234375,29859.51953125,2,589.900024414063,164965.5625,166547.671875,164465.828125,38909.69921875,13642.5,849630.6875,3,2,3,2
IND94614,4604,2020-12-02,BE12,368461.71875,8461.259765625,1,5088.7001953125,1183891.625,189500.546875,69111.9609375,186134.125,62583.9609375,1661704.375,1,3,3,3
IND16622,3111,1995-05-14,BE35,180788,8935.0400390625,1,6572.47998046875,1157401.125,869732.5,463475.875,57619.78125,54093.609375,1228270.625,1,2,3,4
IND36995,26859,2018-06-28,BE40,94643.609375,35530.33984375,1,1454.7099609375,225598.78125,448672.125,265124.4375,101359.109375,16672.169921875,250634.3125,1,2,3,5
IND86491,25211,2012-02-22,BE12,208842.234375,26716.80078125,1,3752.94995117188,93611.2734375,49719.3203125,40781.01953125,17195.0703125,41560.69140625,1280085.625,1,2,3,6
IND59827,2982,2011-03-24,BE30,166815.546875,17196.580078125,1,2543.32006835938,0,253759.0625,253759.0625,167218.484375,31805.150390625,656415.9375,3,4,4,7
IND74969,40049,2003-10-20,BE08,29881.25,6799.490234375,2,4244.89013671875,328365.96875,974755.5,287085.53125,395777.4375,2712.8798828125,121018.8515625,0,1,4,8
IND21853,4150,2019-05-28,BE15,295246.0625,48798.5390625,3,3319.84008789063,572098.5625,635126.8125,518321.875,122791.1875,44293.609375,675214.25,2,2,1,9
IND23903,13340,2011-07-26,BE21,427085.65625,23309.91015625,1,7634.60009765625,1276408.75,913709.375,338791.125,405830.6875,26682.380859375,1760206.125,2,4,2,10
IND68777,29201,2001-09-04,BE06,184915.9375,27065.19921875,1,2620.919921875,529717.6875,541630.8125,594289.375,154816.15625,14453.669921875,872754.875,1,2,3,11
IND81707,410,2019-07-21,BE05,129198.453125,5012,2,1833.11999511719,66204.9609375,355267.5625,199588.515625,219547.375,24483.400390625,1117017.125,3,2,4,12
IND97656,16855,2014-08-27,BE28,78862.171875,33395.73046875,1,1133.31994628906,113710.546875,1044347.875,357785.84375,749319.625,27711.23046875,745831.4375,0,2,1,13
IND55034,1115,2010-06-23,BE12,108125.21875,6694.919921875,2,1120.19995117188,49795.48046875,75106.640625,84017.6015625,37222.33984375,14035.8203125,358276.3125,1,1,1,14
IND96166,42425,2014-09-30,BE12,84951.921875,13223.599609375,1,681.789978027344,214777.296875,170981.8125,158912.515625,51535.9296875,19774.859375,325713.78125,0,1,1,15
IND96324,41943,2011-07-05,BE43,336120.71875,22770.01953125,2,7766.16015625,1430031.75,198246.625,173465.796875,63213.640625,68913.640625,1320916.375,1,4,2,16
IND47674,6454,2012-04-02,BE36,140323.203125,8938.0498046875,3,4899.02001953125,889037.5625,784312.3125,424109.625,125489.96875,41828,1016663.6875,2,2,2,17
IND70317,4165,2009-02-03,BE35,72442.640625,23670.240234375,1,2554.2900390625,107623.46875,420518,134675.703125,140172.671875,35107.2109375,80798.640625,0,1,3,18
IND38895,41840,2021-10-23,BE27,291925.84375,43220.44140625,1,2687.78002929688,488765.65625,397013.28125,292055.75,118282.578125,56625.828125,443851.65625,2,3,3,19
IND61906,28843,2020-06-12,BE04,180724.34375,26183.51953125,1,6063.2099609375,1175056.125,1980490.125,414220.15625,809800.4375,4968.9501953125,1612431.75,3,2,3,20
IND91852,14423,1996-07-18,BE38,427268,27324.849609375,1,7808.31982421875,1257605.625,1122750.625,793247.6875,504017.375,17792.01953125,1572555,0,5,3,21
IND49429,41723,2011-01-21,BE18,283418.59375,30792.30078125,3,3031.80004882813,123176.1796875,259129.265625,110561.8203125,192653.984375,33826.890625,282955.28125,0,2,3,22
IND50848,15833,1996-07-30,BE38,229460.796875,12437.900390625,1,3347.03002929688,438345.75,256292.3125,221487.1875,78786.15625,16752.94921875,457903.71875,3,2,3,1
IND25130,31186,2019-06-24,BE39,92389.0234375,15887.0400390625,2,737.099975585938,946087.5,1117595.625,335278.6875,277802.34375,14745.8203125,979922.5625,2,1,3,2
IND51890,28409,2003-02-11,BE45,275308.09375,7913.35986328125,1,10883.25,2290528.5,1114463.75,221311.953125,478033.84375,10609.9501953125,462554.96875,0,4,4,3
IND29870,34292,1999-03-14,BE39,185240.1875,5908.9501953125,1,2658.02001953125,204594.65625,1843725.875,606488.75,394217.71875,55984.71875,592412.375,0,2,4,4
IND24996,32121,2008-08-12,BE15,253601.625,49237.6484375,1,6694.68994140625,335206.21875,484219.5625,285434.6875,134562.0625,12308.2197265625,1488519.875,0,3,1,8
IND28319,11176,2004-03-18,BE40,169841.59375,23901.599609375,1,878.570007324219,294747.03125,135130.515625,76884.6015625,98342.390625,19026.580078125,292525.90625,0,2,2,9
IND24921,12722,2018-05-13,BE30,161884.015625,11589.759765625,1,4719.33984375,273447.375,437316.125,197497.609375,163640.875,8871.4599609375,126209.78125,1,2,3,10
IND97391,15759,2001-08-14,BE01,196246.4375,20241.2109375,1,1802.48999023438,1226915.5,1378832.75,998950.25,501866.96875,38252.578125,1971776,1,3,4,11
IND59368,35127,2007-07-03,BE21,108561.7578125,2012.43005371094,1,2532.03002929688,488439.09375,389075.5625,253087.984375,112189.75,36120.28125,946926,3,1,1,12
IND23354,40668,1999-10-22,BE27,117375.8984375,6336.08984375,1,1327.69995117188,178624.703125,99007.5625,59675.7890625,44811.08984375,8087.509765625,118523.0390625,3,1,1,13
IND29589,36410,2012-10-18,BE19,104350.9609375,24810.880859375,1,1619.35998535156,366249.65625,153984.34375,179265.34375,32359.689453125,5476.2001953125,519730.46875,1,1,1,14
IND48477,9379,1999-04-07,BE13,79692.8671875,34412.0390625,2,4136.35986328125,1411246.75,2844789.75,1511916.25,386732.25,45795.578125,406621.875,2,3,2,15
IND70337,1168,2020-10-17,BE42,51567.23046875,13658.75,1,962.780029296875,127945.09375,487858.6875,180295.609375,349985.59375,16788.759765625,821012.4375,0,1,2,1
IND69809,9100,2017-12-28,BE45,96948.9921875,14055.0595703125,3,3136.9599609375,578529.625,224955.84375,202949.296875,41152.25,38982.3203125,973704.375,0,2,3,2
IND23817,21854,2020-08-26,BE05,79643.421875,39162.421875,1,935.390014648438,227140.25,309391.5625,114432.5,182541.015625,4764.35009765625,767080.375,0,2,3,3
IND36692,1346,2006-03-14,BE27,224615.265625,53741.76171875,1,3521.4599609375,415665,219556.125,132335.203125,117898.6328125,43711.48828125,611524.125,0,2,3,4
IND39952,17738,2015-11-06,BE47,405658.1875,7958.919921875,1,4448.5,125897.6328125,2182843,422485.75,719634.0625,28226.369140625,2701599.5,2,3,3,5
IND30232,36187,2004-08-28,BE27,282804.75,49807.359375,2,6825.77001953125,1890430.125,364617.9375,111279.5,81565.5078125,63673.26953125,1726033.375,3,3,3,6
IND31886,24633,2004-12-24,BE29,31366.689453125,10557.6796875,1,205.820007324219,271792.28125,107355.609375,94171.59375,62153.25,8563.0498046875,58053.1796875,2,1,3,7
IND16521,11951,2016-05-25,BE37,143641.453125,14785.4404296875,3,3175.169921875,566354.1875,593952.75,449086.21875,145880.59375,37314.0703125,87414.6171875,0,2,3,8
IND22770,26678,2004-07-10,BE11,304744.125,42528.75,2,314.25,477185.625,339201.75,271361.40625,236084.421875,34078.5,329440.125,2,3,4,9
IND74369,28055,2011-02-02,BE05,69280.8515625,2951,1,995.130004882813,143005.484375,59107.8203125,25699.05078125,61763.37890625,14433.08984375,241575.015625,0,1,4,10
IND31020,3805,2014-08-17,BE08,192746.0625,14270.7802734375,1,4643.77978515625,756193.5625,879489.5,777653.875,97762.203125,27008.240234375,88303.328125,3,2,1,11
IND83621,4094,2016-10-21,BE37,163869.5,16638.75,1,1687.22998046875,422732.9375,260002.59375,86667.53125,224468.90625,7039.31005859375,427554.875,0,2,2,12
IND87099,11886,2004-08-05,BE42,303730.875,56672.25,2,3246.17993164063,907795.625,779074.25,350880.75,277968.90625,18711.7109375,972114,1,3,3,13
IND68353,24879,2016-01-10,BE49,106992.5625,8102.52001953125,1,5281.419921875,794105.5625,480600.21875,167400.078125,365148.15625,58105.73046875,598191.3125,2,2,4,14
IND34739,36722,2018-07-28,BE08,74335.21875,21749.80078125,3,1133.90002441406,685556.875,159081.75,127265.3984375,131719.6875,36057,233827.34375,1,4,1,15
IND49852,19497,2003-08-31,BE19,29126.279296875,20856,1,222.470001220703,72179.3515625,541414.875,295824.625,215114.734375,11335.7001953125,266840.15625,2,1,1,16
IND15739,24390,1999-08-11,BE33,205568.328125,22084.599609375,1,3975.5400390625,119101.8828125,606081.5,661179.8125,65488.2890625,23952.419921875,1007604.75,2,5,1,17
IND35208,38924,2004-11-13,BE17,470262.6875,27056.94921875,1,12294.4296875,962473.875,656372.9375,213216.6875,141350.125,81767.0078125,1104006.75,2,5,2,18
IND23172,24247,2000-10-07,BE16,279238.4375,29395.849609375,1,7439.35986328125,2667556.75,891713.75,428485.84375,88823.9609375,12415.01953125,1303515.5,1,5,2,19
IND89615,22162,2007-01-29,BE47,292010.28125,30493.3203125,1,7061.7998046875,1220492.375,1204591.5,558492.4375,622445.25,66410.8515625,203262.578125,3,2,3,20
IND78041,1413,2011-12-25,BE36,26996.109375,8835.5,3,837.859985351563,303226.5625,594754.6875,347994.75,301806.375,10935.33984375,754076.75,0,1,3,21
IND25027,33534,2017-10-07,BE34,144581.546875,33769.83984375,1,37.3800010681152,639113.1875,351609.96875,342708.46875,61420.48046875,33538.53125,464417.625,3,2,3,22
IND70133,13998,2013-07-08,BE09,158603.625,32769.66015625,1,1717.25,309892.96875,95126.0234375,134905.984375,38050.41015625,3524.3701171875,507150.5625,1,1,3,1
IND96246,12896,2012-11-17,BE13,342068.375,39111.12109375,1,1136.27001953125,834035.8125,1436044.5,779567,717475.1875,17553.560546875,350589.71875,1,2,3,2
IND74738,29985,2002-12-18,BE34,308171.09375,12327.5400390625,2,2943.10009765625,1486877.375,1486770.75,582653.4375,438798.3125,21152.119140625,1676630.625,3,2,3,3
IND94482,43083,2020-01-12,BE26,103215.15625,20290.119140625,1,2321.56005859375,227116.484375,1719422.75,854304.375,274783.21875,5576.669921875,984930.5,2,2,3,4
IND54803,13993,2020-01-08,BE42,53067.7109375,8824.740234375,1,4588.7998046875,844190.9375,968531.375,384210.78125,357956.375,40855.98828125,773156.9375,2,1,4,8
IND22264,24568,2000-08-16,BE05,16653.970703125,4538.43017578125,1,2908.64990234375,238129.234375,446980.03125,152458.3125,112541.953125,1473.66003417969,878113.75,2,1,4,9
IND66283,14208,2008-03-07,BE11,98173.6015625,31953.19921875,1,603.859985351563,596226.0625,90491.8671875,48151.640625,33473.69140625,28781.23046875,478424.53125,1,1,1,10
IND45825,167,2000-10-17,BE42,410110.875,14944.16015625,1,1866.16003417969,1482143.25,382944.1875,139615.0625,202242.40625,19862.08984375,874667.0625,1,4,2,11
IND94895,33987,2020-08-12,BE45,160073.09375,25457.400390625,1,6022.2998046875,1097639.25,924637.875,292487.5,787734.875,64209.6015625,189631.765625,1,4,3,12
IND66583,41467,2015-09-10,BE16,117125.421875,49597.19921875,1,647.719970703125,153107.125,454769.71875,360679.4375,155562.609375,35199.7890625,321595.125,3,2,4,13
IND73582,3926,2003-10-04,BE17,155135.6875,9966,3,3955.71997070313,657469.3125,613776.6875,268778.03125,136354.703125,1902.4599609375,971004.8125,0,2,1,14
IND62295,7348,2012-01-15,BE16,173146.1875,20433.779296875,3,2343.86010742188,88510.5078125,840866.875,518534.5625,169434.671875,23216.83984375,1767385.5,0,2,1,15
IND39698,7541,2008-09-20,BE21,341330.125,11338.7099609375,1,3415.76000976563,1880586,1771992.875,479637.15625,622462.4375,53199.98828125,2148499.75,3,4,1,1
IND96489,16245,2002-10-09,BE46,113038.0703125,21105,2,6217.31005859375,874240.75,1153249.5,655045.6875,326415.71875,58641.98046875,814075.75,3,2,2,2
IND62970,13785,2019-09-03,BE19,204694.703125,21047.140625,1,1101.11999511719,440353.625,78211.3671875,32327.369140625,66917.6484375,36275.12109375,791118,1,2,2,3
IND53584,12555,2013-08-10,BE03,55512.3203125,8663.4599609375,2,832.900024414063,108096.8984375,98876.7890625,80220.7890625,90388.3125,4904.10986328125,142258.875,1,1,3,4
IND34425,28523,2020-08-17,BE27,71909.9296875,19065.630859375,1,1349.18005371094,172488.875,86942.1796875,117627.65625,36464.5703125,20616.890625,430296.09375,0,2,3,5
IND53485,27810,1999-09-11,BE07,43256.078125,30778.80078125,2,3315.8798828125,321822.625,95899.2734375,29507.470703125,31921.7109375,17592.4296875,747541.0625,1,1,3,6
IND40496,26623,2021-03-22,BE03,91589.4765625,32407.919921875,1,257.929992675781,672627.0625,280502.96875,126423.8828125,198801.546875,40677.75,798973.875,2,3,3,7
IND72603,15770,2013-04-12,BE28,22388.509765625,14415.4404296875,2,1184.02001953125,146552.65625,148409.625,140459.109375,127049.2421875,12347.6103515625,292069.96875,1,1,3,8
IND56984,34644,2010-11-13,BE39,48321.55078125,18298.98046875,2,3041.34008789063,730394.5625,209527.5,173479.765625,45600.390625,31444.099609375,110925.9296875,1,2,3,9
IND31180,16360,2013-10-29,BE23,67296.921875,14652.900390625,1,4151.60986328125,1648965.25,570772.5,235318.484375,175137.046875,53942.26171875,2139037.75,1,3,3,10
IND80616,7702,2001-05-20,BE12,223595.515625,3596.6201171875,1,1228.39001464844,125055.21875,98975.53125,66552.5078125,20460.630859375,59807.23046875,794722.5,0,2,4,11
IND54495,26334,2006-09-15,BE06,155330.890625,33724.80078125,2,1763.28002929688,39701.87890625,136113.78125,117161.21875,47415.83984375,1055.11999511719,292601.03125,1,2,4,12
IND88782,22276,1996-03-25,BE06,338592.71875,38743.359375,1,8449.33984375,724817.0625,2168648.5,1216939.375,398157.625,47583.23046875,2251103.75,0,3,1,13
IND25223,6336,2009-06-16,BE32,193487.421875,28433.33984375,1,2278.65991210938,774008.125,300687.96875,135887.828125,93473.4765625,40427.76953125,199674.453125,1,3,2,14
IND26937,16522,2002-03-03,BE24,62204.5,40020.37890625,1,182.960006713867,1447905.625,516071.875,127033.078125,167366.078125,40382.2109375,979165.875,1,2,3,15
IND14766,31099,2019-06-27,BE38,268215.6875,21790.439453125,3,1445.63000488281,1100718,1399302.25,742992.375,252617.40625,16392.6796875,605027.6875,3,4,4,16
IND45041,11888,2019-04-18,BE07,151886.046875,40525.921875,1,1610.27001953125,205461.296875,166878.15625,189895.84375,76303.6015625,36408.4609375,734636.5,2,2,1,17
IND54922,36622,2016-03-18,BE35,244088.875,56280.83984375,1,5725.93994140625,1016360.375,358570.125,298808.4375,85658.421875,39496.4609375,643953.25,0,3,1,18
IND89369,25884,2020-11-18,BE13,229762.921875,29699.6796875,1,3262.48999023438,378430.3125,213097.671875,117476.921875,180641.265625,16162.8798828125,1116008.75,0,2,1,19
IND94380,16790,2010-01-08,BE25,373997.6875,38700.859375,2,6360.52978515625,131305.1875,1620762.625,699874.75,638850.625,47829.37890625,789924.375,0,4,2,20
IND76782,24331,2017-10-26,BE46,125061.1171875,67656.796875,1,7810.10986328125,1608721.5,268710.53125,157426.375,119698.328125,39547.8515625,1478636.5,1,5,2,21
IND44357,14847,1995-05-15,BE21,108917.5625,12134.599609375,2,2455.31005859375,117837.3828125,519994.3125,152725.59375,162398.21875,9633.080078125,440403.375,2,1,3,22
IND63865,12018,2015-05-30,BE47,249962.859375,12598.740234375,1,724.039978027344,683692.8125,676425.125,629775.125,138861.515625,39836.4609375,566903.125,3,2,3,1
IND14540,3210,1999-06-11,BE21,110074.9765625,34598.44140625,1,6574.9599609375,357739.15625,843027.125,912317,123682.46875,6388.259765625,1722652.625,3,5,3,2
IND20140,24592,2013-08-15,BE06,258076.5625,28850.939453125,2,3986.31005859375,487349.90625,188758.84375,69814.921875,105704.9609375,30918.7890625,138932.78125,3,2,3,3
IND75181,16233,2014-01-09,BE27,80408.25,24034.919921875,1,2514.93994140625,255694.046875,115585.7890625,67425.0390625,72984.171875,33606.1796875,744597.6875,3,2,3,4
IND60750,12190,2020-11-22,BE05,147770.4375,7103.25,2,8315.4296875,865952.25,2674642.75,549584.125,1166950.25,40199.640625,1182318.625,0,3,3,8
IND40048,547,2014-04-02,BE20,101645.3515625,11282.1298828125,1,2361.06005859375,137078.90625,100101.9765625,64216.359375,90998.359375,13008.73046875,56590.16015625,3,2,3,9
IND91899,6502,2001-08-21,BE18,59875.578125,26395.3203125,2,2352.169921875,280231.78125,487406.15625,138723.296875,278721.34375,36995.3203125,605368.75,3,1,4,10
IND49097,29476,2021-07-07,BE30,149870.90625,7271.68017578125,1,1549.27001953125,291910.75,14079.1796875,11732.650390625,11615.330078125,16342.240234375,340859.1875,3,2,4,11
IND30559,19655,2000-06-29,BE31,144204.96875,23540.580078125,1,2387.43994140625,72118.28125,187124.171875,134495.484375,102625.90625,1663.65002441406,69536.1015625,2,2,1,12
IND40540,20897,2019-11-05,BE26,36313.80078125,2913.30004882813,2,1255.92004394531,56507.390625,165720.265625,127127.8828125,73915.78125,9357.51953125,422697.90625,2,1,2,13
IND32711,1541,2017-02-19,BE36,29506.650390625,26180.4609375,2,3503.46997070313,454195.9375,490080.03125,107473.6875,216022.125,10174.240234375,0,3,1,3,14
IND71842,17051,1995-08-23,BE29,54920.140625,11627.83984375,1,2230.5400390625,183537.8125,141038.375,64108.3515625,64749.44140625,19642.390625,64320.87109375,1,1,4,15
IND98821,19583,2013-01-21,BE05,79160.5078125,50359.87890625,3,7012.64013671875,305168.625,1086576.25,657664.5625,366385.875,46669.5,525028.875,2,3,1,1
IND60303,13881,2004-08-27,BE16,69198.5234375,24858.2109375,2,1811.32995605469,260871.203125,167605.96875,157599.65625,84228.2578125,21688.94921875,491162.21875,1,1,1,2
IND21271,11755,1999-10-02,BE41,77057.7421875,15035.5400390625,1,469.140014648438,43233.4609375,82808.3828125,45687.37890625,55338.83984375,9449.2802734375,331817,3,1,1,3
IND71938,29745,1996-12-16,BE24,315879.5625,30141.44921875,2,3991.0400390625,100474.2578125,963526.3125,329008.96875,854483.3125,7856.169921875,1112977,2,3,2,4
IND48166,35810,2010-03-26,BE33,304130.875,6349.5,1,7215.97998046875,599869.25,1334851.75,301418.125,447821.21875,56792.5390625,1527415.125,3,3,2,5
IND35417,29967,2016-07-31,BE29,187639.734375,29519.349609375,1,6791.2099609375,1013646.1875,354828.5625,200846.34375,92389.3203125,65609.0703125,2574029,3,5,3,6
IND36167,40251,2014-06-25,BE28,204251.609375,33054.12109375,1,8897.669921875,1319951.75,728029.1875,354176.34375,96414.671875,88889.78125,1843702.25,0,2,3,7
IND53489,28424,1995-07-24,BE44,45140.55078125,11706.08984375,1,2462.71997070313,1111816.875,71222.109375,49721.08984375,14849.1396484375,15651.7998046875,634584,1,2,3,8
IND46654,14964,1996-11-06,BE21,62086.0390625,13054.400390625,2,1742.5400390625,173701.4375,336511.15625,252383.375,37977.69140625,4177.8701171875,777754.875,1,1,3,9
IND57483,4294,2009-05-26,BE13,233362.421875,57088.078125,1,5030.22998046875,513458.625,414811.8125,251607.15625,381286.875,30522.640625,394715.5625,3,4,3,10
IND26697,2419,2021-04-03,BE09,100790.4765625,29680,3,2256.06005859375,377251.75,110150.203125,50243.94921875,88661.25,13828.4296875,357866.53125,1,1,3,11
IND21028,20249,2006-11-26,BE41,137250.1875,5786.7998046875,3,1801.89001464844,549960.875,415274.03125,343829.03125,58540.23828125,39367.44140625,693670,3,2,3,12
IND86154,25014,2009-11-01,BE10,107355.8984375,27348.240234375,3,9794.3896484375,1168454.875,742185.4375,332030.3125,176562,7084.2900390625,2345715,3,2,4,13
IND47039,28411,2002-08-21,BE01,121627.3203125,6358.5,1,1417.88000488281,204346.5625,164323.59375,132312.515625,64064.859375,36208.28125,533141.6875,1,2,4,14
IND18081,38335,2013-04-20,BE28,216600.375,33745.6015625,1,3753.38989257813,514287.25,235217.953125,117608.96875,112904.609375,23203.349609375,852915.1875,0,2,1,15
IND13675,32245,2005-02-23,BE38,56742.37109375,5989.66015625,1,2306.8798828125,306206.15625,259379.015625,151518.4375,52646.23828125,22486.23046875,381291.375,2,1,2,16
IND54772,30967,2017-11-17,BE21,74534.171875,28053.560546875,1,2592.419921875,510240.625,770470.0625,309628.15625,352976.09375,27093.640625,1011219.5,0,2,3,17
IND61012,25681,1999-07-07,BE43,100179.1328125,41945.0390625,1,4780.490234375,852440.6875,288932.90625,278231.6875,72197.546875,31464.810546875,210438.390625,0,2,4,18
IND63638,11973,2013-06-12,BE43,87532.1875,58158.71875,1,1337.21997070313,2331797,1769278.625,660530.6875,487849.125,50168.51953125,1431166.25,1,5,1,19
IND73710,8973,2009-04-01,BE02,428779.46875,49066.359375,1,4997.75,756177.5,79273.6875,55705.828125,52963.390625,34618,1254015.25,2,4,1,20
IND93494,28369,1995-11-21,BE06,189556.546875,4872.08984375,1,6370.08984375,1936734.5,1808858.5,508372,808666.1875,47581.44921875,1028434.4375,0,2,1,21
IND97314,1339,2020-12-03,BE03,111666.9296875,10063.0400390625,1,232.449996948242,178379.265625,141104.546875,58205.62109375,145355.3125,21976.830078125,371360.78125,3,1,2,22
IND43915,18769,2004-03-08,BE49,72740.5703125,44633.3984375,2,259.459991455078,1132307,914948.3125,316712.875,433544.75,46741.96875,1904675.125,0,3,2,1
IND62101,24639,2010-06-06,BE41,60561.359375,20678.560546875,1,1351.59997558594,143868,63866.94921875,51344.01953125,68713.328125,9230.4501953125,271539.90625,3,1,3,2
IND12706,14163,1996-12-04,BE19,127646.3125,31475.0390625,2,547.77001953125,101437.25,39450.12890625,33987.80859375,13352.349609375,6495.18017578125,439850.84375,1,2,3,3
IND96211,43165,2013-03-24,BE07,46550.390625,9612.2197265625,2,2451,349238.875,252327.875,311204.375,133397.328125,7888.8701171875,445175.90625,0,1,3,4
IND99855,36627,2003-04-01,BE29,437883.8125,22488.330078125,1,12970,806029.25,2785993,1049270,949770.3125,70184.9609375,1103518.75,3,5,3,8
IND20615,28973,2019-02-06,BE17,85048.4609375,13002.66015625,1,417.380004882813,192796.8125,199916.453125,135078.6875,76994.8515625,8554.240234375,480302.8125,2,1,3,9
IND42387,11761,2018-01-23,BE35,245950.078125,31151.400390625,1,3690.0400390625,294596.5625,86517.2109375,100250.109375,27809.099609375,10175,524150.6875,0,2,3,10
IND51003,29416,1999-10-21,BE31,287479.625,44967.51171875,1,607.070007324219,143952.234375,1026866.9375,273831.1875,482969.75,22363.240234375,1046379.625,1,2,3,11
IND38386,21471,2003-04-09,BE26,333416.5,37405.7109375,2,1143.55004882813,670224.5625,385630.125,322412.0625,223033.296875,15409.23046875,308617.4375,3,3,4,12
IND31075,37647,2006-05-27,BE10,471737.71875,10652.4599609375,2,3087.17993164063,1851796.375,1301697.875,667827.5625,306295.15625,86545.546875,2077692.875,0,4,4,13
IND29987,20225,2014-12-31,BE18,98291.3125,1761.30004882813,1,2649.84008789063,128914.71875,637259.9375,172373.59375,227480.90625,21819.8203125,610220.4375,0,1,1,14
IND53122,41519,2005-04-07,BE13,76876.5,7009.919921875,1,221.619995117188,329447.09375,521113.40625,451631.625,108275.78125,22084.16015625,606561.375,1,1,2,15
IND71679,13634,2003-11-16,BE03,33431.01953125,14261.98046875,1,1914.56994628906,138563.484375,200745.015625,73803.3203125,223624.046875,1144.43994140625,126374.609375,3,1,3,1
IND96476,29954,2015-05-25,BE38,136945.390625,2702.15991210938,2,880.630004882813,288959.8125,1278524.25,516489.9375,402862.15625,13357.8798828125,1250406.875,0,2,4,2
IND59444,17648,2019-05-30,BE22,84410.5078125,14225.759765625,1,2768.07006835938,39076.96875,496487.75,139637.1875,339783.8125,21135.109375,86754.3984375,1,1,1,3
IND96722,6946,2006-03-31,BE28,172838.296875,30257.880859375,1,2214.03002929688,148146.8125,78331.546875,71578.828125,78074.953125,8087.7998046875,200516.171875,3,2,1,4
IND91553,38245,2009-03-30,BE27,220066.390625,10927.5302734375,1,5578.10009765625,734254.6875,194915.484375,150296.265625,99759.1484375,3964.80004882813,1280407.125,0,2,1,5
IND43964,30800,2010-10-09,BE15,75290.15625,7814.52001953125,3,308.019989013672,490077.1875,0,0,0,17807.30078125,147852.84375,3,1,2,6
IND42604,18764,2007-06-23,BE19,73990.203125,26321.4609375,1,2554.669921875,61514.109375,96217.4296875,98535.921875,13215.41015625,2571.64990234375,100259.7265625,0,1,2,7
IND80050,3483,2020-10-05,BE38,65249.03125,34583.1015625,2,2461.32006835938,494176.65625,1564149.25,346422.3125,759609.6875,20684.48046875,784783.6875,3,2,3,8
IND15192,16456,2018-10-31,BE33,242808.6875,22946.33984375,2,11040.5595703125,1462141.875,161117.140625,42796.73828125,43199.53125,102445.2578125,955582.625,1,5,3,9
IND61862,30065,2003-09-09,BE13,28009.099609375,3422.7900390625,1,2000.51000976563,305036.65625,336806.3125,242079.53125,100059.5390625,11972.4501953125,300771.78125,0,1,3,10
IND32146,13271,2021-05-17,BE38,193730.984375,19243.3203125,1,4011.4599609375,71875.7265625,681503.625,212969.875,142689.8125,50113.8203125,825636.9375,2,2,3,11
IND91035,10528,2019-05-07,BE30,31697.220703125,10588.25,1,4194.2001953125,719621.4375,215052.59375,112369.8203125,96018.078125,35144.19140625,439788.625,0,1,3,12
IND65273,34468,2016-12-23,BE14,168229.6875,55000.5,1,5369.330078125,987210.875,1638584.75,491575.40625,730430.625,5526.2998046875,2081371.5,1,3,3,13
IND34196,42914,1995-03-28,BE44,69206.3203125,11412.240234375,1,2836.85009765625,264579.84375,687309.25,469661.3125,70105.5390625,596.400024414063,449243.75,2,1,3,14
IND31640,1755,2016-11-29,BE29,341626.90625,44359.140625,1,7977.9501953125,2348592,1338614.5,607598.0625,225570.796875,28764.6796875,3336500.5,3,5,4,15
IND15111,18192,2012-06-30,BE37,346235.3125,26283.4609375,3,10135.91015625,2092196.5,482897.71875,159899.90625,83147.953125,89851.21875,2314479.25,1,3,4,16
IND22504,16229,1999-05-16,BE33,87521.390625,14406.83984375,2,1151.94995117188,197807.71875,0,0,0,10225.98046875,281898.15625,0,1,1,17
IND33992,7472,2006-10-31,BE36,87223.6484375,28271.259765625,1,948.359985351563,1280885,778015.3125,386431.46875,87591.1328125,436.160003662109,874975.1875,0,2,2,18
IND89837,42444,2003-02-05,BE06,20835.630859375,17758.98046875,1,3220.07006835938,369469.71875,439865.4375,142402.484375,203635.546875,85.9400024414063,696209.625,0,1,3,19
IND39449,17141,1996-06-21,BE03,88044.4765625,32454,1,797.940002441406,1378714,1800941,914323.9375,343841.21875,37149.83984375,1556729.5,2,2,4,20
IND74203,14142,2005-01-12,BE22,308476.78125,45987.12109375,1,7131,501679.15625,1472296.75,686408.625,317638.09375,22795.3203125,2438528.75,0,2,1,21
IND51348,40298,2009-08-04,BE18,216752.375,16555.859375,1,42.5999984741211,48703.8515625,188233.40625,61662.671875,83504.2265625,19594.419921875,902074.875,3,2,1,22
IND66999,5219,2018-09-08,BE09,85439.6171875,4171.2998046875,1,232.050003051758,577537.8125,289254.1875,474376.84375,101007.5625,12560.7998046875,623384.625,1,2,1,1
IND42138,42635,1999-01-19,BE15,353717.03125,31925.189453125,1,1137.46997070313,790745.25,408104.625,222914.28125,90023.078125,59105.19140625,1978040.875,2,4,2,2
IND23112,33558,1996-06-26,BE46,464731.125,52498.8984375,3,201.130004882813,2252516.25,3170634,1163903.625,497267.8125,82766.640625,3825962,0,5,2,3
IND93187,8786,2020-03-11,BE49,103645.1328125,12807.6796875,3,315.519989013672,75436.921875,195183.265625,203794.28125,99887.8984375,13910.9501953125,166460.953125,0,1,3,4
IND35276,30391,2005-01-08,BE26,347361.125,40479.12109375,1,1948.71997070313,118671.5390625,431263.65625,499357.90625,177499.046875,17560.509765625,944809.75,0,4,3,8
IND52692,12576,1995-03-27,BE40,87143.84375,19565.650390625,2,1164.73999023438,399335.5,476989.03125,303538.46875,149745.65625,48907.2890625,415459.6875,3,2,3,9
IND92250,41581,2006-08-10,BE28,35192.7109375,13999.4599609375,3,3474.81005859375,265143.34375,862058.4375,298404.84375,434013.28125,22859.400390625,406651.8125,2,1,3,10
IND42511,25175,2001-08-29,BE17,291604.59375,72974.078125,1,3032.6298828125,1882435.75,94983.7109375,44992.28125,29128.33984375,67470.078125,1139808.375,2,5,3,11
IND88769,801,2015-12-08,BE33,106468.9765625,20277.26953125,1,1540.27001953125,67922.59375,267912.34375,233343,230577.453125,3653.11010742188,529449.625,1,1,3,12
IND34775,10084,2017-04-03,BE02,452587.96875,46947.1015625,1,8298.25,1511425,936493.6875,442025,211947.25,44945.69140625,2893659.75,3,5,3,13
IND89996,30093,2010-08-05,BE37,84560.8515625,41988.421875,3,5094.56982421875,750123.75,628956.625,647187.25,309282.59375,10685.33984375,725223.25,2,4,4,14
IND64241,40635,2008-10-03,BE37,179780.59375,36389.6796875,1,979.340026855469,275392.125,166278.84375,229464.8125,96907.3125,5632.93017578125,215303.453125,2,2,4,15
IND87995,22283,2005-08-09,BE31,452924.375,66014.6015625,1,10513.169921875,1421149,1848766.5,667224,831249.875,108653.2265625,633801.5625,0,4,3,1
IND40619,13117,2021-09-06,BE38,394018.59375,10300.2900390625,3,2433.89990234375,209188.234375,152238.453125,63902.55859375,91794.1484375,44748.6015625,557429.6875,0,4,1,2
IND83760,2875,2006-02-04,BE43,280497.84375,35418.6484375,1,1336.15002441406,521602.5625,160756.046875,133963.375,181743.640625,366.279998779297,675118.3125,2,4,2,3
IND70928,14000,2020-07-31,BE41,169503.625,12138.509765625,1,1358.23999023438,1115260.625,686288.9375,242219.625,334493.78125,22528.130859375,97121.6015625,2,2,3,4
IND38406,4193,2021-09-30,BE20,112823.203125,8768,2,665.599975585938,274672.40625,407859.59375,130515.0703125,199688.0625,36479.6015625,876854,2,1,4,5
IND37475,25258,2001-03-10,BE23,77915.6171875,67612.15625,1,6047.43017578125,515246.09375,871132.9375,189682.171875,364119.53125,56082.21875,275673.125,3,4,1,6
IND46069,16950,2003-12-26,BE08,116590.7890625,38810.3515625,2,4881.5,398191.5,1393024.75,737483.6875,342169,66497.140625,951852.75,2,5,1,7
IND84868,4610,2007-02-07,BE40,54649.3203125,24291.119140625,2,3712.26000976563,697889,1542258,749708.75,359860.1875,49325.671875,951282.0625,3,1,1,8
IND53486,31441,2020-10-21,BE34,130303.796875,63305.19921875,3,4553.580078125,327538.78125,154279.09375,199804.09375,45145.609375,48332.23046875,161678.34375,1,5,2,9
IND18304,491,2003-12-16,BE23,435965.84375,27665.400390625,1,1785.83996582031,588309.125,298830.625,292854.03125,167643.984375,35978.87890625,408969.96875,2,4,2,10
IND47238,17906,2015-07-06,BE27,186960.09375,44350.859375,1,3059.34008789063,546975,339973.40625,428114.65625,161172.578125,8286.7998046875,369822.8125,1,4,3,11
IND97355,15772,2007-02-11,BE06,249247.90625,23695.98046875,1,5708.06005859375,384541.78125,711965.625,221759.78125,445036.875,35409.48046875,577821.1875,1,2,3,12
IND77366,10078,2009-03-12,BE19,61572.9296875,22273.859375,3,3102.69995117188,1093201.25,176252.265625,69021.859375,57485.3515625,24617.990234375,746369.8125,3,1,3,13
IND46865,39048,1995-09-23,BE27,142319.84375,21429.66015625,1,3573.89990234375,730441.5,459302.34375,240763.3125,102417.0078125,32473.1796875,1526808.25,1,2,3,14
IND32633,33032,2020-11-29,BE12,169516.59375,41713.6015625,1,4112.75,0,1517817.5,962518.375,181891.296875,50582.19921875,570214.9375,3,2,3,15
IND37253,22542,1996-08-07,BE33,221535.359375,45449.6015625,1,5489.02001953125,744578.375,259142.875,124246.578125,163828,22263.25,126688.8671875,3,3,3,16
IND66559,17648,2014-05-09,BE08,394720.78125,52648.05078125,1,309.350006103516,439377.4375,342667.5625,342667.5625,177132.78125,294.570007324219,990902.0625,2,4,3,17
IND62312,30284,2019-11-15,BE37,228140.828125,52079.71875,2,2337.85009765625,217282.0625,103753.7890625,101964.9296875,71536.453125,37695.3515625,81631.2578125,1,3,4,18
IND59076,28331,2001-05-20,BE23,184260.296875,19082.669921875,3,1897.09997558594,336147.625,0,0,0,44824.2109375,1552857.125,3,2,4,19
IND23792,10353,2005-03-16,BE23,40845.83984375,22674.990234375,1,3423.669921875,687135.8125,914994.5625,359687.5,160092.484375,66224.71875,1168043.875,3,2,3,20
IND18657,13821,2001-10-22,BE18,139358.03125,11286.8798828125,1,213.259994506836,231925.546875,286708.15625,268210.875,106821.921875,30905.16015625,836814.75,0,2,1,21
IND55471,313,1999-09-30,BE05,270692.5625,38827.1015625,1,1345.56005859375,835384.75,1263252.5,400543.46875,545047.1875,54201.30078125,770874.6875,3,2,2,22
IND28379,36599,2006-03-11,BE28,54700.23828125,29622.400390625,1,3541.35009765625,265582.09375,435820.84375,201648.453125,77862.3203125,15949.75,893129.8125,2,1,3,1
IND29049,24484,2008-06-18,BE10,411125.75,9998.400390625,3,3822.75,653284.3125,280994.875,142594.421875,177152.59375,7156.669921875,1239016,3,3,4,2
IND22892,38952,2020-08-28,BE01,126016.1171875,31082.220703125,2,732.659973144531,203806.65625,33299.91015625,33820.23046875,10562.3203125,43534.26171875,905489.5625,2,3,1,3
IND92064,36787,2021-10-30,BE03,169727.3125,53766.30078125,2,2239.10009765625,398582.875,267088.4375,121760.8984375,322509.28125,45080.05859375,1048504.75,2,2,1,4
IND54924,36121,2010-10-03,BE45,209992.765625,16531.7109375,2,2378.67993164063,546984.375,1146228.625,501475.0625,253284.703125,5082.39013671875,1261583.5,1,2,1,8
IND87020,13519,2002-08-10,BE12,466402.03125,67065.2421875,2,3628.30004882813,104756.8984375,237131.984375,146795.984375,154474.546875,24173.1796875,136213.734375,3,5,2,9
IND70196,33144,2005-02-07,BE13,82630.859375,23365.259765625,1,1937.09997558594,806062.4375,890641.9375,608985.9375,152246.484375,28605.380859375,1704234.75,0,3,2,10
IND95448,7672,2013-07-03,BE22,197079.3125,4499.2001953125,1,2994.28002929688,174709.53125,333012,208132.515625,380882.5,20689.509765625,425680.25,1,3,3,11
IND68024,13696,2015-12-25,BE30,82356.1328125,27260.900390625,1,482.190002441406,332169.78125,115980.828125,161935.484375,55758.328125,9475.150390625,298593.21875,2,1,3,12
IND87284,30616,2010-11-05,BE09,119002.9765625,42132.859375,1,8976.8095703125,449082.34375,532750.125,146318.703125,260897.5,16498.310546875,1261270.75,2,3,3,13
IND60030,13121,1996-03-09,BE47,164075.796875,19486.720703125,2,2610.69995117188,408043.59375,304826.375,383491.25,98429.421875,1193.5,663236.25,1,2,3,14
IND88473,28151,2004-05-09,BE02,154599.34375,19384.6796875,1,2164.40991210938,858079.625,2264886.5,1215304.875,719976.0625,94639.59375,1048858.375,2,5,3,15
IND48318,38500,2016-12-08,BE10,311977.5625,5713.3701171875,1,2022.23999023438,451985.21875,1397639.75,962525.5,288362.09375,47955.671875,1789597.75,0,2,3,1
IND27796,11908,2007-11-27,BE39,149541,26054.33984375,2,2337.9599609375,247974.359375,430087.03125,360718.15625,64096.83984375,14247.9404296875,477028.125,1,1,3,2
IND91449,43082,2012-12-07,BE41,57241.140625,18617.19921875,1,2953.64990234375,196928.90625,383668.25,168814.03125,162982.265625,28674.099609375,171255,0,1,4,3
IND19945,27603,2019-02-15,BE15,40099.98828125,12527.2001953125,1,4019.53002929688,206729.84375,303177.125,151588.5625,81560.59375,50014.83984375,711181.6875,2,2,4,4
IND23675,43206,2004-09-24,BE30,99307.7890625,15352.0400390625,2,2125.40991210938,334195.3125,260018.703125,156805.171875,24592.609375,9826.8095703125,79778.2265625,2,1,1,5
IND27188,42824,2020-11-09,BE04,30532.880859375,7660,1,1443.48999023438,929387,1646094.25,708445.625,206699.421875,52040.78125,1296770.5,3,1,2,6
IND76385,42929,2017-04-08,BE01,97862.34375,42803.08984375,1,361.239990234375,841109.5625,403053.65625,317297.5625,117057.0703125,27709.560546875,401526.78125,3,2,3,7
IND50214,21340,2021-10-31,BE49,298069.65625,57630.5,1,1967.72998046875,238783.15625,563604.8125,338162.875,433715.5625,10461.5400390625,670696.75,2,3,4,8
IND86957,6267,2021-06-06,BE38,44796.75,11829.5,1,3608.09008789063,306349.21875,359209.21875,187551.703125,148579.09375,47774.7109375,998172.5,1,2,1,9
IND96568,28072,2009-08-18,BE04,174889.484375,36223.6015625,1,746.200012207031,497514.28125,554546.125,459867.53125,266182.15625,18409.7890625,226629.4375,3,2,1,10
IND74432,41029,2014-04-11,BE13,393650.34375,41991.37890625,1,5581.1298828125,166158.234375,630755.25,227071.875,632353.125,19709.51953125,1197555,1,3,1,11
IND71551,2864,2004-09-21,BE42,144148.4375,9082.919921875,1,794.530029296875,552717.375,651520.1875,201798.296875,378515.9375,23396.240234375,590584.625,2,2,2,12
IND85827,14946,2009-12-27,BE46,439928.1875,63045.69921875,1,6965.240234375,1589129.5,953947.8125,219054.6875,550957.8125,104839.5390625,2311407.25,3,3,2,13
IND20637,23011,2013-02-02,BE01,151421.25,4918,3,2228.28002929688,192468.15625,594917.125,262275.3125,215129.703125,22225.140625,361838.8125,2,2,3,14
IND37323,4129,2006-11-13,BE45,188204.4375,41312.98046875,1,1152.16003417969,459810.5625,183174.359375,269941.15625,36506.328125,4446.56005859375,227628.015625,0,2,3,15
IND37456,20440,2000-01-12,BE31,86005.359375,18062.400390625,1,5543.91015625,818029.8125,220878.09375,104387.59375,33298.12890625,11336.01953125,1086248.75,3,1,3,16
IND34064,35585,2002-01-31,BE46,89364.75,39622,1,1411.88000488281,294246.875,1238231.25,614162.6875,255967.15625,46099.37890625,504091.875,0,2,3,17
IND47756,12057,2019-05-08,BE04,330149.9375,14865.4296875,1,384.890014648438,390786.09375,501416.03125,241754.15625,164750.984375,58429.5390625,274437.53125,0,3,3,18
IND99980,25059,2018-06-27,BE18,89200.25,5597.72998046875,1,2191.56005859375,105791.0234375,309048.59375,260759.75,277660.84375,5524.56982421875,96138.109375,0,1,3,19
IND51488,4293,2016-02-03,BE46,129036.1484375,9152.5498046875,2,536.280029296875,395870.8125,117544.1328125,44852.37109375,91143.1015625,7191.56005859375,303880.875,1,2,3,20
IND20002,41683,2004-04-03,BE45,279877.46875,47796.44921875,1,3379.44995117188,288749.21875,26183.51953125,12902.0302734375,14025.259765625,5133.52978515625,645523.375,1,2,4,21
IND27704,1523,2013-04-25,BE20,141549,30838.5,2,992.969970703125,900799.25,183434.484375,88120.4921875,57781.859375,30755.55078125,146344.5,2,2,4,22
IND18899,849,2016-11-21,BE21,74899.5078125,14461.16015625,1,1206.52001953125,108088.1171875,310841.15625,155420.578125,85481.3203125,19600.279296875,308273.84375,2,1,1,1
IND40674,38349,2007-11-02,BE26,63218.12109375,11853.4501953125,3,1878.42004394531,309301.0625,0,0,0,34711.55859375,264123.125,3,2,2,2
IND49390,22708,2021-09-16,BE45,199522.90625,10202.0400390625,1,5646.66015625,768462.625,914288.1875,240927.296875,309004.6875,37545.26171875,851385.75,2,2,3,3
IND58018,36561,2003-03-10,BE18,332158.75,39265.80078125,2,4983.89013671875,717717.5,302394.0625,191696.234375,69685.6328125,11267.650390625,417029.96875,0,2,4,4
IND31659,15606,2002-09-08,BE04,236135.046875,36389.3984375,3,678.969970703125,660778.6875,1667020.5,730082,321236.0625,20291.890625,1944674.5,0,2,1,8
IND62967,35638,2020-05-18,BE48,95425.3984375,21074.73046875,1,5764.8701171875,781565.0625,1651345.625,658055,542709.125,25565.130859375,1380915,1,2,1,9
IND85018,3747,2018-03-14,BE15,26233.91015625,4819.5,1,2928.64990234375,293246.34375,589373,292210.125,227428.640625,8724.900390625,202155.53125,0,1,1,10
IND15294,12094,2002-05-04,BE01,66477.6796875,7540.830078125,2,1939.60998535156,232533.109375,569217.375,359745.375,49726.828125,21058.310546875,226707.859375,3,1,2,11
IND76668,40309,2021-12-19,BE31,147317.84375,20100.9609375,1,1311.93994140625,204350.015625,323213.5625,92725.203125,180814.140625,33590.3515625,784757.5,2,2,2,12
IND24384,31717,2015-02-26,BE40,63442.7890625,14667.83984375,1,3286.06005859375,331693.90625,521012.09375,109686.7578125,169230.984375,38674.26953125,238850.984375,2,1,3,13
IND20755,32629,1996-07-10,BE27,241146.796875,11445.83984375,1,1104.26000976563,95355.84375,19577.6796875,24549.7890625,3719.76000976563,32380.689453125,476097.96875,2,2,3,14
IND70347,15035,2005-12-05,BE48,50180.0703125,30793.4609375,1,860.890014648438,332227.15625,1003245.9375,441680.59375,189291.6875,55879.359375,1193842.375,0,2,3,15
IND84219,33784,2015-03-02,BE33,135310.875,16960.05078125,2,3381.88989257813,444838.53125,399816.78125,138779.375,214645.453125,49777.1015625,1393780,1,2,3,1
IND30192,11873,2000-08-25,BE33,31882.91015625,15895.599609375,1,1935.06994628906,60573.71875,108607.09375,95978.359375,19700.8203125,21957.830078125,84417.2578125,0,1,3,2
IND27266,4417,2018-05-07,BE12,215081.703125,10420.919921875,2,7017.8701171875,1476984.75,144968.59375,41419.6015625,32683.830078125,6734.2998046875,2088728,3,2,3,3
IND88327,26793,2012-04-15,BE48,168035.75,27763.150390625,1,2059.73999023438,254923.046875,135917.4375,118927.75,142349.234375,6375.06982421875,226957.984375,3,1,3,4
IND27052,11142,2003-04-05,BE26,64108.75,20876.310546875,1,864.010009765625,226693.6875,32563.9296875,43813.2890625,9544.1904296875,2223.51000976563,374480.125,1,1,4,5
IND58319,9376,2015-08-29,BE14,224773.671875,22141.439453125,1,2086.31005859375,650006.6875,935505.5,254312.1875,582011.5625,47460.75,680615.4375,3,2,4,6
IND45051,17171,2013-09-29,BE19,65898.2265625,13763.6103515625,1,7471.14990234375,1279521.375,227354.4375,114558.4375,48114.5390625,6104.18994140625,1630255.875,3,2,1,7
IND12704,26956,2020-08-23,BE05,45810.98046875,18919.41015625,1,4601.97021484375,582740.25,319216.375,235784.8125,63480.53125,7853.7099609375,865551.1875,3,2,2,8
IND80231,36329,2020-12-12,BE43,57744.83984375,7563.77978515625,2,2413.34008789063,648104.3125,609698.125,248960.0625,279851.4375,5495.16015625,1394768.75,0,2,3,9
IND91902,41106,2013-01-01,BE20,106275.03125,28488.75,2,4931.52978515625,1322088,1012792.3125,428172.34375,466378.5,7746.169921875,1059457,3,2,4,10
IND86434,1276,2002-09-17,BE45,87806.8828125,13886.3603515625,2,1428.18994140625,204238.40625,605982,207309.625,369649,15754.080078125,737892.5625,3,1,1,11
IND96193,21076,2009-07-28,BE35,59897.6484375,4594.85986328125,1,125.209999084473,756748.25,1498393.75,926487.75,265135.625,6216.6298828125,1601429.75,0,2,1,12
IND15796,8663,2011-03-07,BE12,410710.5625,32365.01953125,1,9844.080078125,0,1699245.625,1014475,131881.75,6388.47998046875,490663.71875,2,3,1,13
IND98793,10650,2004-10-16,BE08,168418.921875,12056.8798828125,1,6654.68994140625,817681.5,787307.4375,284489.25,467620.9375,27763.099609375,369280.9375,1,2,2,14
IND34695,10152,2019-02-17,BE14,86127.4609375,19549.3203125,1,3961.25,594368.125,557125.875,267269.84375,75324.921875,18824.529296875,842638.875,3,1,2,15
IND16655,35922,2019-02-14,BE39,176353.609375,8156.85009765625,2,2873.64990234375,876493.5,888786.1875,389373,242257.71875,45692.1796875,240577.296875,1,2,3,16
IND18544,24025,2004-01-08,BE23,263795.03125,25800,1,339.339996337891,76861.421875,314269.0625,197964.765625,27220.150390625,22091.900390625,1956634.125,3,3,3,17
IND32922,12562,2020-05-07,BE35,31019.080078125,19674.900390625,1,312.739990234375,237786.125,39702.859375,28914.0390625,9541.6298828125,15875.740234375,219435.8125,2,1,3,18
IND77237,1375,2013-04-04,BE03,383780.4375,42927.19921875,2,1184.0400390625,703401.6875,94039.359375,85358.796875,62876.16015625,23204.7890625,457061.5625,3,5,3,19
IND26295,38842,2017-01-28,BE10,120861.2109375,19354.830078125,2,2701.21997070313,419898.8125,523836.09375,217336.25,207361.0625,27609.0390625,715354.6875,1,1,3,20
IND36962,9600,2020-07-21,BE49,34790.12890625,3728.63989257813,1,860.080017089844,313934.96875,193911.296875,158899.53125,78399.40625,7278.10986328125,98574.796875,2,1,3,21
IND32434,40304,2021-11-12,BE41,27539.4609375,19192.3203125,2,2156.0400390625,481823.3125,200763.09375,48260.359375,97003.3203125,17716.900390625,130619.5078125,2,1,3,22
IND23721,18963,2007-05-10,BE17,141027.421875,19663.48046875,2,2029.40002441406,264240.75,207162.4375,76323,115792.8984375,25234.48046875,457641.71875,2,1,4,1
IND23827,41443,2020-08-19,BE29,228548.875,8979.76953125,3,2896.67993164063,860931.4375,525947,568362.0625,165164.328125,20047.7890625,1133260.375,3,3,4,2
IND30551,20017,2021-11-07,BE24,316713.75,42890.3984375,1,7342.33984375,894287.8125,744622.5625,554137.75,202606.609375,10649.5498046875,1838172.75,3,5,1,3
IND27518,8597,2016-04-15,BE03,336871.5625,7570.5498046875,1,4649.330078125,215789.59375,379581.875,228420.953125,67720.1015625,79203.8984375,693683.875,1,5,2,4
IND45324,39551,2014-06-13,BE26,44224.87890625,17692,1,4697.10986328125,762270.0625,729015.75,254656.1875,190842.34375,3881.85009765625,785649.9375,2,1,3,8
IND47775,40638,2018-11-28,BE36,137731.78125,11108.16015625,1,7701.509765625,1449640.875,2077864.5,790173.8125,538488.8125,40259.390625,1262692.5,2,2,4,9
IND64118,23884,2013-04-11,BE32,94397,33143.4609375,1,3804.32006835938,474383.34375,868683.625,637566,149828,13164.5,487920.03125,1,1,1,10
IND69719,3487,2016-01-21,BE40,87687.3203125,44036.80078125,3,2984.52001953125,859192.4375,207515.078125,163827.6875,198231.515625,43955.2890625,243249.046875,0,4,1,11
IND36598,2882,2012-06-24,BE05,101645.4375,23677.349609375,2,4525.419921875,53021.328125,770258.3125,575256.25,279828.03125,41470.12109375,614036.625,0,2,1,12
IND91994,13896,2012-04-19,BE34,52296.26171875,46332.69921875,2,1772.68994140625,631681,172082.84375,86041.421875,182025.40625,31993.390625,92358.3203125,0,2,2,13
IND74106,4760,1996-01-16,BE30,277253.0625,38829.05078125,2,1605.76000976563,100554.4765625,976917.75,390767.09375,226400.6875,41096.640625,214084,0,2,2,14
IND70950,22794,2021-07-11,BE24,255576.671875,25252.5,3,5523.64990234375,174909.0625,456995.625,422720.96875,148523.578125,11069.759765625,169578.234375,1,3,3,15
IND48642,26628,2015-05-06,BE28,270928.5,29568,1,2521.61010742188,485193.8125,264557.53125,183155.21875,181323.671875,27704.0390625,240601.734375,1,2,3,1
IND30520,12086,2001-04-22,BE30,126351.8984375,47758.71875,1,5420.419921875,815068.75,1020976.75,662548.75,275337.875,52366.87109375,699367.25,1,2,3,2
IND94062,29597,2014-12-26,BE39,85500.8515625,11324.9599609375,1,2592.85009765625,196662.46875,336743,270342.96875,244731.546875,9086.26953125,587666.5,2,1,3,3
IND89076,31009,2017-04-15,BE49,252503.5625,25967.51953125,1,6347.97998046875,1156608.25,689154.1875,492253,142753.375,48764.62109375,1019597.625,3,2,3,4
IND44502,24866,2008-06-24,BE04,367602.46875,65369.4609375,2,11370.2099609375,1433460,473855.625,261104.125,47159.921875,79138.921875,1423811.625,3,4,3,5
IND88994,2938,2011-07-23,BE26,144158.234375,3163.86010742188,1,4648.39013671875,687574.1875,628718.3125,262421.5625,329776.40625,454.019989013672,755723.0625,1,1,3,6
IND64701,24440,1995-03-07,BE06,184903.796875,37937.12109375,1,5112.169921875,237716.765625,1553374.75,830874.875,354627.03125,56720.83984375,1240572.875,2,2,4,7
IND23199,25019,2020-03-02,BE32,277766.375,18008.419921875,1,7988.18017578125,851536.0625,2632942.25,469569.3125,712403.75,80786.78125,426974.25,1,2,4,8
IND26254,31324,2001-04-11,BE33,105404.4296875,17980.900390625,1,4819.4501953125,380188.84375,1356428.625,563045.875,176932.890625,34240.51953125,189334.34375,3,1,1,9
IND26157,28935,2019-08-24,BE14,50428.6015625,31048.080078125,1,3796.17993164063,833551.25,363898.125,266184.71875,43162.359375,40967.33984375,392059.1875,1,1,2,10
IND15640,38027,2005-09-07,BE42,98968.4375,16991.69921875,1,2510.51000976563,314046.53125,54931.96875,19316.740234375,21344.990234375,12134.8203125,738231.0625,1,1,3,11
IND30423,23952,2021-07-09,BE19,44111.91015625,14483.419921875,1,5583.31005859375,155020.9375,1616824.875,469753.1875,404752.4375,31626.69921875,1067838.125,2,2,4,12
IND96496,13022,2008-12-15,BE15,315769.15625,33274.078125,2,10279.5498046875,923741.3125,1485080.75,847123.5625,242423.75,76188.90625,1716789.875,0,3,1,13
IND86268,29091,2021-10-22,BE45,91082.65625,18031.80078125,1,6843.47021484375,1480193.125,1139558.375,575534.5625,656109.375,2065.21997070313,655237.0625,1,3,1,14
IND94102,39181,2005-05-15,BE25,226527,38478,2,2464.02001953125,156791.703125,289123.03125,236302.484375,50040.53125,12450.3603515625,1649984.75,0,3,1,15
IND89960,26475,2017-08-14,BE44,259991.8125,60147.8984375,1,482.519989013672,297362.59375,511215.375,519329.90625,341784,30607.23046875,561820.4375,1,4,2,16
IND16977,41718,2004-03-13,BE21,118779,26405.439453125,1,4337.2900390625,864529.8125,357572.125,130896.9375,99832.859375,26691.720703125,1227305.625,2,1,2,17
IND49418,18528,2000-08-02,BE20,84498.1171875,12012.349609375,1,82.3099975585938,83669.953125,369716.65625,269793.25,188455.5625,28525.380859375,337037.78125,2,2,3,18
IND90745,28611,2013-01-12,BE32,92136.0390625,2445.80004882813,2,422.089996337891,55529.609375,379297.09375,254024.65625,109926.5625,11912.259765625,0,2,1,3,19
IND26350,22320,2007-04-03,BE40,192675.546875,10407.6298828125,1,2947.14990234375,28459.91015625,340772.8125,289140.59375,138580.953125,5345.43017578125,255465.375,0,2,3,20
IND13447,42504,1996-10-14,BE03,84509.078125,39052.01953125,2,2304.55004882813,123482.46875,227737.078125,67778.890625,101668.34375,6252.6201171875,745954.1875,0,2,3,21
IND52771,18680,2008-03-10,BE44,46499.8984375,31092.599609375,2,187.600006103516,1057156.5,970917.6875,411904.46875,271856.9375,21346.720703125,711112.9375,1,2,3,22
IND36809,31469,2008-03-14,BE24,417931.78125,30222.359375,2,4863.89990234375,1890417.125,1586142.625,445423.625,455092.59375,13918.41015625,699281,0,3,3,1
IND79287,14645,2021-07-10,BE43,88340.5078125,38996.01171875,1,3161.2900390625,1289173.5,1084092.625,519271.21875,423069.40625,8990.349609375,1844060.875,0,2,3,2
IND28199,30301,2002-02-28,BE23,159658.34375,46425.078125,1,7303.14990234375,505419.34375,672708.875,396030.25,92280.46875,18714.099609375,587672.125,2,2,4,3
IND34414,41705,2013-04-30,BE14,30131.939453125,22158.759765625,2,1388.25,898475.8125,243778.09375,153965.109375,41313.96875,26473.740234375,592878.75,1,1,4,4
IND36046,13992,2019-11-26,BE03,72194.171875,5631.990234375,1,5416.7001953125,1010095.4375,688654.25,319243.6875,95773.109375,42546.26171875,1258668.375,1,1,1,8
IND96031,9870,2020-07-28,BE34,255872.40625,61134.83984375,2,1307.55004882813,474724.09375,247129.875,213933.3125,188999.03125,44099.078125,574296.125,3,3,2,9
IND43923,10246,2021-10-11,BE14,333480.28125,3496.56005859375,1,1386.18005371094,900474.1875,336146.625,253977.453125,92029.4765625,4713.009765625,610168.25,2,2,3,10
IND73608,42372,1995-05-29,BE18,167464.75,8805.349609375,1,2834.42993164063,741852.75,439503.75,166383.5625,151974.125,57747.48046875,1970082.375,3,2,4,11
IND31048,27841,2000-08-24,BE30,238459.671875,20385.279296875,1,595.799987792969,463876.875,104868.5,76678.0390625,23815.30078125,21465.890625,953332.4375,0,2,1,12
IND57498,18352,2012-01-12,BE38,95532.9375,17243.19921875,1,5413.39990234375,890014.5,866277.3125,794936.8125,199549.53125,7012.330078125,1310695.75,2,2,1,13
IND79604,19032,2021-01-12,BE24,110486.1015625,22062.30078125,2,2893.55004882813,476369.90625,316284.625,182471.90625,240862.921875,16569.76953125,651320.8125,3,3,1,14
IND53269,10900,2000-07-10,BE19,106918.0703125,35970.53125,1,2429.31005859375,446184,631578.0625,231845.109375,482477.65625,23025.33984375,996484.5,2,2,2,15
IND28717,18331,2002-02-18,BE24,331238.875,8925,2,10573.1796875,573374.9375,563685,228997.015625,78915.8984375,96109.5703125,1239125.375,2,2,2,1
IND14040,22539,2017-03-30,BE44,372641.0625,29141.25,1,3392.01000976563,2021102.125,518507,254170.09375,43208.921875,88126.8515625,1361037.125,2,3,3,2
IND33384,3603,2015-01-27,BE41,207638.8125,49963.5,1,7462.89013671875,1057710.125,308029.90625,125041.84375,122358.0234375,38567.359375,608444.4375,2,3,3,3
IND43946,33270,1999-09-25,BE27,279296.09375,30254.640625,3,9442.2998046875,1786786.5,568965.625,135078.171875,211172.203125,20722.310546875,2354993,1,3,3,4
IND85232,33822,2007-12-02,BE33,162784.578125,34174.16015625,1,2618.78002929688,442697.4375,58207.6796875,32741.8203125,65774.6796875,39250.05078125,557886.6875,3,3,3,5
IND43081,42699,2003-05-07,BE24,113891.5234375,56913.94140625,1,9281.5,1248671.25,745329.3125,379565.875,236020.953125,36202.76953125,1881374.5,2,4,3,6
IND71997,14287,2004-10-29,BE28,461480.84375,9069.3603515625,1,12607.6796875,2015853,2769328.75,1384664.375,466170.34375,117791.28125,1768358.25,2,5,3,7
IND97485,15417,2000-02-05,BE48,26242.26953125,25467.419921875,1,387.940002441406,175431.65625,88257.4296875,137289.34375,32164.9296875,14540.9404296875,215948.28125,3,1,3,8
IND50522,12258,2019-11-03,BE02,105422.828125,27422.599609375,1,1198.9599609375,144323.8125,191149.265625,139017.65625,173076.984375,28835.30078125,392190.59375,1,2,4,9
IND53714,40018,2006-06-13,BE19,84024.4921875,11405.9404296875,1,452.089996337891,57322.359375,31912.55078125,31456.66015625,12012.7998046875,8583.849609375,126598.84375,0,1,4,10
IND80089,18443,2009-12-31,BE43,49460.078125,6300.02978515625,2,1767.15002441406,266081.8125,1062716.375,180592.328125,555113.0625,12721.9697265625,996771.0625,3,1,1,11
IND62555,25447,2004-05-05,BE06,34449.05078125,4568.47998046875,1,1172.33996582031,191498.296875,60424.78125,73560.609375,13030.740234375,2439.72998046875,207921.84375,3,1,2,12
IND34231,12247,2011-12-06,BE10,361904.1875,32874.8203125,1,1657.56005859375,137593.125,133990.390625,151989.09375,32637.66015625,9074.759765625,1217782.75,3,3,3,13
IND50427,4016,2004-09-05,BE48,269208.1875,5071.0400390625,1,703.25,302274.90625,268683,133062.0625,100717.7421875,41230.80859375,1011803.875,3,4,4,14
IND93386,28538,2001-06-10,BE28,133980.140625,18944.3203125,1,3539.39990234375,71586.2421875,166042.890625,125963.5703125,77868.390625,2258.01000976563,540310.0625,3,2,1,15
IND34216,39519,2021-03-06,BE16,188137.984375,25467.439453125,1,3128.64990234375,34893.6484375,354346.84375,383471.21875,69316.0703125,2860.01000976563,122603.2734375,2,2,1,16
IND19004,21289,2021-02-04,BE30,85056.25,13654.25,1,2557.80004882813,184405.203125,116331.15625,70199.84375,16547.099609375,17304.30078125,356630.125,1,1,1,17
IND68883,7439,2020-08-27,BE09,47530.5,16986.580078125,1,524.530029296875,294164.59375,806418.625,173604,378680.75,17498.330078125,751371.375,0,1,2,18
IND54095,24211,2003-03-23,BE43,87354.9609375,24324.48046875,1,3154.76000976563,633456.875,440233.96875,344711.5,60719.05859375,6205.64990234375,148044.75,3,1,2,19
IND38266,2153,2000-10-26,BE27,356554.0625,56073.05859375,1,5081.16015625,366610.71875,467088.25,344170.28125,194702.046875,21227.119140625,1526518.75,2,3,3,20
IND20371,35055,2021-11-26,BE37,268794.78125,63134.640625,1,679.799987792969,826351.875,194305.0625,207705.421875,71289.859375,15595.9501953125,994980.5,1,3,3,21
IND46101,11767,2020-02-05,BE47,40905.19921875,17747.19921875,3,4751.2099609375,295892.53125,459765.96875,161216.640625,108492.828125,55837.94140625,271131.15625,3,1,3,22
IND25443,15302,2006-09-02,BE28,138824.953125,33081.12109375,1,6020.66015625,230104.90625,832390.5625,164287.609375,233836.03125,9360.76953125,1184699,2,2,3,1
IND87264,27493,2019-03-18,BE46,261310.765625,53906.578125,2,4370.72998046875,239312.890625,56422.66015625,48362.28125,36755.328125,28253.859375,963979.375,2,3,3,2
IND93571,17409,2021-01-31,BE06,132736.5,5535.5,1,4982.4501953125,735646.9375,594521.875,178745.140625,251797.5,46966.41015625,1909515.75,1,2,3,3
IND62324,30536,2021-07-19,BE23,119770.6015625,7387.2001953125,3,1087.15002441406,237403.0625,758957.5,469173.71875,205332.5,39506.01953125,1331721.125,1,2,3,4
IND78256,28972,2003-04-09,BE29,354554.28125,31096.7109375,2,10373.6904296875,243447.75,964355,259897.09375,453725.625,77374.9921875,2161599,3,3,4,8
IND83513,4237,2003-05-16,BE25,54958.08984375,2458.80004882813,2,2719.98999023438,518893.625,918754.75,599526.4375,198778.046875,33308.98828125,406620.6875,2,1,4,9
IND99892,1379,2019-06-07,BE34,474482.25,70427.703125,1,1070.78002929688,1601301.25,1020310.1875,637693.875,429217.03125,850.820007324219,2141716,3,4,1,10
IND80022,43271,2019-05-15,BE16,64821.19921875,26607.359375,1,810.799987792969,1119510.375,197108.90625,106844.078125,83559.4375,21577.359375,262611.21875,2,2,2,11
IND24501,20935,2003-01-02,BE16,353210.84375,32236.83984375,3,2521.03002929688,774648.5,324112.5625,324112.5625,87369.4765625,19955.58984375,177248.765625,2,2,3,12
IND93719,35434,2018-11-05,BE29,61624,22007.779296875,2,279.5,92992.3125,278099.9375,113034.171875,79662.1796875,59926.94140625,481021.15625,1,2,4,13
IND19589,27490,1996-05-22,BE05,322668.5,8959.2998046875,1,4241.509765625,895256,1184493.5,762894.125,134911.796875,36303.53125,913863.25,3,2,1,14
IND54576,7006,2002-09-17,BE01,52402.1015625,3479.96997070313,1,897.390014648438,308856.125,203854.765625,254818.453125,73047.9609375,7316.9501953125,373986.0625,2,1,1,15
IND47226,14369,2017-04-17,BE35,188476.484375,14241.419921875,1,5056.35986328125,438838.1875,1363870.25,556681.6875,296896.90625,50779.55078125,657055.1875,1,2,1,1
IND33338,21725,2007-08-11,BE43,174099.34375,28920.279296875,1,5063.31005859375,518109.46875,951121.875,260677.84375,301822.65625,3154.94995117188,923459.5,3,3,2,2
IND24309,6198,2019-01-21,BE41,297850.40625,53289.5390625,1,4327.91015625,990326.125,838261.625,630618.8125,83057.109375,13537.01953125,180596,3,5,2,3
IND66827,8760,2014-09-10,BE30,297617.125,61177.6015625,1,649.849975585938,223935.140625,1089957,532867.875,657849.625,12947.3095703125,1238859.875,1,3,3,4
IND40556,32837,2009-05-02,BE38,42397.4609375,33356.87890625,1,1639.0400390625,595902,136891.3125,56581.73828125,93195.609375,23205.689453125,277171.0625,1,2,3,5
IND72414,36088,2009-12-29,BE11,48339.87890625,18889.919921875,1,2352.84008789063,880493,214860.890625,158726.0625,35539.1484375,30291.810546875,502947.21875,2,2,3,6
IND46652,24871,2006-02-13,BE29,107265.8671875,11283.08984375,2,3578.61010742188,268625.03125,742630.25,404638.25,56411.328125,6413.14013671875,1538368.625,3,1,3,7
IND40216,38518,2005-08-12,BE19,56826.53125,8855.2998046875,1,1494.68994140625,285640.65625,65617.65625,77769.078125,32371.380859375,8992.3603515625,329412.5625,1,1,3,8
